Cliff Barker,1921,IN,Yorktown
Ralph Beard,1927,KY,Hardinsburg
Charlie Black,1921,ID,Arco
Nelson Bobb,1924,PA,Philadelphia
Jake Bornheimer,1927,NJ,New Brunswick
Vince Boryla,1927,IN,East Chicago
Don Boven,1925,MI,Kalamazoo
Harry Boykoff,1922,NY,Brooklyn
Joe Bradley,1928,OK,Washington
Carl Braun,1927,NY,Brooklyn
Frankie Brian,1923,LA,Zachary
Price Brookfield,1920,TX,Floydada
Bob Brown,1923,OH,Versailles
Jim Browne,1930,IL,Midlothian
Walt Budko,1925,NJ,Kearney
Tommy Byrnes,1923,NJ,Teaneck
Bill Calhoun,1927,CA,San Francisco
Don Carlson,1919,MN,Minneapolis
Al Cervi*,1917,NY,Buffalo
Leroy Chollet,1925,LA,New Orleans
Bill Closs,1922,TX,Edge
Jack Coleman,1924,KY,Burgin
Jack Cotton,1924,MT,Miles City
Dillard Crocker,1925,TN,Coffee County
Chink Crossin,1923,PA,Luzerne
Fran Curran,1922,IL,Sterling
Bob Davies*,1920,PA,Harrisburg
Hook Dillon,1924,GA,Savannah
Bob Doll,1919,CO,Steamboat Springs
Harry Donovan,1926,NJ,Union City
Dike Eddleman,1922,IL,Centralia
Gene Englund,1917,WI,Kenosha
Bob Evans,1925,IN,Indianapolis
Johnny Ezersky,1922,NY,New York
Bob Feerick,1920,CA,San Francisco
Arnie Ferrin,1925,UT,Salt Lake City
Jerry Fleishman,1922,NY,Brooklyn
Joe Fulks*,1921,KY,Birmingham
Elmer Gainer,1918,IL,Chicago
Harry Gallatin*,1927,IL,Roxana
Vern Gardner,1925,WY,Afton
Bud Grant,1927,WI,Superior
Don Grate,1923,OH,Greenfield
Alex Groza,1926,OH,Martins Ferry
Chick Halbert,1919,TX,Albany
Bruce Hale,1918,OR,Medford
Alex Hannum*,1923,CA,Los Angeles
John Hargis,1920,TX,Nacogdoches
Bob Harris,1927,TN,Linden
Bob Harrison,1927,TN,Linden
Marshall Hawkins,1924,WV,Huntington
Bill Henry,1924,TX,Dallas
Kleggie Hermsen,1923,MN,Hill City
Sonny Hertzberg,1922,NY,Brooklyn
Red Holzman*,1920,NY,Brooklyn
Gene James,1925,OH,Ironton
Tony Jaros,1920,MN,Minneapolis
Buddy Jeannette*,1917,PA,New Kensington
Arnie Johnson,1920,MN,Gonvick
George Kaftan,1928,NY,New York
Bob Kinney,1920,KS,Fort Scott
Walt Kirk,1924,IL,Mount Vernon
Leo Klier,1923,IN,Washington
Duane Klueh,1926,ND,Bottineau
Tony Lavelli,1926,MA,Somerville
Andrew Levane,1920,NY,Brooklyn
Freddie Lewis,1921,NY,Brooklyn
John Logan,1921,IN,Richmond
Ray Lumpp,1923,NY,Brooklyn
Ed Macauley*,1928,MO,St. Louis
John Mahnken,1922,NJ,New Jersey
John Mandic,1919,CA,Los Angeles
Slater Martin*,1925,TX,El Mina
Ariel Maughan,1923,UT,Salt Lake City
Matt Mazza,1923,NY,Niagara Falls
Dick McGuire*,1926,NY,Huntington
Bones McKinney,1919,NC,Lowlands
George Mikan*,1924,IL,Joliet
Vern Mikkelsen*,1928,CA,Fresno
Joe Mullaney,1925,NY,Long Island
Jerry Nagel,1928,IL,Chicago
Richie Niemiera,1921,IL,Chicago
Paul Noel,1924,KY,Midway
Jim Nolan,1927,GA,Macon
Johnny Norlander,1921,MN,Virginia
George Nostrand,1924,NY,Uniondale
Mike Novak,1915,IL,Chicago
Dick O'Keefe,1923,CA,San Francisco
John Oldham,1923,KY,Beaver Dam
Gene Ollrich,1922,IN,Whiting
Johnny Orr,1927,KS,Yale
Don Otten,1921,OH,Bellefontaine
Mac Otten,1925,OH,Bellefontaine
Easy Parham,1921,TX,Fort Worth
Jack Parkinson,1924,IN,Yorktown
Warren Perkins,1922,LA,New Orleans
Jack Phelan,1925,IL,Chicago
Andy Phillip*,1922,IL,Granite City
Jim Pollard*,1922,CA,Oakland
George Ratkovicz,1922,IL,Chicago
Don Ray,1921,TN,Mt. Juliet
Arnie Risen*,1924,KY,Williamstown
Tex Ritter,1924,KY,Richmond
Bill Roberts,1925,IN,Fort Wayne
Red Rocha,1923,HI,Hilo
Kenny Rollins,1923,MO,Charlestown
Jerry Rullo,1923,PA,Philadelphia
Ed Sadowski,1917,PA,Johnstown
Kenny Sailors,1921,NE,Bushnell
Herm Schaefer,1918,IN,Fort Wayne
Fred Schaus,1925,OH,Newark
Dolph Schayes*,1928,NY,New York
Howie Schultz,1922,MN,St. Paul
Dick Schulz,1917,WI,Racine
Fred Scolari,1922,CA,San Francisco
Wayne See,1923,AZ,Clemenceau
Rollie Seltz,1924,MN,McIntosh
Jim Seminoff,1922,CA,Los Angelse
George Senesky,1922,PA,Mahanoy City
Paul Seymour,1928,OH,Toledo
Carl Shaeffer,1924,IN,Delphi
Howie Shannon,1923,KS,Manhattan
Connie Simmons,1925,NJ,Newark
Belus Smawley,1918,NC,Golden Valley
Jack Smiley,1922,IL,Sandwich
Art Spector,1920,PA,Philadelphia
Jack Toomay,1922,CA,Ontario
Bob Tough,1920,NY,New York
Blackie Towery,1920,KY,Caldwell
Dick Triptow,1922,IL,Chicago
Floyd Volker,1921,WY,Casper
Clint Wager,1920,MN,Winona
Brady Walker,1921,UT,Provo
Paul Walther,1927,KY,Covington
Bobby Wanzer*,1921,NY,Brooklyn
Murray Wier,1926,IA,Grand View
Max Zaslofsky,1925,NY,Brooklyn
Paul Arizin*,1928,PA,Philadelphia
Ike Borsavage,1924,PA,Plymouth
Gerry Calabrese,1925,NJ,Hoboken
Nat Clifton*,1922,AR,Little Rock
Bob Cousy*,1928,NY,New York
Ray Ellefson,1922,SD,Brookings
Larry Foust,1928,OH,Painesville
Don Lofgran,1928,CA,Oakland
Tommy O'Keefe,1928,NJ,Jersey City
Kevin O'Shea,1925,CA,San Francisco
Don Rehfeldt,1927,IL,Chicago
Dick Schnittker,1928,OH,Kelleys Island
Bill Sharman*,1926,TX,Abilene
Elmer Behnke,1929,IL,Rockford
Dick Dickey,1926,IN,Grant County
Lew Hitch,1929,IL,Griggsville
Mel Hutchins,1928,CA,Sacramento
Neil Johnston*,1929,OH,Chillicothe
George King,1928,WV,Charleston
John McConathy,1930,LA,Sailes
Alfred McGuire*,1928,NY,New York
Dave Minor," Los Angeles""",MO,1922
Ralph O'Brien,1928,KY,Henshaw
John Pilch,1925,WY,Sheridan
Sam Ranzino,1927,IN,Gary
Whitey Skoog,1926,MN,Duluth
Jim Baechtold,1927,PA,McKeesport
Jim Brasco,1931,NY,Brooklyn
Dick Bunt,1930,NY,Queens
Gene Conley,1930,OK,Muskogee
Dick Groat,1930,PA,Wilkinsburg
Jack McCloskey,1925,PA,Mahanoy City
Monk Meineke,1930,OH,Dayton
Bill Mlkvy,1931,PA,Palmerton
Mark Workman,1930,WV,Charleston
Zeke Zawoluk,1930,NY,Brooklyn
Don Ackerman,1930,NY,New York
Don Asmonga,1928,PA,West Mifflin
Ernie Barrett,1929,KS,Pratt
Ernie Beck,1931,PA,Philadelphia
Walt Davis,1931,TX,Beaumont
Ray Felix,1930,NY,New York
Jack George,1928,PA,Swissvale
Norm Grekin,1930,PA,Philadelphia
Billy Kenville,1930,NY,Elmhurst
Dick Knostman,1931,KS,Wamego
Clyde Lovellette*,1929,IN,Petersburg
Jack Molinas,1931,NY,New York
Bob Peterson,1932,CA,San Mateo
James Phelan,1925,IL,Chicago
Ed Smith,1929,OH,West Jefferson
Don Sunderlage,1929,IL,Roselle
Norm Swanson,1930,IL,Chicago
Isaac Walthour,1930,NY,New York City
George Yardley*,1928,CA,Hollywood
Larry Costello,1931,NY,Minoa
George Dempsey,1929,PA,Philadelphia
Chuck Grigsby,1928,OH,Dayton
Herm Hedderick,1930,PA,Erie
Mike Kearns,1929,NJ,Trenton
Red Kerr,1932,IL,Chicago
Jackie Moore,1932,PA,Philadelphia
Togo Palazzi,1932,NJ,Union City
Bob Pettit*,1932,LA,Baton Rouge
Frank Ramsey*,1931,KY,Corydon
Frank Selvy,1932,KY,Corbin
Gene Shue,1931,MD,Baltimore
Jim Tucker,1932,KY,Paris
Jack Turner,1930,IN,Bedford
Bobby Watson,1930,KY,Central City
Jesse Arnelle,1933,NY,New Rochelle
Dick Atha,1931,IN,Otterbein
Walter Dukes,1930,NY,Rochester
Al Ferrari,1933,NY,New York
Dick Garmaker,1932,MN,Hibbing
Tom Gola*,1933,PA,Philadelphia
Dick Hemric,1933,NC,Jonesville
Jim Loscutoff,1930,CA,San Francisco
Chuck Mencel,1933,WI,Phillips
Med Park,1933,SD,Britton
Richie Regan,1930,NJ,Newark
Dick Ricketts,1933,PA,Pottstown
Bob Santini,1935,NY,Bronx
Kenny Sears,1933,CA,Watsonville
Maurice Stokes*,1933,PA,Pittsburgh
Jack Twyman*,1934,PA,Pittsburgh
Bob Armstrong,1933,MI,Detroit
Gary Bergen,1932,MO,Independence
Al Bianchi,1932,NY,Long Island City
Bob Burrow,1934,AR,Malvern
Si Green,1933,NY,New York
Richie Guerin*,1932,NY,New York
Cliff Hagan*,1931,KY,Owensboro
Tom Heinsohn*,1934,NJ,Union City
Bob Hopkins,1934,LA,Jonesboro
Phil Jordon,1933,CA,Lakeport
Hal Lear,1935,PA,Philadelphia
Slick Leonard*,1932,IN,Terre Haute
Jim Paxson,1932,IN,Pennville
Bill Russell*,1934,LA,Monroe
Ron Shavlik,1933,CO,Denver
Ron Sobie,1934,IL,Chicago
Norm Stewart,1935,MO,Leonard
Lou Tsioropoulos,1930,MA,Lynn
Bo Erias,1932,NY,Astoria
Larry Friend,1935,IL,Chicago
Sam Jones*,1933,NC,Wilmington
Jim Krebs,1935,MO,Webster Groves
Brendan McCann,1935,NY,Brooklyn
Worthy Patterson,1931,CT,New Haven
Lennie Rosenbluth,1933,NY,New York
Woody Sauldsberry,1934,LA,Winnsboro
Guy Sparrow,1932,MI,Pontiac
Charlie Tyra,1935,KY,Louisville
Jim Walsh,1930,CA,San Francisco
Elgin Baylor*,1934,DC,Washington
Jerry Bird,1935,KY,Corbin
Bucky Bockhorn,1933,IL,Campbell Hill
Pete Brennan,1936,NY,Brooklyn
Archie Dees,1936,MS,Ethel
Connie Dierking,1936,NY,Brooklyn
Wayne Embry*,1937,OH,Springfield
Mike Farmer,1936,OK,Oklahoma City
Dave Gambee,1937,OR,Portland
Hal Greer*,1936,WV,Huntington
Steve Hamilton,1935,KY,Columbia
Vern Hatton,1936,KY,Owingsville
Andy Johnson,1932,CA,Los Angeles
Tommy Kearns,1936,NY,New York
Jim Palmer,1933,VA,Keokee
Jack Parr,1936,KY,Louisville
Hub Reed,1936,OK,Harrah
Guy Rodgers*,1935,PA,Philadelphia
Phil Rollins,1934,KY,Wickliffe
Bob Anderegg,1937,WI,Monroe
Dick Barnett,1936,IN,Gary
Whitey Bell,1932,KY,Monticello
Wilt Chamberlain*,1936,PA,Philadelphia
Bob Ferry,1937,MO,St. Louis
Johnny Green,1933,OH,Dayton
Gene Guarilia,1937,PA,Duryea
Tom Hawkins,1936,IL,Chicago
Bailey Howell*,1937,TN,Middleton
Rudy LaRusso,1937,NY,Brooklyn
Cal Ramsey,1937,AL,Selma
Joe Ruklick,1938,IL,Princeton
Al Attles,1936,NJ,Newark
Bob Boozer,1937,NE,Omaha
Dave Budd,1938,NJ,Woodbury
Ralph Davis,1938,KY,Vanceburg
Darrall Imhoff,1938,CA,San Gabriel
Pickles Kennedy,1938,PA,Philadelphia
Bob McNeill,1938,PA,Philadelphia
Jackie Moreland,1938,LA,Minden
Don Ohl,1936,IL,Murphysboro
Oscar Robertson*,1938,TN,Charlotte
Tom Sanders*,1938,NY,New York
Jerry West*,1938,WV,Chelyan
Lenny Wilkens*,1937,NY,Brooklyn
Walt Bellamy*,1939,NC,New Bern
George Blaney,1939,NJ,Jersey City
Cleveland Buckner,1938,MS,Yazoo City
Donnie Butcher,1936,KY,Williamsport
Al Butler,1938,NY,Rochester
Howie Carl,1938,IL,Chicago
Jimmy Darrow,1937,OH,Akron
Johnny Egan,1939,CT,Hartford
Cleo Hill,1938,NJ,Newark
Ron Horn,1938,IN,Marion
York Larese,1938,NY,New York
Bevo Nordmann,1939,MO,St. Louis
Gary Phillips,1939,IL,Quincy
Ray Scott,1938,PA,Philadelphia
Lee Shaffer,1939,IL,Chicago
Adrian Smith,1936,KY,Farmington
Sam Stith,1937,VA,Greenville County
Horace Walker,1937,PA,Chester
John Barnhill,1938,KY,Sturgis
Zelmo Beaty*,1939,TX,Hillister
Bill Bridges,1939,NM,Hobbs
Len Chappell,1941,PA,Portage
Johnny Cox,1936,KY,Neon
Dave DeBusschere*,1940,MI,Detroit
Terry Dischinger,1940,IN,Terre Haute
Danny Doyle,1940,NY,Long Island City
Leroy Ellis,1940,NY,Far Rockaway
Jack Foley,1939,MA,Worcester
Charlie Hardnett,1938,GA,Atlanta
John Havlicek*,1940,OH,Martins Ferry
Wayne Hightower,1940,PA,Philadelphia
Kevin Loughery,1940,NY,Brooklyn
Bill McGill,1939,TX,San Angelo
Don Nelson*,1940,MI,Muskegon
John Rudometkin,1940,CA,Santa Maria
Tom Stith,1939,VA,Greenville County
Dan Swartz,1934,KY,Owingsville
Dan Tieman,1940,KY,Covington
Chico Vaughn,1940,OR,Portland
Chet Walker*,1940,MS,Bethlehem
Ben Warley,1936,DC,Washington
Jay Arnette,1938,TX,Austin
Mel Gibson,1940,NC,Cordova
Jerry Harkness,1940,NY,New York
Art Heyman,1941,NY,New York
Tom Hoover,1941,DC,Washington
Gus Johnson*,1938,OH,Akron
Jim King,1941,OK,Tulsa
Don Kojis,1939,WI,Milwaukee
Jerry Lucas*,1940,OH,Middletown
Eddie Miles,1940,AR,North Little Rock
Mel Peterson,1938,MN,Thief River Falls
Larry Siegfried,1939,OH,Shelby
Roger Strickland,1940,FL,Jacksonville
Tom Thacker,1939,KY,Covington
Rod Thorn,1941,WV,Princeton
Nate Thurmond*,1941,OH,Akron
Jim Barnes,1941,AR,Tuckerman
Ron Bonham,1942,IN,Muncie
Gary Bradds,1942,OH,Jamestown
Em Bryant,1938,IL,Chicago
Joe Caldwell,1941,TX,Texas City
Mel Counts,1941,OR,Coos Bay
Happy Hairston,1942,NC,Winston-Salem
Les Hunter,1942,TN,Nashville
Luke Jackson,1941,TX,San Marcos
Larry Jones,1942,OH,Columbus
Wali Jones,1926,KY,Harlan
Howard Komives,1941,OH,Toledo
Bud Koper,1942,OK,Rocky
Barry Kramer,1942,NY,Schenectady
McCoy McLemore,1942,TX,Houston
Jeff Mullins,1942,NY,Astoria
Cotton Nash,1942,NJ,Jersey City
Willis Reed*,1942,LA,Hico
Paul Silas,1943,AR,Prescott
John Thompson*,1941,DC,Washington
George Wilson,1942,MS,Meridian
Rick Barry*,1944,NJ,Elizabeth
Jesse Branson,1942,NC,Burlington
Bill Buntin,1942,MI,Detroit
Barry Clemens,1943,OH,Dayton
Billy Cunningham*,1943,NY,Brooklyn
John Fairchild,1943,CA,Encinitas
Will Frazier,1942,LA,Minden
Fred Hetzel,1942,DC,Washington
Jon McGlocklin,1943,IN,Franklin
Thales McReynolds,1943,AL,Birmingham
Ron Reed,1942,IN,La Porte
Jerry Sloan*,1942,IL,McLeansboro
Willie Somerset,1942,PA,Sharon
Dave Stallworth,1941,TX,Dallas
Joe Strawder,1940,FL,Belle Glade
Bob Warlick,1941,NC,Hickory
Jim Washington,1943,PA,Philadelphia
Bob Weiss,1942,PA,Easton
Henry Akin,1944,MI,Detroit
Johnny Austin,1944,DC,Washington
Jim Barnett,1941,AR,Tuckerman
Dave Bing*,1943,DC,Washington
John Block,1944,CA,Los Angeles
Nate Bowman,1943,TX,Fort Worth
Jerry Chambers,1943,DC,Washington
Archie Clark,1941,AR,Conway
Freddie Crawford,1941,NY,New York
Dave Deutsch,1945,NY,Brooklyn
Hank Finkel,1942,NJ,Union City
Lou Hudson,1944,NC,Greensboro
Neil Johnson,1929,OH,Chillicothe
Toby Kimball,1942,MA,Framingham
Clyde Lee,1944,TN,Nashville
Bob Love,1942,LA,Bastrop
Jack Marin,1944,PA,Sharon
Bill Melchionni,1944,PA,Philadelphia
Wayne Molis,1943,IL,Chicago
Flynn Robinson,1941,IL,Elgin
Cazzie Russell,1944,IL,Chicago
Dave Schellhase,1944,IN,Evansville
Dick Snyder,1944,OH,North Canton
Jim Ware,1944,MS,Natchez
Walt Wesley,1945,FL,Fort Myers
Bill Bradley*,1943,MO,Crystal City
Jim Caldwell,1943,NC,Durham
George Carter,1944,NY,Buffalo
Jim Davis,1941,IN,Muncie
Sonny Dove,1945,NY,Brooklyn
Jim Fox,1943,GA,Atlanta
Walt Frazier*,1945,GA,Atlanta
Dennis Hamilton,1944,CA,Huntington Beach
Clem Haskins,1943,KY,Campbellsville
Al Jackson,1943,OH,Cleveland
Phil Jackson*,1945,MT,Deer Lodge
Johnny Jones," Los Angeles""",WA,1943
Dave Lattin,1943,TX,Houston
George Lehmann,1942,NJ,Riverside
Paul Long,1944,KY,Louisville
Ed Manning,1944,MS,Summit
Stan McKenzie,1944,FL,Miami
Jay Miller,1943,MO,St. Louis
Earl Monroe*,1944,PA,Philadelphia
Pat Riley*,1945,NY,Rome
Bob Rule,1944,CA,Riverside
Al Tucker,1943,OH,Dayton
Jimmy Walker,1944,VA,Amherst
John Wetzel,1944,VA,Waynesboro
Ken Wilburn,1944,MI,River Rouge
Tom Workman,1944,WA,Seattle
Zaid Abdul-Aziz,1946,NY,Brooklyn
Rick Adelman,1946,CA,Lynwood
Tom Boerwinkle,1945,OH,Cleveland
Don Chaney,1946,LA,Baton Rouge
Dick Cunningham,1946,OH,Canton
Fred Foster,1946,OH,Springfield
Gary Gregor,1945,WV,Charlestown
Shaler Halimon,1945,FL,Tampa
Elvin Hayes*,1945,LA,Rayville
Bill Hewitt,1944,MA,Cambridge
Bill Hosket,1946,OH,Dayton
Bob Kauffman,1946,NY,Brooklyn
Stu Lantz,1946,PA,Uniontown
Don May,1946,OH,Dayton
Otto Moore,1946,FL,Miami
Dave Newmark,1946,NY,Brooklyn
Rich Niemann,1946,MO,St. Louis
Barry Orms,1946,MO,St. Louis
Charlie Paulk,1946,GA,Fitzgerald
Bob Quick,1946,MS,Thornton
Craig Raymond,1945,WA,Aberdeen
Mike Riordan,1945,NY,New York
Dale Schlueter,1945,WA,Tacoma
Doug Sims,1943,AL,Elba
Greg Smith,1947,KY,Princeton
Wes Unseld*,1946,KY,Louisville
Dwight Waller,1945,TN,Brownsville
Ron Williams,1944,WV,Weirton
Kareem Abdul-Jabbar*," Los Angeles""",NY,1947
Johnny Baum,1946,PA,Philadelphia
Butch Beard,1947,KY,Hardinsburg
Fred Carter,1945,PA,Philadelphia
Bob Dandridge,1947,VA,Richmond
Mike Davis,1946,NY,Brooklyn
Herm Gilliam,1946,NC,Winston-Salem
Lamar Green,1947,AL,Birmingham
Connie Hawkins*,1942,NY,Brooklyn
Steve Kuberski,1947,IL,Moline
Willie McCarter,1946,IN,Gary
Steve Mix,1947,OH,Toledo
Grady O'Malley,1948,MA,Boston
Bud Ogden,1946,CA,San Luis Obispo
Bob Portman,1947,CA,San Francisco
Luther Rackley,1946,GA,Bainbridge
Rick Roberson,1947,TN,Memphis
Neal Walk,1948,OH,Cleveland
John Warren,1947,GA,Sparta
Bernie Williams,1945,DC,Washington
Lee Winfield,1947,MO,St. Louis
Don Adams,1947,GA,Atlanta
Tiny Archibald*,1948,NY,New York
Bob Arnzen,1947,KY,Covington
Dennis Awtrey,1948,CA,Hollywood
Dave Cowens*,1948,KY,Newport
Terry Driscoll,1947,MA,Winthrop
Claude English,1946,GA,Columbus
Greg Fillmore,1947,PA,Philadelphia
Spencer Haywood*,1949,MS,Silver City
Gar Heard,1948,GA,Hogansville
Greg Howard,1948,PA,Pittsburgh
John Hummer,1948,DC,Washington
George Johnson,1947,TX,Herleton
John Johnson,1947,MS,Carthage
Sam Lacey,1948,MS,Indianaola
Bob Lanier*,1948,NY,Buffalo
Pete Maravich*,1947,PA,Aliquippa
Eddie Mast,1948,PA,Philadelphia
Jim McMillian,1948,NC,Raeford
Rex Morgan,1948,IL,Charleston
Calvin Murphy*,1948,CT,Norwalk
Curtis Perry,1948,DC,Washington
Geoff Petrie,1948,PA,Darby
Mike Price,1948,KY,Russellville
Paul Ruffner,1948,CA,Downey
Mike Silliman,1944,KY,Louisville
Garfield Smith,1945,KY,Campbellsville
Fred Taylor,1948,TX,Houston
Joe Thomas,1948,GA,Canton
Rudy Tomjanovich,1948,MI,Hamtramck
Cornell Warner,1948,MS,Jackson
Milt Williams,1945,WA,Seattle
Fred Brown,1948,WI,Milwaukee
Austin Carr,1948,DC,Washington
Phil Chenier,1950,CA,Berkeley
Jim Cleamons,1949,NC,Lincolnton
Charlie Davis,1949,NY,New York
Ken Durrett,1948,PA,Pittsburgh
Dick Gibbs,1948,IA,Ames
Clarence Glover,1947,KY,Horse Cave
Mo Layton,1948,NJ,Newark
Stan Love,1949,CA,Los Angeles
Jim McDaniels,1948,KY,Scottsville
Kenny McIntosh,1949,MI,Detroit
Cliff Meely,1947,MS,Rosedale
Dean Meminger,1948,SC,Walterboro
John Mengelt,1949,WI,Lacrosse
Mike Newlin,1949,OR,Portland
Willie Norwood,1947,MS,Carrolton
Howard Porter,1948,FL,Stuart
Clifford Ray,1949,SC,Union
Jackie Ridgle,1948,AR,Altheimer
Charlie Scott,1948,NY,New York
Elmore Smith,1949,GA,Macon
Randy Smith,1948,NY,Bellport
Larry Steele,1949,IN,Greencastle
Nate Williams,1950,LA,Columbia
Isaiah Wilson,1948,PA,Philadelphia
Dave Wohl,1949,NY,Flushing
Freddie Boyd,1950,CA,Bakersfield
Steve Bracey,1950,NY,Brooklyn
John Brisker,1947,MI,Detroit
Roger Brown,1942,NY,Brooklyn
Corky Calhoun,1950,IL,Waukegan
Dwight Davis,1949,TX,Houston
Mickey Davis,1946,NY,Brooklyn
Charles Dudley,1950,PA,Harrisburg
Scott English,1950,IL,Evanston
Chris Ford,1949,NJ,Atlantic City
Rowland Garrett,1950,MS,Canton
John Gianelli,1950,CA,Stockton
Travis Grant,1950,AL,Clayton
Luther Green,1946,NY,New York
Charles Johnson,1949,TX,Corpus Christi
Ollie Johnson,1949,PA,Philadelphia
Manny Leaks,1945,OH,Cleveland
Russ Lee,1950,MA,Boston
LaRue Martin,1950,IL,Chicago
Bob McAdoo*,1951,NC,Greensboro
Paul McCracken," Northridge""",NY,1950
Bob Nash,1950,CT,Hartford
Lloyd Neal,1950,GA,Talbottom
Kevin Porter,1950,IL,Chicago
Jim Price,1949,KY,Russellville
Mike Ratliff,1951,MS,New Albany
Tom Riker,1950,NY,Rockville Centre
Ron Riley,1950,CA,Los Angeles
Frank Schade,1950,WI,Wausau
Bud Stallworth,1950,AL,Hartselle
Paul Westphal,1950,CA,Torrance
Harthorne Wingo,1947,NC,Tryon
Mike Bantom,1951,PA,Philadelphia
Ron Behagen,1951,NY,New York
Dennis Bell,1951,OH,Cincinnati
Jim Brewer,1951,IL,Maywood
Allan Bristow,1951,VA,Richmond
Larry Cannon,1947,PA,Philadelphia
Doug Collins,1951,IL,Christopher
Mike D'Antoni,1951,WV,Mullens
Mel Davis,1950,NY,New York
Derrek Dickey,1951,OH,Cincinnati
Ernie DiGregorio,1951,RI,North Providence
Steve Downing,1950,IN,Indianapolis
Bernie Fryer,1949,WA,Bellingham
Phil Hankinson,1951,GA,Augusta
Nate Hawthorne,1950,IL,Mt. Vernon
Tom Ingelsby,1951,PA,Philadelphia
Dwight Jones,1952,TX,Houston
Tom Kozelko,1951,MI,Traverse City
Kevin Kunnert,1951,IA,Dubuque
Allie McGuire,1928,NY,New York
Larry McNeill,1951,NC,Hoke
Gary Melchionni,1951,NJ,Camden
Louie Nelson,1951,CA,Los Angeles
Jim Owens,1950,CA,Los Angeles
Bob Verga,1945,NJ,Neptune
Kermit Washington,1951,DC,Washington
Slick Watts,1951,MS,Rolling Ford
Nick Weatherspoon,1950,MS,Greenwood
Luke Witte,1950,PA,Philadelphia
Dan Anderson,1943,MN,Minneapolis
Jim Ard,1948,IL,Harvey
Gus Bailey,1951,NC,Gibson
Leon Benbow,1950,SC,Columbia
Ken Boyd,1952,MD,Frederick
Gary Brokaw,1954,NJ,New Brunswick
Tom Burleson,1952,NC,Crossnore
Harvey Catchings,1951,MS,Jackson
Jim Chones,1949,WI,Racine
Ben Clyde,1951,GA,Albany
Jesse Dark,1951,VA,Richmond
Rod Derline,1952,WA,Elma
John Drew,1954,AL,Vredenburgh
Dennis DuVal,1952,NY,Westbury
Al Eberhard,1952,IA,Cedar Rapids
Bernie Harris,1950,VA,Roanoke
Steve Hawes,1950,WA,Seattle
Tom Henderson,1952,SC,Newberry
Greg Jackson,1952,NY,Brooklyn
Wardell Jackson,1951,MS,Yazoo City
Aaron James,1952,LA,New Orleans
Mickey Johnson,1952,IL,Chicago
Jimmy Jones,1945,LA,Tallulah
Frank Kendrick,1950,IN,Indianapolis
Len Kosmalski,1951,OH,Cleveland
Bill Ligon,1952,TN,Nashville
Phil Lumpkin,1951,OH,Dayton
Eric Money,1955,MI,Detroit
Connie Norman,1953,MI,Detroit
Kevin Restani,1951,CA,San Francisco
Truck Robinson,1951,FL,Jacksonville
Campy Russell,1944,IL,Chicago
Fred Saunders,1951,OH,Columbus
Tal Skinner,1952,MD,Berlin
Phil Smith,1952,CA,San Francisco
Mike Sojourner,1953,PA,Philadelphia
Kevin Stacom,1951,NY,New York
George Thompson,1947,NY,Brooklyn
Dean Tolson,1951,MO,Kansas City
Foots Walker,1951,NY,Southampton
Perry Warbington,1952,GA,Atlabta
Stan Washington,1952,DC,Washington
Scott Wedman,1952,KS,Harper
Owen Wells,1950,RI,Providence
Earl Williams,1951,PA,Levittown
Brian Winters,1952,NY,Rockaway
Alvan Adams,1954,KS,Lawrence
Jerome Anderson,1953,WV,Mullens
Jerry Baskerville,1951,PA,Philadelphia
Bob Bigelow,1953,MA,Boston
Tom Boswell,1953,AL,Montgomery
Junior Bridgeman,1953,IN,East Chicago
Joe Bryant,1954,PA,Philadelphia
Al Carlson,1951,CA,Oceanside
Jim Creighton,1950,MT,Billings
Darryl Dawkins,1957,FL,Orlando
Henry Dickerson,1951,WV,Berkley
Eric Fernsten,1953,CA,Oakland
Larry Fogle,1953,NY,Brooklyn
Donnie Freeman,1944,IL,Madison
Kevin Grevey,1953,OH,Hamilton
Lindsay Hairston,1951,MI,Detroit
Glenn Hansen,1952,ND,Devils Lake
Robert Hawkins,1954,MI,Detroit
Wilbur Holland,1951,GA,Columbus
Lionel Hollins,1953,KS,Ark City
Steve Jones,1942,LA,Alexandria
Rich Kelley,1953,CA,San Mateo
Tom Kropp,1953,NE,Grand Island
John Lambert,1953,CA,Berkeley
John Laskowski,1953,IN,South Bend
Clyde Mayes,1953,SC,Greenville
Ken Mayfield,1948,IL,Chicago
Jim McElroy,1953,AR,Cotton Plant
George McGinnis,1950,IN,Indianapolis
Tom McMillen,1952,NY,Elmira
Joe Meriweather,1953,AL,Phenix City
Frank Oleynick,1955,CT,Bridgeport
Bill Robinzine,1953,IL,Chicago
John Roche,1949,NY,New York
Bruce Seals,1953,LA,New Orleans
Ed Searcy,1952,NY,New York
Gene Short,1953,MS,Macon
John Shumate,1952,SC,Greenville
Terry Thomas,1953,MI,Detroit
Rudy White,1953,NM,Silver City
Gus Williams,1953,NY,Mount Vernon
Bill Willoughby,1957,NJ,Englewood
Tom Abernethy,1954,IN,South Bend
Bird Averitt,1952,KY,Hopkinsville
Tom Barker,1955,TX,Harlingen
Marvin Barnes,1952,RI,Providence
Norton Barnhill,1953,NC,Winston-Salem
Mike Barr,1950,OH,Canton
Tim Bassett,1951,DC,Washington
Byron Beck,1945,WA,Ellensburg
Mel Bennett,1955,PA,Pittsburgh
Ron Boone,1946,OK,Oklahoma City
Quinn Buckner,1954,IL,Phoenix
Ticky Burden,1953,FL,Haines City
Don Buse,1950,IN,Huntingburg
Mack Calvin,1947,TX,Fort Worth
Cornelius Cash,1952,MS,Macon
Norm Cook,1955,IL,Chicago
Louie Dampier*,1944,IN,Indianapolis
Mel Daniels*,1944,MI,Detroit
Adrian Dantley*,1956,DC,Washington
Johnny Davis,1955,MI,Detroit
Ron Davis,1954,AZ,Phoenix
Randy Denton,1949,NC,Raleigh
Coby Dietrick,1948,CA,Riverside
Leon Douglas,1954,AL,Leighton
Mike Dunleavy,1954,NY,Brooklyn
Jim Eakins,1946,CA,Sacramento
Len Elmore,1952,NY,New York
Darrell Elston,1952,IN,Tipton
Alex English*,1954,SC,Columbia
Julius Erving*,1950,NY,Roosevelt
Butch Feher,1954,MI,Flint
Terry Furlow,1954,MI,Flint
Mike Gale,1950,PA,Philadelphia
Gus Gerard,1953,PA,Uniontown
George Gervin*,1952,MI,Detroit
Artis Gilmore*,1949,FL,Chipley
Mike Green,1951,MS,McComb
Steve Green,1953,WI,Madison
Paul Griffin,1954,MI,Shelby
Rudy Hackett,1953,NY,Mount Vernon
Phil Hicks,1953,IL,Chicago
Armond Hill,1953,NY,Brooklyn
Darnell Hillman,1949,CA,Sacramento
Mo Howard,1954,PA,Philadelphia
Kim Hughes,1952,IL,Freeport
Dan Issel*,1948,IL,Batavia
Dennis Johnson*,1954,CA,San Pedro
Bobby Jones,1951,NC,Charlotte
Caldwell Jones,1950,AR,McGehee
Rich Jones,1946,TN,Memphis
Robin Jones,1954,MO,St. Louis
George Karl,1952,PA,Penn Hills
Goo Kennedy,1949,NC,Charlotte
Larry Kenon,1952,AL,Birmingham
Billy Knight,1952,PA,Braddock
Mitch Kupchak,1954,NY,Hicksville
Bo Lamar,1951,OH,Columbus
Ron Lee,1952,MA,Boston
Scott Lloyd,1952,IL,Chicago
John Lucas,1953,NC,Durham
Maurice Lucas,1952,PA,Pittsburgh
Moses Malone*,1955,VA,Petersburg
Scott May,1954,OH,Sandusky
Ted McClain,1946,TN,Nashville
Allen Murphy,1952,AL,Birmingham
Johnny Neumann,1951,TN,Memphis
Mark Olberding,1956,MN,Melrose
Tom Owens,1949,NY,Bronx
Joe Pace,1953,NJ,New Brunswick
Robert Parish*,1953,LA,Shreveport
Sonny Parker,1955,IL,Chicago
Billy Paultz,1948,NJ,River Edge
Marv Roberts,1950,NY,Brooklyn
Dave Robisch,1949,OH,Cincinnati
Marshall Rogers,1953,MO,St. Louis
Dan Roundfield,1953,MI,Detroit
Phil Sellers,1953,NY,Brooklyn
Lonnie Shelton,1955,CA,Bakersfield
James Silas,1949,LA,Tallulah
Ralph Simpson,1949,MI,Detroit
Al Skinner,1952,NY,Mount Vernon
Keith Starr,1954,PA,Sewickley
Earl Tatum,1953,NY,Mount Vernon
Brian Taylor,1951,NJ,Perth Amboy
Fatty Taylor,1946,DC,Washington
Ira Terrell,1954,TX,Dallas
Claude Terry,1950,CA,Salida
David Thompson*,1954,NC,Shelby
Monte Towe,1953,IN,Marion
Dave Twardzik,1950,PA,Hershey
Andy Walker,1955,NY,Long Island City
Wally Walker,1954,PA,Millersville
Lloyd Walton,1953,IL,Chicago
Henry Ward,1952,MS,Jackson
Marvin Webster,1952,MD,Baltimore
Bob Wilkerson,1954,IN,Anderson
Chuck Williams,1943,CO,Colorado Springs
Chuckie Williams,1943,CO,Colorado Springs
John Williamson,1951,CT,New Haven
Willie Wise,1947,CA,San Francisco
Larry Wright,1954,LA,Monroe
Tate Armstrong,1955,GA,Moultrie
Greg Ballard,1955,CA,Los Angeles
Kent Benson,1954,IN,New Castle
Otis Birdsong,1955,FL,Winter Haven
Phil Bond,1954,KY,Louisville
Jim Bostic,1953,NY,Brooklyn
Alonzo Bradley,1953,MS,Utica
Mike Bratz,1955,CA,Lompoc
Wayman Britt,1952,NC,Wilson Mills
Kenny Carr,1955,DC,Washington
Bob Carrington,1953,MA,Brookline
Wesley Cox,1955,KY,Louisville
Charlie Criss,1948,NY,Valhalla
Mark Crow,1954,CA,Edwards AFB
Brad Davis,1955,PA,Monaca
Walter Davis,1931,TX,Beaumont
Jacky Dorsey,1954,GA,Atlanta
James Edwards,1955,WA,Seattle
Al Fleming,1954,IL,Chicago
Bayard Forrest,1954,CA,San Jose
Mike Glenn,1955,GA,Rome
Rickey Green,1954,IL,Chicago
Greg Griffin,1952,OH,Cleveland
Joe Hassett,1955,RI,Providence
Eddie Johnson,1944,GA,Atlanta
Larry Johnson,1954,KY,Morganfield
Eddie Jordan,1955,DC,Washington
Bernard King*,1956,NY,Brooklyn
Toby Knight,1955,NY,Bronx
John Kuester,1955,VA,Richmond
Tom LaGarde,1955,MI,Detroit
Mark Landsberger,1955,ND,Minot
Rich Laurel,1954,PA,Philadelphia
Ricky Marsh,1954,NY,New York
Cedric Maxwell,1955,NC,Kinston
Glenn Mosley,1955,NJ,Newark
Norm Nixon,1955,GA,Macon
Ben Poquette,1955,MI,Ann Arbor
Robert Reid,1955,GA,Atlanta
Anthony Roberts,1955,TN,Chattanooga
Tony Robertson,1956,MI,Detroit
Tree Rollins,1955,FL,Winter Haven
Alvin Scott,1955,TN,Cleveland
Steve Sheppard,1954,NY,New York
Jack Sikma,1955,IL,Kankakee
Scott Sims,1955,MO,Kirksville
Phil Walker,1956,PA,Philadelphia
Wilson Washington,1955,VA,Norfolk
Ray Williams,1954,NY,Mount Vernon
Kim Anderson,1955,MO,Sedalia
Del Beshore,1956,PA,Mechanicsburg
Dennis Boyd,1954,VA,Portsmouth
Winford Boynes,1957,SC,Greenville
Ron Brewer,1955,AR,Fort Smith
Marty Byrnes,1956,NY,Syracuse
Ron Carter,1956,PA,Pittsburgh
Maurice Cheeks,1956,IL,Chicago
Michael Cooper,1956,CA,Los Angeles
Wayne Cooper,1956,GA,Milan
Dave Corzine,1956,IL,Arlington Heights
Geoff Crompton,1955,NC,Burlington
Harry Davis,1956,OH,Cleveland
Bob Elliott,1955,MI,Ann Arbor
Ray Epps,1956,VA,Amelia
Phil Ford,1956,NC,Rocky Mount
Jack Givens,1956,KY,Lexington
Tommie Green,1956,LA,Baton Rouge
James Hardy,1956,AL,Knoxville
Keith Herron,1956,TN,Memphis
Kenny Higgs,1955,KY,Owensboro
Essie Hollis,1955,PA,Erie
Otis Howard,1956,TN,Oak Ridge
Clemon Johnson,1956,FL,Monticello
Jeff Judkins,1956,UT,Salt Lake City
Joel Kramer,1955,CA,San Diego
John Long,1956,MI,Romulus
Billy McKinney,1955,IL,Waukegan
Mike Mitchell,1956,GA,Atlanta
John Olive,1955,PA,Philadelphia
Roger Phegley,1956,IL,East Peoria
Stan Pietkiewicz,1956,AL,Huntsville
Wayne Radford,1956,IN,Indianapolis
Marlon Redmond,1955,CA,San Francisco
Rick Robey,1956,FL,Coral Gables
John Rudd,1955,LA,DeRidder
Frankie Sanders,1957,OH,Dayton
Purvis Short,1957,MS,Hattiesburg
Sam Smith,1944,KY,Hazard
Terry Tyler,1956,MI,Detroit
Andre Wakefield,1955,IL,Chicago
Jerome Whitehead,1956,IL,Waukegan
Freeman Williams,1956,CA,Los Angeles
Rick Wilson,1956,KY,Louisville
James Bailey,1957,GA,Dublin
Larry Bird*,1956,IN,West Baden
Lawrence Boston,1956,OH,Cleveland
Dudley Bradley,1957,MD,Baltimore
Bill Cartwright,1957,CA,Lodi
Jeff Cook,1956,CA,West Covina
Hollis Copeland,1955,NJ,Trenton
John Coughran,1951,CA,Pittsburg
Terry Crosby,1957,OH,Toledo
Pat Cummings,1956,PA,Johnstown
Paul Dawkins,1957,MI,Saginaw
Greg Deane,1957,CA,Tulare
Larry Demic,1957,IN,Gary
Terry Duerod,1956,MI,Royal Oak
Mike Evans,1955,NC,Goldsboro
Gary Garland,1957,NJ,East Orange
Gerald Henderson,1956,VA,Richmond
Phil Hubbard,1956,OH,Canton
Geoff Huston,1957,NY,Brooklyn
Abdul Jeelani,1954,TN,Bells
Cheese Johnson,1949,TX,Corpus Christi
Vinnie Johnson,1956,NY,Brooklyn
Major Jones,1953,AR,McGhee
Greg Kelser,1957,FL,Panama City
Irv Kiffin,1951,NY,New York
Carl Kilpatrick,1956,LA,Bastrop
Reggie King,1957,AL,Birmingham
Arvid Kramer,1956,MN,Fulda
Allen Leavell,1957,IN,Muncie
Ollie Mack,1957,NY,New York
Steve Malovic,1956,OH,Cleveland
Paul Mokeski,1957,WA,Spokane
Sidney Moncrief,1957,AR,Little Rock
Calvin Natt,1957,LA,Monroe
Sylvester Norris,1957,MS,Jackson
Wiley Peck,1957,AL,Montgomery
Clint Richardson,1956,WA,Seattle
Cliff Robinson,1960,CA,Oakland
Jim Spanarkel,1957,NJ,Jersey City
Bernard Toone,1956,NY,Yonkers
Duck Williams,1956,AL,Demopolis
Sly Williams,1958,CT,New Haven
Bubba Wilson,1955,NC,Gastonia
Tony Zeno,1957,LA,New Orleans
Norman Black,1957,MD,Baltimore
Dave Britton,1958,NY,New York
Michael Brooks,1958,PA,Philadelphia
Rickey Brown,1958,MS,Madison County
Joe Barry,1969,CA,Oakland
Butch Carter,1958,OH,Springfield
Reggie Carter,1957,NY,New York
Art Collins,1954,GA,Sandersville
Don Collins,1951,IL,Christopher
Darwin Cook,1958,CA,Los Angeles
Earl Cureton,1957,MI,Detroit
Monti Davis,1958,OH,Warren
Larry Drew,1958,KS,Kansas City
John Duren,1958,DC,Washington
Tony Fuller,1958,MI,Detroit
Calvin Garrett,1956,TN,Parsons
Mike Gminski,1959,CT,Monroe
Darrell Griffith,1958,KY,Louisville
Bill Hanzlik,1957,OH,Middletown
Alan Hardy,1957,MI,Detroit
Mike Harper,1957,IL,Chicago
Cedrick Hordges,1957,AL,Montgomery
Tony Jackson,1942,NY,Brooklyn
Lee Johnson,1957,AR,Plummerville
Reggie Johnson,1957,GA,Atlanta
Walter Jordan,1956,AL,Perry
Clarence Kea,1959,NC,Wilmington
Chad Kinch,1958,NJ,Perth Amboy
Wayne Kreklow,1957,WI,Neenah
Bill Laimbeer,1957,MA,Boston
Edmund Lawrence,1952,LA,Lake Charles
Ronnie Lester,1959,MS,Canton
Kyle Macy,1957,IN,Fort Wayne
Rick Mahorn,1958,CT,Hartford
Wes Matthews,1959,FL,Sarasota
Bill Mayfield,1957,MI,Detroit
Keith McCord,1957,AL,Birmingham
Kevin McHale*,1957,MN,Hibbing
Dick Miller,1958,WI,Milwaukee
Johnny Moore,1958,PA,Altoona
Lowes Moore,1957,SC,Plymouth
Kenny Natt,1958,LA,Monroe
Carl Nicks,1958,IL,Chicago
Mike O'Koren,1958,NJ,Jersey City
Jawann Oldham,1957,IL,Chicago
Louis Orr,1958,OH,Cincinnati
Myles Patrick,1954,GA,Macon
Tony Price,1957,NY,Bronx
Wally Rank,1958,CA,Fort Ord
Kelvin Ransey,1958,OH,Toledo
James Ray,1957,LA,New Orleans
Billy Reid,1957,NY,New York
Wayne Robinson,1958,NC,Greensboro
Lorenzo Romar,1958,CA,South Gate
DeWayne Scales,1958,TX,Dallas
Craig Shelton,1957,DC,Washington
Jerry Sichting,1956,IN,Martinsville
Larry Smith,1958,MS,Rolling Fork
Rory Sparrow,1958,VA,Suffolk
John Stroud,1957,MS,New Albany
Carlos Terry,1956,NC,Lexington
Andrew Toney,1957,AL,Birmingham
Ronnie Valentine,1957,VA,Norfolk
Hawkeye Whitney,1939,NY,Brooklyn
Jeff Wilkins,1955,IL,Chicago
Mike Woodson,1958,IN,Indianapolis
Sam Worthen,1958,NY,Brooklyn
Mark Aguirre,1959,IL,Chicago
Danny Ainge,1959,OR,Eugene
Carl Bailey,1958,AL,Birmingham
Gene Banks,1959,PA,Philadelphia
Ray Blume,1958,GA,Valdosta
Alex Bradley,1953,MS,Utica
Charles Bradley,1959,MD,Havre De Grace
Brad Branson,1958,IL,Harvey
Jim Brogan,1958,PA,Ardmore
Roger Burkman,1958,IN,Indianapolis
David Burns,1958,TX,Dallas
Bobby Cattage,1958,AL,Huntsville
Tom Chambers,1959,UT,Ogden
Joe Cooper,1957,TX,Houston
Charles Davis,1949,NY,New York
Kenny Dennard,1958,NC,King
Mickey Dillard,1958,FL,Hollywood
John Douglas,1956,AL,Town Creek
Franklin Edwards,1959,NY,New York
Glenn Hagan,1955,FL,Sanford
Steve Hayes,1955,ID,American Falls
Tracy Jackson,1959,MD,Rockville
Clay Johnson,1956,FL,Monticello
Frank Johnson,1958,FL,Weirsdale
Steve Johnson,1944,PA,Clairton
Albert King,1959,NY,Brooklyn
Jeff Lamp,1959,MN,Minneapolis
Rock Lee,1952,MA,Boston
Alton Lister,1958,TX,Dallas
Lewis Lloyd,1959,PA,Philadelphia
Kevin Loder,1959,MI,Cassopolis
Rudy Macklin,1958,KY,Louisville
John McCullough,1956,OH,Lima
Hank McDowell,1959,TN,Memphis
Mike McGee,1959,TX,Tyler
Kevin McKenna,1959,MN,St. Paul
Larry Nance,1959,SC,Anderson
Kurt Nimphius,1958,WI,Milwaukee
Mark Radford,1959,WA,Tacoma
Ed Rains,1956,FL,Ocala
Kurt Rambis,1958,CA,Cupertino
Jeff Ruland,1958,NY,Bayshore
Danny Schayes,1959,NY,Syracuse
Jim Smith,1958,OH,Cleveland
Larry Spriggs,1959,MD,Cheverly
Isiah Thomas*,1961,IL,Chicago
Ray Tolbert,1958,IN,Anderson
Kelly Tripucka,1959,NJ,Glen Ridge
Elston Turner,1959,TN,Knoxville
Darnell Valentine,1959,IL,Chicago
Jay Vincent,1959,MI,Kalamazoo
Danny Vranes,1958,UT,Salt Lake City
Buck Williams,1960,NC,Rocky Mount
Herb Williams,1958,OH,Columbus
Garry Witts,1959,NJ,Elizabeth
Al Wood,1958,GA,Gray
Howard Wood,1959,NY,Southhampton
Orlando Woolridge,1959,LA,Bernice
Rich Yonakor,1958,OH,Euclid
Dwight Anderson,1960,OH,Dayton
John Bagley,1960,CT,Bridgeport
Dave Batton,1956,MD,Baltimore
Lester Conner,1959,TN,Memphis
Chubby Cox,1955,PA,Philadelphia
Terry Cummings,1961,IL,Chicago
Quintin Dailey,1961,MD,Baltimore
Jerry Eaves,1959,KY,Louisville
Keith Edmonson,1960,MS,Gulfport
Chris Engler,1959,MN,Stillwater
Bruce Flowers,1957,NY,Rochester
Sleepy Floyd,1960,NC,Gastonia
Bill Garnett,1940,IL,East St. Louis
John Greig,1961,CA,Sacramento
Scott Hastings,1960,KS,Independence
Marc Iavaroni,1956,NY,Jamaica
Jim Johnstone,1960,CT,New Canaan
Hutch Jones,1959,NY,Buffalo
Clark Kellogg,1961,OH,Cleveland
Joe Kopicki,1960,MI,Warren
Fat Lever,1960,AR,Pine Bluff
Cliff Levingston,1961,CA,San Diego
Steve Lingenfelter,1958,WI,Eau Claire
Dave Magley,1959,IN,South Bend
Mark McNamara,1959,CA,San Jose
Guy Morgan,1960,VA,Virginia Beach
Ed Nealy,1960,KS,Pittsburg
Chuck Nevitt,1959,CO,Cortez
Audie Norris,1960,MS,Jackson
Eddie Phillips,1961,AL,Birmingham
Ricky Pierce,1959,TX,Dallas
Charles Pittman,1958,NC,Rocky Mount
Paul Pressey,1958,VA,Richmond
Oliver Robinson,1960,AL,Birmingham
Walker Russell,1960,MI,Pontiac
Russ Schoene,1960,IL,Trenton
Ed Sherod,1959,VA,Richmond
Jose Slaughter,1960,CA,Los Angeles
Brook Steppe,1959,NC,Chapel Hill
Jeff Taylor,1960,AR,Blytheville
Vince Taylor,1960,KY,Lexington
Terry Teagle,1960,TX,Broaddus
David Thirdkill,1960,MO,St. Louis
Corny Thompson,1960,CT,Middletown
LaSalle Thompson,1961,OH,Cincinnati
Darren Tillis,1960,TX,Dallas
Linton Townes,1959,VA,Richmond
Trent Tucker,1959,NC,Tarboro
Bryan Warrick,1959,WA,Moses Lake
Rory White,1959,AL,Tuskegee
Rob Williams,1944,WV,Weirton
James Worthy*,1961,NC,Gastonia
Ken Austin,1961,CA,Los Angeles
Thurl Bailey,1961,DC,Washington
Randy Breuer,1960,MN,Lake City
Howard Carter,1961,LA,Baton Rouge
Carlos Clark,1960,TN,Somerville
Leroy Combs,1961,OK,Oklahoma City
Russell Cross,1961,IL,Chicago
Clyde Drexler*,1962,LA,New Orleans
Craig Ehlo,1961,TX,Lubbock
Dale Ellis,1960,GA,Marietta
John Garris,1959,CT,Bridgeport
Mike Gibson,1960,SC,Williamsburg County
Sidney Green,1933,NY,New York
Bob Hansen,1961,IA,Des Moines
Derek Harper,1961,GA,Elberton
Roy Hinson,1961,NJ,Trenton
Charles Jones,1957,AR,McGehee
Mark Jones,1953,AR,McGhee
Greg Kite,1961,TX,Houston
Bruce Kuczenski,1961,CT,Bristol
Darrell Lockhart,1960,GA,Thomaston
Sidney Lowe,1960,DC,Washington
Jeff Malone,1961,AL,Mobile
Pace Mannion,1960,UT,Salt Lake City
Rodney McCray,1961,NY,Mount Vernon
Scooter McCray,1960,NY,Mount Vernon
Larry Micheaux,1960,TX,Houston
Bob Miller,1956,KY,Louisville
John Paxson,1960,OH,Dayton
John Pinone,1961,CT,Hartford
Tom Piotrowski,1960,PA,West Chester
Doc Rivers,1961,IL,Chicago
Fred Roberts,1960,UT,Provo
Ralph Sampson*,1960,VA,Harrisonburg
Byron Scott,1961,UT,Ogden
Steve Stipanovich,1960,MO,St. Louis
Jon Sundvold,1961,SD,Sioux Falls
Dane Suttle,1961,CA,Los Angeles
Jim Thomas,1960,FL,Lakeland
Paul Thompson,1961,TN,Smyrna
Sedale Threatt,1961,GA,Atlanta
Granville Waiters,1961,OH,Columbus
Darrell Walker,1961,IL,Chicago
Brant Weidner,1960,PA,Orefield
Mark West,1960,VA,Petersburg
Ennis Whatley,1962,AL,Birmingham
Mitchell Wiggins,1959,NC,Lenoir County
Kevin Williams,1961,NY,New York
Michael Wilson,1959,TN,Memphis
Randy Wittman,1959,IN,Indianapolis
Chuck Aleksinas,1959,CT,Litchfield
Ken Bannister,1960,MD,Baltimore
Charles Barkley*,1963,AL,Leeds
Cory Blackwell,1963,IL,Chicago
Sam Bowie,1961,PA,Lebanon
Frank Brickowski,1959,NY,Bayville
Tony Brown,1960,IL,Chicago
Steve Burtt,1962,NY,New York
Michael Cage,1962,AR,West Memphis
Tony Campbell,1962,NJ,Teaneck
Rick Carlisle,1959,NY,Ogdensburg
Antoine Carr,1961,OK,Oklahoma City
Ron Cavenall,1959,TX,Beaumont
Steve Colter,1962,AZ,Phoenix
Devin Durrant,1960,UT,Provo
Vern Fleming,1962,NY,New York
Lancaster Gordon,1962,MS,Jackson
Butch Graves,1962,NY,Scarsdale
Jay Humphries,1962,CA,Los Angeles
Earl Jones,1961,WV,Oak Hill
Michael Jordan*,1963,NY,Brooklyn
Jerome Kersey,1962,VA,Clarksville
Tim McCormick,1962,MI,Detroit
Jay Murphy,1962,CT,Meriden
Sam Perkins,1961,NY,Brooklyn
Jim Petersen,1962,MN,Minneapolis
Gary Plummer,1962,MI,Highland Park
David Pope,1962,VA,Newport News
Alvin Robertson,1962,OH,Barberton
Tom Scheffler,1954,MI,St. Joseph
John Schweitz,1960,NY,Waterloo
Tom Sewell,1962,FL,Pensacola
Charlie Sitton,1962,OR,McMinnville
Tom Sluby,1962,DC,Washington
Terence Stansbury,1961,DE,Wilmington
John Stockton*,1962,WA,Spokane
Peter Thibeaux,1961,CA,Los Angeles
Otis Thorpe,1962,FL,Boynton Beach
Jeff Turner,1962,ME,Bangor
Melvin Turpin,1960,KY,Lexington
Willie White,1962,TN,Memphis
Dale Wilkinson,1960,ID,Pocatello
Guy Williams,1953,NY,Mount Vernon
Kevin Willis,1961,NY,New York
Othell Wilson,1961,VA,Alexandria
Danny Young,1962,NC,Raleigh
Michael Young,1961,TX,Houston
Michael Adams,1963,CT,Hartford
John Battle,1962,DC,Washington
Benoit Benjamin,1964,LA,Monroe
Mike Brittain,1963,FL,Clearwater
Terry Catledge,1963,MS,Houston
Lorenzo Charles,1963,NY,Brooklyn
Fred Cofield,1962,MI,Ypsilanti
David Cooke,1963,CA,Sacramento
Tyrone Corbin,1962,SC,Columbia
Jeff Cross,1961,IL,Chicago
Joe Dumars*,1963,LA,Shreveport
Ken Green,1959,GA,Newman
Kenny Green,1959,GA,Newman
Claude Gregory,1958,DC,Washington
Steve Harris,1963,MO,Kansas City
Jerome Henderson,1959,CA,Los Angeles
Carl Henry,1960,OK,Hollis
Ken Johnson,1962,AL,Tuskegee
Harold Keeling,1963,LA,New Orleans
Joe Kleine,1962,CO,Colorado Springs
Jon Koncak,1963,IA,Cedar Rapids
Keith Lee,1962,AR,West Memphis
Karl Malone*,1963,LA,Summerfield
Bill Martin,1962,DC,Washington
Brian Martin,1962,AR,Fort Smith
Dwayne McClain,1963,MA,Worcester
Xavier McDaniel,1963,SC,Columbia
Chris McNealy,1961,CA,Fresno
Dirk Minniefield,1961,KY,Lexington
Perry Moss,1958,AZ,Tucson
Chris Mullin*,1963,NY,New York
Charles Oakley,1963,OH,Cleveland
Michael Phelps,1961,MS,Vicksburg
Ed Pinckney,1963,NY,Bronx
Terry Porter,1963,WI,Milwaukee
Blair Rasmussen,1962,WA,Auburn
Jerry Reynolds,1962,NY,Brooklyn
Derrick Rowland,1959,NY,Brookhaven
Carey Scurry,1962,NY,Brooklyn
Alex Stivrins,1962,NE,Lincoln
Greg Stokes,1963,CT,New Haven
Wayman Tisdale,1964,OK,Tulsa
Sedric Toney,1962,MS,Columbus
Nick Vanos,1963,CA,San Mateo
Sam Vincent,1963,MI,Lansing
Spud Webb,1963,TX,Dallas
Gerald Wilkins,1963,GA,Atlanta
Pete Williams,1965,CA,Harbor City
Voise Winters,1962,IL,Chicago
Rafael Addison,1964,NJ,Jersey City
Mark Alarie,1963,AZ,Phoenix
William Bedford,1963,TN,Memphis
Walter Berry,1964,NY,New York
Joe Binion,1961,NY,Rochester
Adrian Branch,1963,DC,Washington
Mike Brown,1963,NJ,Newark
Ben Coleman,1961,MN,Minneapolis
Dell Curry,1964,VA,Harrisonburg
Brad Daugherty,1965,NC,Black Mountain
Johnny Dawkins,1963,DC,Washington
Bruce Douglas,1964,IL,Quincy
Greg Dreiling,1962,KS,Wichita
Kevin Duckworth,1964,IL,Harvey
Dave Feitl,1962,PA,Butler
Kenny Gattison,1964,NC,Wilmington
Grant Gondrezick,1963,CO,Boulder
Ron Harper,1964,OH,Dayton
Cedric Henderson,1965,GA,Marietta
Jeff Hornacek,1963,IL,Elmhurst
Myron Jackson,1964,AR,Hamburg
Buck Johnson,1964,AL,Birmingham
Steffond Johnson,1944,PA,Clairton
Anthony Jones," Las Vegas""",WA,1962
Tim Kempton,1964,NY,Jamaica
Curtis Kitchen,1964,FL,Cape Coral
Larry Krystkowiak,1964,MT,Missoula
Jim Lampley,1960,PA,Harrisburg
Maurice Martin,1964,NY,Liberty
Forrest McKenzie,1963,NJ,Camden
Nate McMillan,1964,NC,Raleigh
Pete Myers,1963,AL,Mobile
Johnny Newman,1963,VA,Danville
Dennis Nutt,1963,AR,Little Rock
Chuck Person,1964,AL,Brantley
Dwayne Polee,1963,CA,Los Angeles
Harold Pressley,1963,NY,Bronx
Mark Price,1964,OK,Bartlesville
Dennis Rodman*,1961,NJ,Trenton
Ron Rowan,1962,PA,New Brighton
John Salley,1964,NY,Brooklyn
Brad Sellers,1962,OH,Warrensville Heights
McKinley Singleton,1961,TN,Memphis
Scott Skiles,1964,IN,LaPorte
Clinton Smith,1964,OH,Cleveland
Keith Smith,1965,NY,Queens
Otis Smith,1964,FL,Jacksonville
Roy Tarpley,1964,NY,New York
Billy Thompson,1963,NJ,Camden
Andre Turner,1964,TN,Memphis
Kenny Walker,1964,GA,Roberta
Chris Washburn,1965,NC,Hickory
Pearl Washington,1964,NY,Brooklyn
John Williams,1951,CT,New Haven
David Wingate,1963,MD,Baltimore
Perry Young,1963,MD,Baltimore
Mark Acres,1962,CA,Inglewood
Steve Alford,1964,IN,Franklin
Greg Anderson,1964,TX,Houston
Joe Arlauckas,1965,NY,Rochester
Vincent Askew,1966,TN,Memphis
Nate Blackwell,1965,PA,Philadelphia
Muggsy Bogues,1965,MD,Baltimore
Norris Coleman,1961,FL,Jacksonville
Dallas Comegys,1964,PA,Philadelphia
Winston Crite,1965,CA,Bakersfield
Billy Donovan,1965,NY,Rockville Centre
Chris Dudley,1950,PA,Harrisburg
Jim Farmer,1964,AL,Dothan
Tellis Frank,1965,IN,Gary
Kevin Gamble,1965,IL,Springfield
Winston Garland,1964,IN,Gary
Horace Grant,1965,GA,Augusta
Dave Henderson,1964,NC,Henderson
Dave Hoppen,1964,NE,Omaha
Dennis Hopson,1965,OH,Toledo
Eddie Hughes,1960,MS,Greenville
Mark Jackson,1965,NY,Brooklyn
Michael Jackson," Los Angeles""",WA,1949
Kannard Johnson,1965,OH,Cincinnati
Kevin Johnson,1962,AL,Tuskegee
Bart Kofoed,1964,NE,Omaha
Ralph Lewis,1963,PA,Philadelphia
Reggie Lewis,1965,MD,Baltimore
Brad Lohaus,1964,MN,New Ulm
Derrick McKey,1966,MS,Meridian
Andre Moore,1964,IL,Chicago
Ron Moore,1962,NY,New York
Ronnie Murphy,1964,DE,Dover
Martin Nessley,1965,OH,Columbus
Ken Norman,1964,IL,Chicago
Scottie Pippen*,1965,AR,Hamburg
Richard Rellford,1964,FL,Riviera Beach
Scott Roth,1963,OH,Cleveland
Brian Rowsom,1965,NJ,Newark
Kenny Smith,1965,NY,Queens
John Stroeder,1958,WA,Bremerton
Milt Wagner,1963,NJ,Camden
Jamie Waller,1964,VA,South Boston
Clinton Wheeler,1959,NJ,Neptune
Eric White,1965,CA,San Francisco
Tony White,1965,NC,Charlotte
Reggie Williams,1964,MD,Baltimore
Nikita Wilson,1964,LA,Pineville
Ricky Wilson,1956,KY,Louisville
Rickie Winslow,1964,TX,Houston
Joe Wolf,1964,WI,Kohler
Phil Zevenbergen,1964,WA,Seattle
Randy Allen,1965,FL,Milton
Michael Anderson,1966,PA,Philadelphia
Willie Anderson,1967,SC,Greenville
Ricky Berry,1964,MI,Lansing
Anthony Bowie,1963,OK,Tulsa
Mark Bryant,1965,NJ,Glen Ridge
Greg Butler,1966,CA,Inglewood
Mike Champion,1964,WA,Everett
Rex Chapman,1967,KY,Bowling Green
Derrick Chievous,1967,NY,New York
Mark Davis,1963,VA,Chesapeake
Fennis Dembo,1966,AL,Mobile
Ledell Eackles,1966,LA,Baton Rouge
Kevin Edwards,1965,OH,Cleveland Heights
Duane Ferrell,1965,MD,Baltimore
Anthony Frederick,1964,CA,Los Angeles
Corey Gaines,1965,CA,Los Angeles
Tom Garrick,1966,RI,West Warwick
Ben Gillery,1965,MI,Detroit
Orlando Graham,1965,AL,Montgomery
Ron Grandison,1964,CA,Los Angeles
Gary Grant,1965,OH,Canton
Harvey Grant,1965,GA,Augusta
Sylvester Gray,1967,TN,Millington
Jeff Grayer,1965,MI,Flint
Hersey Hawkins,1966,IL,Chicago
Avery Johnson,1965,LA,New Orleans
Bill Jones,1966,MI,Detroit
Shelton Jones,1966,NY,Copaigue
Randolph Keys,1966,MS,Collins
Jerome Lane,1966,OH,Akron
Andrew Lang,1966,AR,Pine Bluff
Eric Leckner,1966,CA,Inglewood
Jim Les,1963,IL,Niles
Rob Lock,1966,CA,Reedley
Grant Long,1966,MI,Wayne
Dan Majerle,1965,MI,Traverse City
Danny Manning,1966,MS,Hattiesburg
Vernon Maxwell,1965,FL,Gainesville
Todd Mitchell,1966,OH,Toledo
Chris Morris,1966,GA,Atlanta
Craig Neal,1964,IN,Muncie
Will Perdue,1965,FL,Melbourne
Tim Perry,1965,NJ,Freehold
Dave Popson,1964,PA,Kingston
Dominic Pressley,1964,DC,Washington
Mitch Richmond*,1965,FL,Fort Lauderdale
David Rivers,1965,NJ,Jersey City
Rob Rose,1964,NY,Rochester
Jim Rowinski,1961,NY,Long Island
Charles Shackleford,1966,NC,Kinston
John Shasky,1964,MI,Birmingham
Keith Smart,1964,LA,Baton Rouge
Charles Smith,1965,CT,Bridgeport
John Starks,1965,OK,Tulsa
Everette Stephens,1966,IL,Evanston
Rod Strickland,1940,FL,Jacksonville
Barry Sumpter,1965,IL,Brooklyn
Anthony Taylor,1965,CA,Los Angeles
Tom Tolbert,1965,CA,Long Beach
Kelvin Upshaw,1963,IL,Chicago
Micheal Williams,1945,WA,Seattle
Nick Anderson,1968,IL,Chicago
Michael Ansley,1967,AL,Birmingham
Dana Barros,1967,MA,Boston
Kenny Battle,1964,IL,Aurora
Winston Bennett,1965,KY,Louisville
Mookie Blaylock,1967,TX,Garland
Chucky Brown,1968,NY,New York
Raymond Brown,1965,GA,Atlanta
Stanley Brundy,1967,LA,New Orleans
Adrian Caldwell,1966,TX,Falls County
Lanard Copeland,1965,GA,Atlanta
Terry Davis,1967,VA,Danville
Byron Dinkins,1967,NC,Charlotte
Sherman Douglas,1966,DC,Washington
Terry Dozier,1966,MD,Baltimore
Blue Edwards,1965,DC,Washington
Jay Edwards,1955,WA,Seattle
Sean Elliott,1968,AZ,Tucson
Pervis Ellison,1967,GA,Savannah
Derrick Gervin,1963,MI,Detroit
Greg Grant,1966,NJ,Trenton
Scott Haffner,1966,IN,Terre Haute
Tom Hammonds,1967,FL,Fort Walton
Tim Hardaway,1966,IL,Chicago
Mike Higgins,1967,NE,Grand Island
Ed Horton,1967,IL,Springfield
Byron Irvin,1966,IL,LaGrange
Jaren Jackson,1967,LA,New Orleans
Eric Johnson,1966,NY,Brooklyn
Nate Johnston,1966,AL,Birmingham
Shawn Kemp,1969,IN,Elkhart
Stan Kimbrough,1966,AL,Tuscaloosa
Stacey King,1967,OK,Lawton
Frank Kornet,1967,KY,Lexington
Jeff Lebo,1966,PA,Carlisle
Tim Legler,1966,DC,Washington
Gary Leonard,1967,IL,Belleville
Clifford Lett,1965,FL,Pensacola
Todd Lichti,1967,CA,Walnut Creek
Roy Marble,1966,MI,Flint
Jeff Martin,1967,AR,Cherry Valley
Anthony Mason,1966,FL,Miami
Bob McCann,1964,NJ,Morristown
Mel McCants,1967,IL,Chicago
George McCloud,1967,FL,Daytona Beach
Carlton McKinney,1964,CA,San Diego
Scott Meents,1964,IL,Kankakee
Sam Mitchell,1963,GA,Columbus
Mike Morrison,1967,DC,Washington
John Morton,1967,NY,Bronx
Dyron Nix,1967,MS,Meridian
Kenny Payne,1966,MS,Laurel
Brian Quinnett,1966,WA,Pullman
Glen Rice,1967,AR,Jacksonville
Clifford Robinson,1960,CA,Oakland
David Robinson*,1965,FL,Key West
Doug Roth,1967,TN,Knoxville
Donald Royal,1966,LA,New Orleans
Delaney Rudd,1962,NC,Halifax
Jeff Sanders,1966,GA,Augusta
Dexter Shouse,1963,IN,Terre Haute
Michael Smith,1965,NY,Rochester
Jay Taylor,1967,IL,Aurora
Leonard Taylor,1966,CA,Los Angeles
Doug West,1967,PA,Altoona
Randy White,1967,LA,Shreveport
Mike Williams,1945,WA,Seattle
Haywoode Workman,1966,NC,Charlotte
Keith Askins,1967,AL,Athens
Cedric Ball,1968,MA,Worcester
Lance Blanks,1966,TX,Del Rio
Anthony Bonner,1968,MO,St. Louis
Dee Brown,1968,FL,Jacksonville
Jud Buechler,1968,CA,San Diego
Matt Bullard,1967,IA,Des Moines
Willie Burton,1968,MI,Detroit
Rick Calloway,1966,OH,Cincinnati
Elden Campbell,1968,CA,Los Angeles
Duane Causwell,1968,NY,Queens Village
Richard Coffey,1965,NC,Aurora
Derrick Coleman,1967,AL,Mobile
Bimbo Coles,1968,VA,Covington
Anthony Cook,1967,CA,Los Angeles
Tony Dawson,1967,NC,Kinston
Mario Elie,1963,NY,New York
Danny Ferry,1966,MD,Hyattsville
Greg Foster,1968,CA,Oakland
Tate George,1968,NJ,Newark
Kendall Gill,1968,IL,Chicago
Gerald Glass,1967,MS,Greenwood
Dan Godfread,1967,IN,Fort Wayne
Jim Grandholm,1960,IN,Elkhart
Tony Harris,1967,LA,Monroe
Steve Henson,1968,KS,Junction City
Sean Higgins,1968,CA,Los Angeles
Tyrone Hill,1968,OH,Cincinnati
Dave Jamerson,1967,WV,Clarksburg
Henry James,1965,AL,Centreville
Les Jepsen,1967,ND,Bowbells
Alec Kessler,1967,MN,Minneapolis
Bo Kimble,1966,PA,Philadelphia
Negele Knight,1967,MI,Detroit
Kurk Lee,1967,MD,Baltimore
Marcus Liberty,1968,IL,Chicago
Tony Massenburg,1967,VA,Sussex
Travis Mays,1968,FL,Ocala
Terry Mills,1967,MI,Romulus
Chris Munk,1967,CA,San Francisco
Jerrod Mustaf,1969,NC,Whiteville
Dan O'Sullivan,1968,NY,Bronx
Alan Ogg,1967,OH,Lancaster
Brian Oliver,1968,IL,Chicago
Walter Palmer,1968,NY,Ithaca
Gary Payton*,1968,CA,Oakland
Kevin Pritchard,1967,IN,Bloomington
Larry Robinson,1968,LA,Bossier City
Steve Scheffler,1967,MI,Grand Rapids
Dwayne Schintzius,1968,FL,Brandon
Dennis Scott,1968,MD,Hagerstown
Lionel Simmons,1968,PA,Philadelphia
Felton Spencer,1968,KY,Louisville
Irving Thomas,1966,NY,Brooklyn
Andy Toolson,1966,IL,Chicago
Loy Vaught,1968,MI,Grand Rapids
Jayson Williams,1968,SC,Ritter
Kenny Williams,1961,NY,New York
Scott Williams,1968,CA,Hacienda Heights
Kennard Winchester,1966,MD,Chestertown
Howard Wright,1947,KY,Louisville
Victor Alexander,1969,MI,Detroit
Kenny Anderson,1970,NY,Queens
Isaac Austin,1969,CA,Gridley
Steve Bardo,1968,KY,Henderson
David Benoit,1968,LA,Lafayette
Terrell Brandon,1970,OR,Portland
Kevin Brooks,1969,SC,Beaufort
Myron Brown,1969,PA,McKees Rocks
Randy Brown,1965,GA,Atlanta
Demetrius Calip,1969,MI,Flint
Pete Chilcutt,1968,SC,Sumter
Marty Conlon,1968,NY,Bronx
Tom Copa,1964,MN,Robbinsdale
Chris Corchiani,1968,FL,Coral Gables
Corey Crowder,1969,GA,Carrollton
Dale Davis,1969,GA,Toccoa
Bison Dele,1969,CA,Fresno
Patrick Eddie,1967,WI,Milwaukee
LeRon Ellis,1940,NY,Far Rockaway
Chris Gatling,1967,NJ,Elizabeth
Paul Graham,1967,PA,Philadelphia
Sean Green,1970,CA,Santa Monica
Donald Hodge,1969,DC,Washington
Brian Howard,1967,NC,Winston-Salem
Cedric Hunter,1965,TX,Wichita Falls
Mike Iuzzolino,1968,PA,Altoona
Rich King,1969,NE,Lincoln
Doug Lee,1964,IL,Washington
Kevin Lynch,1968,MN,Bloomington
Mark Macon,1969,MI,Saginaw
Tharon Mayes,1968,CT,New Haven
Rodney Monroe,1968,MD,Baltimore
Tracy Moore,1965,OK,Oklahoma City
Eric Murdock,1968,NJ,Somerville
Jimmy Oliver,1969,AR,Menifee
Billy Owens,1969,PA,Carlisle
Robert Pack,1969,LA,New Orleans
Elliot Perry,1969,TN,Memphis
Bobby Phills,1969,LA,Baton Rouge
Mark Randall,1967,MN,Edina
Stanley Roberts,1970,SC,Hopkins
LaBradford Smith,1958,MS,Rolling Fork
Steve Smith,1969,MI,Highland Park
Larry Stewart,1968,PA,Philadelphia
Derek Strong,1968,CA,Los Angeles
Lamont Strothers,1968,VA,Nansemond County
Greg Sutton,1967,CA,Santa Cruz
Carl Thomas,1969,OH,Dayton
Charles Thomas,1969,OH,Dayton
Stephen Thompson,1968,CA,Los Angeles
John Turner,1967,DC,Washington
Eric Anderson,1970,IL,Chicago
Anthony Avent,1969,NC,Rocky Mount
Jon Barry,1969,CA,Oakland
Tony Bennett,1969,WI,Green Bay
Alex Blackwell,1970,NJ,Toms River
Ricky Blanton,1966,FL,Miami
Walter Bond,1969,IL,Chicago
Doug Christie,1970,WA,Seattle
Duane Cooper,1969,MI,Benton Harbor
Joe Courtney,1969,MS,Jackson
John Crotty,1969,NJ,Orange
Lloyd Daniels,1967,NY,Brooklyn
Hubert Davis,1970,NC,Winston-Salem
Todd Day,1970,IL,Decatur
Pat Durham,1967,TX,Dallas
LaPhonso Ellis,1970,IL,East St. Louis
Matt Geiger,1969,MA,Salem
Litterial Green,1970,MS,Pascagoula
Tom Gugliotta,1969,NY,Huntington Station
Jay Guidinger,1969,WI,Milwaukee
Robert Horry,1970,AL,Andalusia
Byron Houston,1969,KS,Watonga
Stephen Howard,1970,TX,Dallas
Jim Jackson,1970,OH,Toledo
Keith Jennings,1968,VA,Culpepper
Dave Johnson,1970,LA,Morgan City
Thomas Jordan,1968,MD,Baltimore
Adam Keefe,1970,CA,Irvine
Christian Laettner,1969,NY,Angola
Sam Mack,1970,IL,Chicago
Marlon Maxey,1969,IL,Chicago
Lee Mayberry,1970,OK,Tulsa
Oliver Miller,1970,TX,Fort Worth
Harold Miner,1971,CA,Inglewood
Isaiah Morris,1969,VA,Richmond
Alonzo Mourning*,1970,VA,Chesapeake
Melvin Newbern,1967,OH,Toledo
Shaquille O'Neal*,1972,NJ,Newark
Matt Othick,1969,NM,Clovis
Doug Overton,1969,PA,Philadelphia
Anthony Peeler,1969,MO,Kansas City
Brent Price,1968,OK,Shawnee
Anthony Pullard,1966,LA,DeQuincy
Sean Rooks,1969,NY,New York
Malik Sealy,1970,NY,Bronx
Chris Smith,1965,CT,Bridgeport
Reggie Smith,1970,CA,San Jose
Andre Spencer,1964,CA,Stockton
Latrell Sprewell,1970,WI,Milwaukee
Barry Stevens,1963,MI,Flint
Bryant Stith,1970,VA,Emporia
Clarence Weatherspoon,1970,MS,Crawford
Marcus Webb,1970,AL,Montgomery
Robert Werdann,1970,NY,Sunnyside
Corey Williams,1970,GA,Twiggs
Lorenzo Williams,1969,FL,Ocala
Randy Woods,1970,PA,Philadelphia
Gary Alexander,1969,FL,Jacksonville
Vin Baker,1971,FL,Lake Wales
Corie Blount,1969,CA,Monrovia
Evers Burns,1971,MD,Baltimore
Scott Burrell,1971,CT,New Haven
Mitchell Butler,1946,TN,Memphis
Sam Cassell,1969,MD,Baltimore
Calbert Cheaney,1971,IN,Evansville
Michael Curry,1968,AL,Anniston
Antonio Davis,1968,CA,Oakland
Brian Davis,1955,PA,Monaca
Terry Dehere,1971,NY,New York
Dell Demps,1970,CA,Long Beach
Acie Earl,1970,IL,Peoria
Bill Edwards,1971,OH,Middletown
Doug Edwards,1971,FL,Miami
Harold Ellis,1970,GA,Atlanta
Alphonso Ford,1971,MS,Greenwood
Chad Gallagher,1969,IL,Rockford
Ricky Grace,1967,TX,Dallas
Greg Graham,1970,IN,Indianapolis
Josh Grant,1967,UT,Salt Lake City
Anfernee Hardaway,1971,TN,Memphis
Antonio Harvey,1970,MS,Pascagoula
Scott Haskin,1970,CA,Riverside
Skeeter Henry,1967,TX,Dallas
Allan Houston,1971,KY,Louisville
Lindsey Hunter,1970,MS,Utica
Bobby Hurley,1971,NJ,Jersey City
Stanley Jackson,1970,AL,Tuskegee
Chris Jent,1970,CA,Orange
Ervin Johnson,1966,NY,Brooklyn
Popeye Jones,1970,TN,Dresden
Adonis Jordan,1970,NY,Brooklyn
Reggie Jordan,1968,IL,Chicago
Warren Kidd,1970,AL,Harpersville
Chris King,1969,NC,Newton Grove
George Lynch,1970,VA,Roanoke
Malcolm Mackey,1970,TN,Chattanooga
Bob Martin,1969,MN,Minneapolis
Jamal Mashburn,1972,NY,New York
Darnell Mee,1971,TN,Cleveland
Chris Mills,1970,CA,Los Angeles
Darren Morningstar,1969,WA,Stevenson
Bo Outlaw,1971,TX,San Antonio
Mike Peplowski,1970,MI,Detroit
Eric Riley,1970,OH,Cleveland
Rodney Rogers,1971,NC,Durham
Kevin Thompson,1971,NC,Winston-Salem
Keith Tower,1970,MT,Libby
Rex Walters,1970,NE,Omaha
Chris Webber,1973,MI,Detroit
Matt Wenstrom,1970,MN,Minneapolis
David Wesley,1970,TX,San Antonio
Chris Whitney,1971,KY,Hopkinsville
Aaron Williams,1971,IL,Evanston
Luther Wright,1971,NJ,Jersey City
Derrick Alston,1972,NY,Bronx
Darrell Armstrong,1968,NC,Gastonia
Elmer Bennett,1970,IL,Evanston
James Blackwell,1968,NY,Mount Kisco
Tim Breaux,1970,LA,Baton Rouge
Chris Childs,1967,CA,Bakersfield
Bill Curley,1972,MA,Boston
Tony Dumas,1972,IL,Chicago
Howard Eisley,1972,MI,Detroit
Matt Fish,1969,IA,Washington
Brian Grant,1972,OH,Columbus
Darrin Hancock,1971,AL,Birmingham
Jerome Harmon,1969,IN,Gary
Grant Hill,1972,TX,Dallas
Tom Hovasse,1967,CO,Durango
Juwan Howard,1973,IL,Chicago
Askia Jones,1971,PA,Philadelphia
Jason Kidd,1973,CA,San Francisco
Antonio Lang,1966,AR,Pine Bluff
Ryan Lorthridge,1972,TN,Nashville
Donyell Marshall,1973,PA,Reading
Jim McIlvaine,1972,WI,Racine
Aaron McKie,1972,PA,Philadelphia
Anthony Miller,1971,MI,Benton Harbor
Greg Minor,1971,GA,Sandersville
Eric Mobley,1970,NY,Bronx
Eric Montross,1971,IN,Indianapolis
Dwayne Morton,1971,KY,Louisville
Lamond Murray,1973,CA,Pasadena
Ivano Newbill,1970,MO,Sedalia
Wesley Person,1971,AL,Crenshaw
Derrick Phelps,1972,NY,Queens
Eric Piatkowski,1970,OH,Steubenville
Eldridge Recasner,1967,LA,New Orleans
Khalid Reeves,1972,NY,Queens
Glenn Robinson,1973,IN,Gary
Carlos Rogers,1971,MI,Detroit
Jalen Rose,1973,MI,Detroit
Clifford Rozier,1972,FL,Bradenton
Trevor Ruffin,1970,NY,Buffalo
Dickey Simpkins,1972,MD,Fort Washington
Reggie Slater,1970,TX,Houston
Mark Strickland,1970,GA,Atlanta
Aaron Swinson,1971,GA,Brunswick
Brooks Thompson,1970,TX,Dallas
Anthony Tucker,1969,DC,Washington
Fred Vinson,1971,NC,Murfreesboro
Charlie Ward,1970,GA,Thomasville
Jamie Watson,1972,NC,Elm City
Monty Williams,1971,VA,Fredericksburg
Dontonio Wingfield,1974,GA,Albany
Sharone Wright,1973,GA,Macon
Cory Alexander,1973,VA,Waynesboro
Jerome Allen,1973,PA,Philadelphia
John Amaechi,1970,MA,Boston
Ashraf Amaya,1971,IL,Oak Park
Brent Barry,1971,NY,Hempstead
Corey Beck,1971,TN,Memphis
Mario Bennett,1973,TX,Denton
Travis Best,1972,MA,Springfield
Melvin Booker,1972,MS,Pascagoula
Donnie Boyce,1973,IL,Chicago
Marques Bragg,1970,NJ,East Orange
Junior Burrough,1973,NC,Charlotte
Jason Caffey,1973,AL,Mobile
Chris Carr,1974,MO,Ironton
Randolph Childress,1972,DC,Washington
Robert Churchwell,1972,IN,South Bend
John Coker,1971,WA,Richland
Andrew DeClercq,1973,MI,Detroit
Michael Finley,1973,IL,Melrose Park
Sherell Ford,1972,LA,Baton Rouge
Kevin Garnett,1976,SC,Mauldin
Anthony Goldwire,1971,FL,West Palm Beach
Thomas Hamilton,1975,IL,Chicago
Alvin Heggs,1967,FL,Jacksonville
Alan Henderson,1972,IN,Indianapolis
Fred Hoiberg,1972,NE,Lincoln
Darryl Johnson,1970,LA,Morgan City
Frankie King,1972,GA,Baxley
Jimmy King,1941,OK,Tulsa
Voshon Lenard,1973,MI,Detroit
Cedric Lewis,1969,DC,Washington
Martin Lewis,1975,KS,Liberal
Rich Manning,1970,WA,Tacoma
Donny Marshall,1973,PA,Reading
Cuonzo Martin,1971,MO,St. Louis
Clint McDaniel,1972,OK,Tulsa
Antonio McDyess,1974,MS,Quitman
Loren Meyer,1972,IA,Emmetsburg
Lawrence Moten,1972,DC,Washington
Todd Mundt,1970,IA,Iowa City
Howard Nathan,1972,IL,Peoria
Greg Ostertag,1973,TX,Dallas
Theo Ratliff,1973,AL,Demopolis
Bryant Reeves,1973,AR,Fort Smith
Don Reid,1973,DC,Washington
Terrence Rencher,1973,NY,Bronx
Shawn Respert,1972,MI,Detroit
Lou Roe,1972,NJ,Atlantic City
Joe Smith,1944,MS,Columbus
Eric Snow,1973,OH,Canton
Jerry Stackhouse,1974,NC,Kinston
Damon Stoudamire,1973,OR,Portland
Bob Sura,1973,PA,Wilkes-Barre
Larry Sykes,1973,OH,Toledo
Kurt Thomas,1972,TX,Dallas
Gary Trent,1974,OH,Columbus
Logan Vander,1971,WI,Valders
David Vaughn,1952,TN,Nashville
Rasheed Wallace,1974,PA,Philadelphia
Jeff Webster,1971,AR,Pine Bluff
Dwayne Whitfield,1972,MS,Aberdeen
Eric Williams,1972,NJ,Newark
Corliss Williamson,1970,GA,Twiggs
Shareef Abdur-Rahim,1976,GA,Marietta
Ray Allen,1965,FL,Milton
Shandon Anderson,1973,GA,Atlanta
Marcus Brown,1974,AR,West Memphis
Kobe Bryant,1978,PA,Philadelphia
Marcus Camby,1974,CT,Hartford
Jimmy Carruth,1969,TX,El Paso
Erick Dampier,1975,MS,Jackson
Ben Davis,1972,FL,Vero Beach
Emanual Davis,1968,PA,Philadelphia
Tony Delk,1974,TN,Covington
Nate Driggers,1973,IL,Chicago
Brian Evans,1973,IL,Rockford
Jamie Feick,1974,OH,Lexington
Derek Fisher,1974,AR,Little Rock
Todd Fuller,1958,MI,Detroit
Dean Garrett,1966,CA,Los Angeles
Reggie Geary,1973,NJ,Trenton
Devin Gray,1972,MD,Baltimore
Darvin Ham,1973,MI,Saginaw
Steve Hamer,1973,TN,Memphis
Othella Harrington,1974,MS,Jackson
Michael Hawkins,1972,OH,Canton
Mark Hendrickson,1974,WA,Mount Vernon
Allen Iverson*,1975,VA,Hampton
Kerry Kittles,1974,OH,Dayton
Travis Knight,1974,UT,Salt Lake City
Priest Lauderdale,1973,IL,Chicago
Randy Livingston,1975,LA,New Orleans
Matt Maloney,1971,MD,Silver Spring
Stephon Marbury,1977,NY,Brooklyn
Walter McCarty,1974,IN,Evansville
Amal McCaskill,1973,IL,Maywood
Jeff McInnis,1974,NC,Charlotte
Ruben Nembhard,1972,NY,Bronx
Gaylon Nickerson,1969,AR,Osecola
Moochie Norris,1973,DC,Washington
Jermaine O'Neal,1978,SC,Columbia
Ray Owes,1972,CA,San Bernardino
Chris Robinson,1974,GA,Columbus
Roy Rogers,1971,NC,Durham
Malik Rose,1974,PA,Philadelphia
Kevin Salvadori,1970,WV,Wheeling
Jason Sasser,1974,TX,Denton
Brent Scott,1971,MI,Jackson
James Scott,1972,NJ,Paterson
Shawnelle Scott,1972,NY,New York
Stevin Smith,1969,MI,Highland Park
Matt Steigenga,1970,MI,Grand Rapids
Joe Stephens,1973,CA,Riverside
Erick Strickland,1973,AL,Opelika
Brett Szabo,1968,IA,Postville
Antoine Walker,1955,NY,Long Island City
Samaki Walker,1976,OH,Columbus
Ben Wallace,1974,AL,White Hall
John Wallace,1974,NY,Rochester
Donald Whiteside,1969,IL,Chicago
Jerome Williams,1973,DC,Washington
Lorenzen Wright,1945,NJ,Newark
Derek Anderson,1974,KY,Louisville
Drew Barry,1973,CA,Oakland
Tony Battie,1976,TX,Dallas
Chauncey Billups,1976,CO,Denver
Etdrick Bohannon,1973,CA,San Bernardino
Keith Booth,1974,MD,Baltimore
Rick Brunson,1972,NY,Syracuse
Kelvin Cato,1974,GA,Atlanta
Keith Closs,1976,CT,Hartford
James Collins,1973,FL,Jacksonville
James Cotton,1924,MT,Miles City
Chris Crawford,1975,MI,Kalamazoo
Austin Croshere,1975,CA,Los Angeles
William Cunningham,1974,GA,Augusta
Antonio Daniels,1975,OH,Columbus
Tony Farmer,1970,CA,Los Angeles
Danny Fortson,1976,PA,Philadelphia
Lawrence Funderburke,1970,OH,Columbus
Chris Garner,1975,TN,Memphis
Kiwane Garris,1974,IL,Chicago
Ed Gray,1975,CA,Riverside
Derek Grimm,1974,IL,Peoria
Reggie Hanson,1968,NC,Charlotte
Jerald Honeycutt,1974,LA,Shreveport
Troy Hudson,1976,IL,Carbondale
Bobby Jackson,1973,NC,East Spencer
Anthony Johnson,1932,CA,Los Angeles
Dontae' Jones,1975,TN,Nashville
Brevin Knight,1975,NJ,Livingston
Rusty LaRue,1973,NC,Winston-Salem
Jason Lawson,1974,PA,Philadelphia
Michael McDonald,1969,TX,Longview
Tracy McGrady,1979,FL,Bartow
Ron Mercer,1976,TN,Nashville
Jeff Nordgaard,1973,MN,Dawson
Kevin Ollie,1972,TX,Dallas
Anthony Parker,1975,IL,Naperville
Scot Pollard,1975,UT,Murray
Mark Pope,1972,NE,Omaha
Rodrick Rhodes,1973,NJ,Jersey City
Shea Seals,1975,OK,Tulsa
God Shammgod,1976,NY,New York
Ed Stokes,1971,NY,Syracuse
Johnny Taylor,1974,TN,Chattanooga
Maurice Taylor,1976,MI,Detroit
John Thomas,1948,GA,Canton
Tim Thomas,1977,NJ,Paterson
Jacque Vaughn,1975,CA,Los Angeles
Eric Washington,1974,MS,Pearl
Bubba Wells,1974,KY,Russellville
DeJuan Wheat,1973,KY,Louisville
Brandon Williams,1975,LA,Collinston
Travis Williams,1969,SC,Columbia
LaMark Baker,1969,OH,Dayton
Corey Benjamin,1978,CA,Compton
Mike Bibby,1978,NJ,Cherry Hill
Earl Boykins,1976,OH,Cleveland
Cory Carr,1975,AR,Fordyce
Vince Carter,1977,FL,Daytona Beach
Ricky Davis,1979,NV,Las Vegas
Michael Dickerson,1975,SC,Greenville
Michael Doleac,1977,TX,San Antonio
Bryce Drew,1974,LA,Baton Rouge
Marlon Garnett,1975,CA,Los Angeles
Pat Garrity,1976,NV,Las Vegas
Paul Grant,1974,PA,Pittsburgh
Matt Harpring,1976,OH,Cincinnati
Al Harrington,1980,NJ,Orange
Larry Hughes,1979,MO,St. Louis
Sam Jacobson,1975,MN,Cottage Grove
Jerome James,1975,FL,Tampa
Antawn Jamison,1976,LA,Shreveport
Damon Jones,1976,TX,Galveston
Jonathan Kerner,1974,GA,Atlanta
Gerard King,1928,WV,Charleston
Raef LaFrentz,1976,IA,Hampton
Rashard Lewis,1963,PA,Philadelphia
Tyronn Lue,1977,MO,Mexico
Kelly McCarty,1975,IL,Chicago
Roshown McLeod,1975,NJ,Jersey City
Brad Miller,1976,IN,Fort Wayne
Cuttino Mobley,1975,PA,Philadelphia
Nazr Mohammed,1977,IL,Chicago
Mikki Moore,1975,SC,Orangeburg
Andrae Patterson,1975,CA,Riverside
Ruben Patterson,1975,OH,Cleveland
Paul Pierce,1977,CA,Oakland
Casey Shaw,1975,OH,Lebanon
Jeffrey Sheppard,1974,GA,Marietta
Alvin Sims,1974,KY,Paris
Brian Skinner,1976,TX,Temple
Ryan Stack,1975,TN,Nashville
Robert Traylor,1977,MI,Detroit
Bonzi Wells,1976,IN,Muncie
Tyson Wheeler,1975,CT,New Britain
Jahidi White,1976,MO,St. Louis
Jason Williams,1968,SC,Ritter
Shammond Williams,1975,NY,Bronx
Trevor Winter,1974,MN,Slayton
Korleone Young,1978,KS,Wichita
Rafer Alston," Fresno""",NY,1976
Chucky Atkins,1974,FL,Orlando
William Avery,1979,GA,Augusta
Jonathan Bender,1981,MS,Picayune
Calvin Booth,1976,OH,Reynoldsburg
Cal Bowdler,1977,VA,Sharps
Ryan Bowen,1975,IA,Fort Madison
Ira Bowman,1973,NJ,Newark
Elton Brand,1979,NY,Cortlandt Manor
Greg Buckner,1976,KY,Hopkinsville
Rodney Buford,1977,WI,Milwaukee
Anthony Carter,1975,WI,Milwaukee
John Celestand,1977,TX,Houston
Vonteego Cummings,1976,GA,Thomson
Derrick Dial,1975,MI,Detroit
Evan Eschmeyer,1975,OH,New Knoxville
Jeff Foster,1977,TX,San Antonio
Steve Francis,1977,MD,Silver Spring
Devean George,1977,MN,Minneapolis
Dion Glover,1978,GA,Marietta
Adrian Griffin,1974,KS,Wichita
Richard Hamilton,1978,PA,Coatesville
Derek Hood,1976,MO,Kansas City
Rick Hughes,1962,IL,Chicago
Jermaine Jackson,1976,MI,Detroit
Tim James,1976,FL,Miami
Harold Jamison,1976,SC,Orangeburg
DeMarco Johnson,1954,CA,San Pedro
Jumaine Jones,1979,FL,Cocoa
Lari Ketner,1977,PA,Philadelphia
Trajan Langdon,1976,CA,Palo Alto
Quincy Lewis,1977,AR,Little Rock
Corey Maggette,1979,IL,Melrose Park
Andre Miller,1971,MI,Benton Harbor
Lamar Odom,1979,NY,Jamaica
Scott Padgett,1976,KY,Louisville
Milt Palacio,1978,CA,Los Angeles
James Posey,1977,OH,Cleveland
Laron Profit,1977,SC,Charleston
Ryan Robertson,1976,OK,Lawton
Eddie Robinson,1976,MI,Flint
Michael Ruffin,1977,CO,Denver
Wally Szczerbiak,1949,PA,Pittsburgh
Jason Terry,1977,WA,Seattle
Jamel Thomas,1973,NY,Brooklyn
Kenny Thomas,1977,GA,Atlanta
Wayne Turner,1976,MA,Boston
Dedric Willoughby,1974,LA,New Orleans
Tim Young,1976,CA,Santa Cruz
Courtney Alexander,1973,VA,Waynesboro
Erick Barkley,1978,NY,Queens
Mark Blount,1975,NY,Dobbs Ferry
Brian Cardinal,1977,IL,Tolono
Mateen Cleaves,1977,MI,Flint
Jason Collier,1973,FL,Jacksonville
Sean Colson,1975,PA,Philadelphia
Jamal Crawford,1980,WA,Seattle
Keyon Dooling,1980,FL,Ft. Lauderdale
Khalid El-Amin,1979,MN,Minneapolis
Marcus Fizer,1978,MI,Detroit
Eddie Gill,1978,CO,Aurora
Steve Goodrich,1976,PA,Philadelphia
Zendon Hamilton,1975,NY,Floral Park
Jason Hart,1978,CA,Los Angeles
Donnell Harvey,1980,GA,Shellman
Eddie House,1978,CA,Berkeley
Marc Jackson,1965,NY,Brooklyn
Stephen Jackson,1970,AL,Tuskegee
DerMarr Johnson,1954,CA,San Pedro
Dan Langhi,1977,IL,Chicago
Art Long,1972,NY,Rochester
Mark Madsen,1976,CA,Walnut Creek
Kenyon Martin,1977,MI,Saginaw
Desmond Mason,1977,TX,Waxahachie
Dan McClintock,1977,CA,Fountain Valley
Paul McPherson,1978,IL,Chicago
Chris Mihm,1979,WI,Milwaukee
Darius Miles,1981,IL,Belleville
Mike Miller,1980,SD,Mitchell
Lee Nailon,1975,IN,South Bend
Ira Newble,1975,MI,Southfield
Andy Panko,1977,PA,Harrisburg
Mike Penberthy,1974,CA,Los Gatos
Morris Peterson,1977,MI,Flint
Chris Porter,1978,AL,Abbeville
Lavor Postell,1978,GA,Albany
Joel Przybilla,1979,MN,Monticello
Michael Redd,1979,OH,Columbus
Quentin Richardson,1980,IL,Chicago
Daniel Santiago,1976,TX,Lubbock
Jabari Smith,1977,GA,Atlanta
Mike Smith,1965,NY,Rochester
DeShawn Stevenson,1981,CA,Fresno
Stromile Swift,1979,LA,Shreveport
Jake Tsakalidis,1979,GA,Rustavi
David Vanterpool,1973,FL,Daytona Beach
Jake Voskuhl,1977,OK,Tulsa
Malik Allen,1978,NJ,Willingboro
Chris Andersen,1978,CA,Long Beach
Gilbert Arenas,1982,CA,Los Angeles
Brandon Armstrong,1980,CA,San Francisco
Shane Battier,1978,MI,Birmingham
Charlie Bell,1979,MI,Flint
Michael Bradley,1979,MA,Worcester
Jamison Brewer,1980,GA,East Point
Damone Brown,1923,CA,Eureka
Ernest Brown,1979,NY,Bronx
Kedrick Brown,1981,LA,Zachary
Kwame Brown,1982,SC,Charleston
Tierre Brown,1979,LA,Iowa
Tyson Chandler,1982,CA,Hanford
Speedy Claxton,1978,NY,Queens
Jarron Collins,1973,FL,Jacksonville
Jason Collins,1973,FL,Jacksonville
Joe Crispin,1979,NJ,Pitman
Eddy Curry,1982,IL,Harvey
Maurice Evans,1978,KS,Wichita
Isaac Fontaine,1975,CA,Sacramento
Alton Ford,1971,MS,Greenwood
Joseph Forte,1981,GA,Atlanta
Eddie Griffin,1982,PA,Philadelphia
Tang Hamilton,1978,MS,Jackson
Trenton Hassell,1979,TN,Clarksville
Kirk Haston,1979,TN,Loblesville
Brendan Haywood,1979,NY,New York
Steven Hunter,1981,IL,Chicago
Mike James,1975,NY,Copaigue
Richard Jefferson,1980,CA,Los Angeles
Joe Johnson,1947,MS,Carthage
Terence Morris,1979,MD,Frederick
Troy Murphy,1980,NJ,Morristown
Dean Oliver,1978,IL,Quincy
Zach Randolph,1981,IN,Marion
Jason Richardson,1981,MI,Saginaw
Norm Richardson,1979,NY,Brooklyn
Jeryl Sasser,1979,TX,Dallas
Kenny Satterfield,1981,NY,New York
Brian Scalabrine,1978,CA,Long Beach
Ansu Sesay,1976,NC,Greensboro
Bobby Simmons,1980,IL,Chicago
Leon Smith,1980,IL,Chicago
Will Solomon,1978,CT,Hartford
Etan Thomas,1978,NY,Harlem
Jamaal Tinsley,1978,NY,Brooklyn
Jeff Trepagnier,1979,CA,Los Angeles
Gerald Wallace,1982,AL,Sylacauga
Rodney White,1959,AL,Tuskegee
Loren Woods,1978,MO,St. Louis
Maceo Baston,1975,TX,Corsicana
Mike Batiste,1977,CA,Long Beach
Lonny Baxter,1979,MD,Silver Spring
Devin Brown,1968,FL,Jacksonville
Caron Butler,1980,WI,Racine
Rasual Butler,1979,PA,Philadelphia
Dan Dickau,1978,OR,Portland
Juan Dixon,1978,MD,Baltimore
Reggie Evans,1980,FL,Pensacola
Drew Gooden,1981,CA,Oakland
Marcus Haislip,1980,TN,Lewisburg
Adam Harrington,1980,MA,Bernardston
Junior Harrington,1980,NC,Wagram
Nate Huffman,1975,MI,Battle Creek
Ryan Humphrey,1979,OK,Tulsa
Casey Jacobsen,1981,CA,Glendora
Jared Jeffries,1981,IN,Bloomington
Fred Jones,1979,AR,Malvern
Sean Lampley,1979,IL,Harvey
Roger Mason,1980,DC,Washington
Ronald Murray,1979,PA,Philadelphia
Chris Owens,1979,OH,Akron
Jannero Pargo,1979,IL,Chicago
Smush Parker,1981,NY,New York
Tayshaun Prince,1980,CA,Compton
Guy Rucker,1977,MI,Inkster
Kareem Rush,1980,MO,Kansas City
John Salmons,1979,PA,Philadelphia
Jamal Sampson,1983,CA,Inglewood
Paul Shirley,1977,KS,Meriden
Tamar Slay,1980,WV,Beckley
Amar'e Stoudemire,1982,FL,Lake Wales
Nikoloz Tskitishvili,1983,GA,Tbilisi
Chris Wilcox,1982,NC,Raleigh
Mike Wilks,1979,WI,Milwaukee
Frank Williams,1956,CA,Los Angeles
Jay Williams,1968,SC,Ritter
Qyntel Woods,1981,TN,Memphis
Vincent Yarbrough,1981,TN,Cleveland
Carmelo Anthony,1984,NY,New York
Matt Barnes,1952,RI,Providence
Jerome Beasley,1980,CA,Compton
Troy Bell,1980,MN,Minneapolis
Steve Blake,1980,FL,Hollywood
Keith Bogans,1980,VA,Alexandria
Curtis Borchardt,1980,NY,Buffalo
Chris Bosh,1984,TX,Dallas
Torraye Braggs,1976,CA,Fresno
Matt Carroll,1980,PA,Pittsburgh
Maurice Carter,1976,MS,Jackson
Brian Cook,1980,IL,Lincoln
Omar Cook,1982,NY,Brooklyn
Marquis Daniels,1981,FL,Jasper
Josh Davis,1955,MI,Detroit
Kaniel Dickens,1978,CO,Denver
Ronald Dupree,1981,MS,Biloxi
Desmond Ferguson,1977,MI,Lansing
Richie Frahm,1977,WA,Battle Ground
Reece Gaines,1981,WI,Madison
Willie Green,1981,MI,Detroit
Ben Handlogten,1973,MI,Grand Rapids
Travis Hansen,1978,UT,Provo
Udonis Haslem,1980,FL,Miami
Jarvis Hayes,1981,GA,Atlanta
Kirk Hinrich,1981,IA,Sioux City
Josh Howard,1980,NC,Winston-Salem
Brandon Hunter,1980,OH,Cincinnati
LeBron James,1984,OH,Akron
Britton Johnsen,1979,UT,Salt Lake City
Linton Johnson,1980,IL,Chicago
Dahntay Jones,1976,TX,Galveston
Chris Kaman,1982,MI,Wyoming
Kyle Korver,1981,CA,Lakewood
Keith McLeod,1979,OH,Canton
Travis Outlaw,1984,MS,Starkville
Zaza Pachulia,1984,GA,Tbilisi
Desmond Penigar,1981,CA,Upland
Kendrick Perkins,1984,TX,Nederland
Luke Ridnour,1981,ID,Coeur d'Alene
Theron Smith,1980,FL,Bartow
Mike Sweetney,1982,MD,Oxon Hill
Ime Udoka,1977,OR,Portland
Dwyane Wade,1982,IL,Chicago
Luke Walton,1980,CA,San Diego
David West,1980,NJ,Teaneck
Mo Williams,1971,VA,Fredericksburg
Tony Allen,1982,IL,Chicago
Maurice Baker,1979,IL,Granite City
Andre Barrett,1982,NY,Bronx
Tony Bobbitt,1979,FL,Daytona
Matt Bonner,1980,NH,Concord
Antonio Burks,1980,TN,Memphis
Jackie Butler,1985,MS,McComb
Geno Carlisle,1976,MI,Grand Rapids
Lionel Chalmers,1980,NY,Albany
Josh Childress,1983,CA,Harbor City
Nick Collison,1980,IA,Orange City
Erik Daniels,1982,OH,Cincinnati
Chris Duhon,1982,LA,Mamou
Corsley Edwards,1979,MD,Baltimore
John Edwards,1981,OH,Warren
Andre Emmett,1982,TX,Dallas
Matt Freije,1981,KS,Overland Park
Devin Harris,1983,WI,Milwaukee
David Harrison,1982,TN,Nashville
Dwight Howard,1985,GA,Atlanta
Kris Humphries,1985,MN,Minneapolis
Andre Iguodala,1984,IL,Springfield
Royal Ivey,1981,NY,Harlem
Al Jefferson,1985,MS,Monticello
Horace Jenkins,1974,NJ,Elizabeth
Brandin Knight,1975,NJ,Livingston
Shaun Livingston,1985,IL,Peoria
Kevin Martin,1977,MI,Saginaw
Jameer Nelson,1982,PA,Chester
Emeka Okafor,1982,TX,Houston
Justin Reed,1982,MS,Jackson
Jared Reiner,1982,SD,Tripp
Bernard Robinson,1980,DC,Washington
Quinton Ross,1981,TX,Dallas
Josh Smith,1944,MS,Columbus
Awvee Storey,1977,IL,Chicago
Robert Swift,1985,CA,Bakersfield
Sebastian Telfair,1985,NY,Brooklyn
Billy Thomas,1975,LA,Shreveport
James Thomas,1973,NY,Brooklyn
Jackson Vroman,1981,CA,Laguna
Delonte West,1983,DC,Washington
Damien Wilkins,1960,ID,Pocatello
Dorell Wright,1985,CA,Los Angeles
Alex Acker,1983,CA,Compton
Alan Anderson,1982,MN,Minneapolis
Earl Barron,1981,MS,Clarksdale
Eddie Basden,1983,NY,New York
Brandon Bass,1985,LA,Baton Rouge
Andray Blatche,1986,NY,Syracuse
Kevin Burleson,1979,WA,Seattle
Andrew Bynum,1987,NJ,Plainsboro
Will Bynum,1983,IL,Chicago
Travis Diener,1982,WI,Fond du Lac
Ike Diogu,1983,NY,Buffalo
Monta Ellis,1985,MS,Jackson
Daniel Ewing,1983,FL,Milton
Raymond Felton,1984,SC,Marion
Gerald Fitch,1982,GA,Columbus
Sharrod Ford,1972,LA,Baton Rouge
Channing Frye,1983,NY,White Plains
Ryan Gomes,1982,CT,Waterbury
Joey Graham,1982,DE,Wilmington
Stephen Graham,1982,DE,Wilmington
Danny Granger,1983,LA,New Orleans
Devin Green,1982,OH,Columbus
Gerald Green,1986,TX,Houston
Orien Greene,1982,FL,Gainesville
Anthony Grundy,1979,KY,Louisville
Chuck Hayes,1983,CA,San Leandro
Luther Head,1982,IL,Chicago
Julius Hodge,1983,NY,New York
Randy Holcomb,1979,IL,Chicago
Jarrett Jack,1983,MD,Fort Washington
Amir Johnson,1987,CA,Los Angeles
Dwayne Jones,1952,TX,Houston
David Lee,1942,CA,Modesto
Jason Maxiell,1983,IL,Chicago
Sean May,1984,IL,Chicago
Rashad McCants,1984,NC,Asheville
Aaron Miles,1983,OR,Portland
Andre Owens,1980,IN,Indianapolis
Chris Paul,1985,NC,Winston-Salem
Josh Powell,1983,SC,Charleston
Ronnie Price,1983,TX,Friendswood
Shavlik Randolph,1983,NC,Raleigh
Anthony Roberson,1955,TN,Chattanooga
Lawrence Roberts,1982,TX,Houston
Nate Robinson,1984,WA,Seattle
Melvin Sanders,1981,KS,Liberal
Alex Scales,1978,WI,Racine
Wayne Simien,1983,KS,Leavenworth
James Singleton,1981,IL,Chicago
Salim Stoudamire,1982,OR,Portland
Chris Taft,1985,NY,Brooklyn
Donell Taylor,1982,DC,Washington
Charlie Villanueva,1984,NY,Queens
Von Wafer,1985,LA,Homer
Matt Walsh,1982,PA,Holland
Hakim Warrick,1982,PA,Philadelphia
Martell Webster,1952,MD,Baltimore
Robert Whaley,1982,MI,Benton Harbor
Deron Williams,1984,WV,Parkersburg
Lou Williams,1969,FL,Ocala
Marvin Williams,1982,MS,Jackson
Antoine Wright,1984,CA,West Covina
Derrick Zimmerman,1981,LA,Monroe
Hassan Adams,1984,CA,Inglewood
Maurice Ager,1984,MI,Detroit
LaMarcus Aldridge,1985,TX,Dallas
Hilton Armstrong,1984,NY,Peekskill
James Augustine,1984,IL,Midlothian
Renaldo Balkman,1984,NY,Staten Island
Will Blalock,1983,MA,Boston
Josh Boone,1984,MD,Mount Airy
Ronnie Brewer,1955,AR,Fort Smith
Andre Brown,1981,IL,Chicago
Shannon Brown,1985,IL,Maywood
Rodney Carney,1984,TN,Memphis
Mardy Collins,1984,PA,Philadelphia
Will Conroy,1982,OR,Portland
Paul Davis,1984,MI,Detroit
Quincy Douby,1984,NY,Brooklyn
Desmon Farmer,1981,MI,Flint
Randy Foye,1983,NJ,Newark
Rudy Gay,1986,NY,Brooklyn
Daniel Gibson,1986,TX,Houston
Lynn Greer,1979,PA,Philadelphia
Mike Hall,1984,IL,Chicago
Robert Hite,1984,OH,Cincinnati
Alexander Johnson,1983,GA,Albany
Solomon Jones,1984,FL,Eustis
Tarence Kinsey,1984,FL,Tampa
James Lang,1983,AL,Mobile
Kyle Lowry,1986,PA,Philadelphia
Chris McCray,1984,MD,Capitol Heights
Ivan McFarlin,1982,TX,Missouri City
Paul Millsap,1985,LA,Monroe
Randolph Morris,1986,TX,Houston
Adam Morrison,1984,MT,Glendive
David Noel,1984,NC,Durham
Steve Novak,1983,IL,Libertyville
Patrick O'Bryant,1986,IA,Oskaloosa
Leon Powe,1984,CA,Berkeley
Roger Powell,1983,IL,Joliet
Chris Quinn,1983,LA,New Orleans
Allan Ray,1984,NY,Bronx
Jeremy Richardson,1984,PA,Allentown
Rajon Rondo,1986,KY,Louisville
Brandon Roy,1984,WA,Seattle
Cedric Simmons,1986,NC,Shallotte
Craig Smith,1983,CA,Inglewood
Steven Smith,1969,MI,Highland Park
Tyrus Thomas,1986,LA,Baton Rouge
James White,1976,MO,St. Louis
Justin Williams,1984,IL,Chicago
Marcus Williams,1982,MS,Jackson
Shawne Williams,1975,NY,Bronx
Shelden Williams,1975,NY,Bronx
Blake Ahearn,1984,MO,St. Louis
Lance Allred,1981,UT,Salt Lake City
Morris Almond,1985,GA,Dalton
Corey Brewer,1986,TN,Portland
Aaron Brooks,1985,WA,Seattle
Wilson Chandler,1987,MI,Benton Harbor
Mike Conley,1987,AR,Fayetteville
Daequan Cook,1958,CA,Los Angeles
Javaris Crittenton,1987,GA,Atlanta
Jermareo Davidson,1984,GA,Atlanta
Glen Davis,1986,LA,Baton Rouge
Jared Dudley,1985,CA,San Diego
Kevin Durant,1988,DC,Washington
Thomas Gardner,1985,OR,Portland
Aaron Gray,1984,CA,Tarzana
Taurean Green,1986,FL,Fort Lauderdale
Mike Harris,1983,TX,Hillsboro
Spencer Hawes,1988,WA,Seattle
Coby Karl,1983,MT,Great Falls
Carl Landry,1983,WI,Milwaukee
Keith Langford,1983,TX,Fort Worth
Acie Law,1985,TX,Dallas
Josh McRoberts,1987,IN,Indianapolis
Jamario Moon,1980,AL,Goodwater
Demetris Nichols,1984,MA,Boston
Joakim Noah,1985,NY,New York
Kasib Powell,1981,NJ,Teaneck
Gabe Pruitt,1986,CA,Los Angeles
Chris Richard,1984,FL,Lakeland
Courtney Sims,1983,MA,Roslindale
Jason Smith,1977,GA,Atlanta
Rodney Stuckey,1986,WA,Seattle
Al Thornton,1983,GA,Perry
Alando Tucker,1943,OH,Dayton
Darius Washington,1985,FL,Winter Park
Darryl Watkins,1984,NJ,Paterson
Mario West,1960,VA,Petersburg
Sean Williams,1986,TX,Houston
Julian Wright,1987,IL,Chicago
Nick Young,1985,CA,Los Angeles
Thaddeus Young,1988,LA,New Orleans
Ryan Anderson,1988,CA,Sacramento
Darrell Arthur,1988,TX,Dallas
Jerryd Bayless,1988,AZ,Phoenix
Michael Beasley,1989,MD,Frederick
Bobby Brown,1923,OH,Versailles
Mario Chalmers,1986,AK,Anchorage
Joe Crawford,1986,MI,Detroit
Joey Dorsey,1983,MD,Baltimore
Chris Douglas-Roberts,1987,MI,Detroit
Eric Gordon,1988,IN,Indianapolis
Malik Hairston,1987,MI,Detroit
Roy Hibbert,1986,NY,Queens
George Hill,1986,IN,Indianapolis
Steven Hill,1985,KS,Chanute
Othello Hunter,1986,NC,Winston-Salem
Darnell Jackson,1985,OK,Oklahoma City
Dontell Jefferson,1983,GA,Lithonia
Trey Johnson,1984,MS,Jackson
DeAndre Jordan,1988,TX,Houston
Kosta Koufos,1989,OH,Canton
Rob Kurz,1985,PA,Philadelphia
Courtney Lee,1985,IN,Indianapolis
Brook Lopez,1988,CA,North Hollywood
Robin Lopez,1988,CA,North Hollywood
Cartier Martin,1984,TX,Crockett
Anthony Morrow,1985,NC,Charlotte
DeMarcus Nelson,1985,CA,Oakland
Greg Oden,1988,NY,Buffalo
Derrick Rose,1988,IL,Chicago
Brandon Rush,1985,MO,Kansas City
Walter Sharpe,1986,AL,Huntsville
Sean Singletary,1985,PA,Philadelphia
Marreese Speights,1987,FL,St. Petersburg
Mike Taylor,1986,IL,Chicago
Jason Thompson,1946,NY,New York
Anthony Tolliver,1985,MO,Springfield
Kyle Weaver,1986,WI,Janesville
Sonny Weems,1986,AR,West Memphis
Jawad Williams,1968,SC,Ritter
David Andersen,1943,MN,Minneapolis
Antonio Anderson,1945,NY,Buffalo
DeJuan Blair,1989,PA,Pittsburgh
Jon Brockman,1987,WA,Snohomish
Derrick Brown,1968,FL,Jacksonville
Chase Budinger,1988,CA,Encinitas
DeMarre Carroll,1986,AL,Birmingham
Earl Clark,1988,NJ,Plainfield
Dante Cunningham,1987,MD,Clinton
JamesOn Curry,1986,NC,Pleasant Grove
Stephen Curry,1988,OH,Akron
Austin Daye,1988,CA,Irvine
DeMar DeRozan,1989,CA,Compton
Toney Douglas,1986,GA,Jonesboro
Wayne Ellington,1987,PA,Wynnewood
Tyreke Evans,1989,PA,Chester
Jonny Flynn,1989,NY,Niagara Falls
Sundiata Gaines,1986,NY,Jamaica
Alonzo Gee,1987,FL,Riviera Beach
Taj Gibson,1985,NY,Brooklyn
Trey Gilder,1985,TX,Dallas
Taylor Griffin,1986,OK,Oklahoma City
Tyler Hansbrough,1985,MO,Poplar Bluff
James Harden,1989,CA,Los Angeles
Jordan Hill,1987,GA,Atlanta
Lester Hudson,1984,TN,Memphis
Chris Hunter,1984,IN,Gary
Cedric Jackson,1986,NM,Alamogordo
Othyus Jeffers,1985,IL,Chicago
Brandon Jennings,1989,CA,Compton
James Johnson,1987,WY,Cheyenne
Oliver Lafayette,1984,LA,Baton Rouge
Marcus Landry,1985,WI,Milwaukee
Ty Lawson,1987,MD,Clinton
Wesley Matthews,1959,FL,Sarasota
Eric Maynor,1987,NC,Raeford
Jodie Meeks,1987,GA,Norcross
Patty Mills,1985,LA,Monroe
Byron Mullens,1989,OH,Canal Winchester
DaJuan Summers,1988,MD,Baltimore
Jermaine Taylor,1960,AR,Blytheville
Jeff Teague,1988,IN,Indianapolis
Garrett Temple,1986,LA,Baton Rouge
Marcus Thornton,1987,LA,Baton Rouge
Terrence Williams,1987,WA,Seattle
Sam Young,1985,DC,Washington
Jeff Adrien,1986,MA,Brookline
Cole Aldrich,1988,MN,Burnsville
Al-Farouq Aminu,1990,GA,Atlanta
James Anderson,1989,AR,El Dorado
Eric Bledsoe,1989,AL,Birmingham
Trevor Booker,1987,SC,Newberry
Craig Brackins,1987,CA,Los Angeles
Avery Bradley,1990,WA,Tacoma
Derrick Caracter,1988,NJ,Fanwood
Sherron Collins,1987,IL,Chicago
Marcus Cousin,1986,MD,Baltimore
DeMarcus Cousins,1990,AL,Mobile
Jordan Crawford,1986,MI,Detroit
Ed Davis,1989,DC,Washington
Zabian Dowdell,1984,FL,Pahokee
Devin Ebanks,1989,NY,Queens
Jeremy Evans,1987,AR,Crossett
Derrick Favors,1991,GA,Atlanta
Landry Fields,1988,CA,Long Beach
Blake Griffin,1989,OK,Oklahoma City
Luke Harangody,1988,IL,Decatur
Manny Harris,1989,MI,Detroit
Gordon Hayward,1990,IN,Indianapolis
Lazar Hayward,1986,NY,Buffalo
Damion James,1987,NM,Hobbs
Eugene Jeter,1983,CA,Los Angeles
Armon Johnson,1920,MN,Gonvick
Chris Johnson,1949,TX,Corpus Christi
Wesley Johnson,1987,TX,Corsicana
Dominique Jones,1975,TN,Nashville
Gani Lawal,1988,GA,College Park
Jeremy Lin,1988,CA,Palo Alto
Greg Monroe,1990,LA,New Orleans
Gary Neal,1984,MD,Baltimore
Larry Owens,1983,AZ,Mesa
Patrick Patterson,1989,DC,Washington
Dexter Pittman,1988,TX,Rosenberg
Quincy Pondexter,1988,CA,Fresno
Andy Rautins,1986,NY,Syracuse
Larry Sanders,1988,FL,Fort Pierce
Mustafa Shakur,1984,PA,Philadelphia
Garret Siler,1986,GA,Augusta
Ish Smith,1988,NC,Charlotte
Lance Stephenson,1990,NY,Brooklyn
Evan Turner,1988,IL,Chicago
Ekpe Udoh,1987,OK,Edmond
Ben Uzoh,1988,TX,Houston
John Wall,1990,NC,Raleigh
Willie Warren,1989,TX,Dallas
Hassan Whiteside,1989,NC,Gastonia
Lavoy Allen,1989,PA,Morrisville
Keith Benson,1954,IN,New Castle
MarShon Brooks,1989,NJ,Long Branch
Alec Burks,1991,MO,Grandview
Jimmy Butler,1989,TX,Houston
Derrick Byars,1984,TN,Memphis
Norris Cole,1988,OH,Dayton
Eric Dawson,1984,TX,San Antonio
Justin Dentmon,1985,IL,Carbondale
Jerome Dyson,1987,MD,Rockville
Kenneth Faried,1989,NJ,Newark
Jeff Foote,1987,NY,Lockwood
Courtney Fortson,1988,TX,San Antonio
Jimmer Fredette,1989,NY,Glens Falls
Mickell Gladness,1986,AL,Birmingham
Andrew Goudelock,1988,GA,Gainesville
Jordan Hamilton,1948,KY,Lexington
Justin Harper,1989,VA,Richmond
Josh Harrellson,1989,MO,St. Charles
Terrel Harris,1987,TX,Dallas
Tobias Harris,1967,LA,Monroe
Cory Higgins,1989,CA,Danville
Darington Hobson,1987,NV,Las Vegas
Dennis Horner,1988,NJ,Linwood
Charles Jenkins,1989,NY,Brooklyn
Carldell Johnson,1983,LA,New Orleans
Ivan Johnson,1984,TX,San Antonio
JaJuan Johnson,1987,WY,Cheyenne
Brandon Knight,1975,NJ,Livingston
Kawhi Leonard,1991,CA,Los Angeles
Travis Leslie,1990,GA,Atlanta
Jon Leuer,1989,MN,Long Lake
DeAndre Liggins,1988,IL,Chicago
Shelvin Mack,1990,KY,Lexington
Vernon Macklin,1986,VA,Portsmouth
Darius Morris,1991,CA,Los Angeles
Daniel Orton,1990,OK,Oklahoma City
Jeremy Pargo,1986,IL,Chicago
Chandler Parsons,1988,FL,Casselberry
Ryan Reid,1986,FL,Lauderdale Lakes
Josh Selby,1991,MD,Baltimore
Iman Shumpert,1990,IL,Oak Park
Xavier Silas,1988,TX,San Antonio
Chris Singleton,1989,GA,Canton
Donald Sloan,1988,LA,Shreveport
Jerry Smith,1987,WI,Wauwatosa
Nolan Smith,1988,KY,Louisville
Greg Stiemsma,1985,WI,Randolph
Julyan Stone,1988,VA,Alexandria
Isaiah Thomas,1961,IL,Chicago
Lance Thomas,1988,NY,Brooklyn
Malcolm Thomas,1988,MO,Columbia
Klay Thompson,1990,CA,Los Angeles
Jeremy Tyler,1991,CA,San Diego
Edwin Ubiles,1986,NY,Brooklyn
Kemba Walker,1964,GA,Roberta
Derrick Williams,1984,WV,Parkersburg
Elliot Williams,1989,TN,Memphis
Jordan Williams,1951,CT,New Haven
Chris Wright,1988,OH,Trotwood
Quincy Acy,1990,TX,Tyler
Will Barton,1991,MD,Baltimore
Kent Bazemore,1989,NC,Kelford
Bradley Beal,1993,MO,St. Louis
Patrick Beverley,1988,IL,Chicago
Chris Copeland,1984,NJ,Orange
Jae Crowder,1990,GA,Villa Rica
Jared Cunningham,1991,CA,Oakland
Anthony Davis,1968,CA,Oakland
Andre Drummond,1993,NY,Mount Vernon
Kim English,1988,MD,Baltimore
Draymond Green,1990,MI,Saginaw
Ben Hansbrough,1987,MO,Poplar Bluff
Maurice Harkless,1993,NY,Queens
John Henson,1990,NC,Greensboro
Justin Holiday,1989,CA,Mission Hills
Bernard James,1985,GA,Savannah
John Jenkins,1991,TN,Nashville
Darius Johnson-Odom,1970,LA,Morgan City
DeQuan Jones,1990,GA,Stone Mountain
Kevin Jones,1989,NY,Mount Vernon
Perry Jones,1991,LA,Winnsboro
Terrence Jones,1992,OR,Portland
Michael Kidd-Gilchrist,1993,PA,Philadelphia
Doron Lamb,1991,NY,Queens
Jeremy Lamb,1992,VA,Henrico Valley
Meyers Leonard,1992,VA,Woodbridge
Damian Lillard,1990,CA,Oakland
Scott Machado,1990,NY,Queens
Kendall Marshall,1991,VA,Dumfries
Khris Middleton,1991,SC,Charleston
Darius Miller,1990,KY,Maysville
Quincy Miller,1992,IL,Chicago
Arnett Moultrie,1990,NY,Queens
Kevin Murphy,1990,GA,Atlanta
Kyle O'Quinn,1990,NY,Flushing
Miles Plumlee,1988,IN,Fort Wayne
Austin Rivers,1992,CA,Santa Monica
Brian Roberts,1985,OH,Toledo
Thomas Robinson,1991,DC,Washington
Terrence Ross,1991,OR,Portland
Robert Sacre,1989,LA,Baton Rouge
Mike Scott,1988,VA,Chesapeake
Tornike Shengelia,1991,GA,Tbilisi
Henry Sims,1990,MD,Baltimore
Kyle Singler,1988,OR,Medford
Jared Sullinger,1992,OH,Columbus
Jeffery Taylor,1960,AR,Blytheville
Tyshawn Taylor,1990,NJ,Hoboken
Marquis Teague,1993,IN,Indianapolis
Jarvis Varnado,1988,VA,Fairfax
Dion Waiters,1991,PA,Philadelphia
Maalik Wayns,1991,PA,Philadelphia
Tony Wroten,1993,WA,Seattle
Luke Zeller,1987,IA,Ames
Tyler Zeller,1990,CA,Visalia
Chris Babb,1990,TX,Arlington
Vander Blue,1992,WI,Milwaukee
Lorenzo Brown,1990,GA,Roswell
Reggie Bullock,1991,MD,Baltimore
Trey Burke,1992,OH,Columbus
Dwight Buycks,1989,WI,Milwaukee
Nick Calathes,1989,FL,Casselberry
Kentavious Caldwell-Pope,1993,GA,Thomaston
Isaiah Canaan,1991,MS,Biloxi
Michael Carter-Williams,1991,MA,Hamilton
Dionte Christmas,1986,PA,Philadelphia
Ian Clark,1991,TN,Memphis
Robert Covington,1990,IL,Bellwood
Allen Crabbe,1992,CA,Los Angeles
Seth Curry,1990,NC,Charlotte
Troy Daniels,1991,VA,Roanoke
Brandon Davies,1991,PA,Philadelphia
Dewayne Dedmon,1989,CA,Lancaster
Shane Edwards,1987,CA,Los Angeles
Carrick Felix,1990,AZ,Las Vegas
Jamaal Franklin,1991,CA,Moreno Valley
Archie Goodwin,1994,AR,Little Rock
Justin Hamilton,1990,CA,Newport Beach
Solomon Hill,1991,CA,Los Angeles
Scotty Hopson,1989,KY,Hopkinsville
Robbie Hummel,1989,IN,Valparaiso
Ryan Kelly,1991,NY,Carmel
Shane Larkin,1992,OH,Cincinnati
Ricky Ledo,1992,RI,Providence
Ray McCallum,1991,WI,Madison
Ben McLemore,1993,MO,St. Louis
Tony Mitchell,1966,OH,Toledo
Toure' Murry,1989,TX,Houston
Mike Muscala,1991,MN,St. Louis Park
Victor Oladipo,1992,MD,Silver Spring
Arinze Onuaku,1987,MD,Lanham
Mason Plumlee,1990,IN,Fort Wayne
Otto Porter,1993,MO,St. Louis
Phil Pressey,1991,TX,Dallas
Andre Roberson,1955,TN,Chattanooga
Peyton Siva,1990,WA,Seattle
Tony Snell,1991,CA,Riverside
James Southerland,1990,NY,Queens
Adonis Thomas,1993,TN,Memphis
Hollis Thompson,1991,CA,Pasadena
Royce White,1959,AL,Tuskegee
Jeff Withey,1990,CA,San Diego
Nate Wolters,1991,MN,St. Cloud
Cody Zeller,1992,IN,Washington
Kyle Anderson," Los Angeles""",NY,1993
Jerrelle Benimon,1991,VA,Warrenton
Tarik Black,1991,TN,Memphis
Jabari Brown,1992,CA,Oakland
Markel Brown,1974,AR,West Memphis
Will Cherry,1991,CA,Oakland
Patrick Christopher,1988,CA,Compton
Jordan Clarkson,1992,FL,Tampa
Jack Cooley,1991,IL,Evanston
Bryce Cotton,1992,AZ,Tucson
Andre Dawkins,1991,VA,Fairfax
Spencer Dinwiddie,1993,CA,Los Angeles
Cleanthony Early,1991,NY,Middletown
Tim Frazier,1990,TX,Houston
Langston Galloway,1991,LA,Baton Rouge
Aaron Gordon,1995,CA,San Jose
Drew Gordon,1990,CA,San Jose
Jerami Grant,1994,OR,Portland
Erick Green,1991,CA,Inglewood
JaMychal Green,1990,AL,Montgomery
Gary Harris,1994,IN,Fishers
Joe Harris,1991,WA,Chelan
Rodney Hood,1992,MS,Meridian
Cory Jefferson,1990,WA,Tacoma
Grant Jerrett,1993,CA,Costa Mesa
Nick Johnson,1992,AZ,Tempe
Sean Kilpatrick,1990,NY,Yonkers
Alex Kirk,1991,NM,Los Alamos
Kalin Lucas,1989,MI,Sterling Heights
Devyn Marble,1992,MI,Southfield
Doug McDermott,1992,ND,Grand Forks
Mitch McGary,1992,IN,Chesterton
Jerel McNeal,1987,IL,Chicago
Elijah Millsap,1987,LA,Grambling
Eric Moreland,1991,TX,Houston
Shabazz Napier,1991,MA,Roxbury
Nerlens Noel,1994,MA,Malden
Johnny O'Bryant,1993,MS,Cleveland
Jabari Parker,1995,IL,Chicago
Adreian Payne,1991,OH,Dayton
Elfrid Payton,1994,LA,Gretna
Julius Randle,1994,TX,Dallas
JaKarr Sampson,1983,CA,Inglewood
Marcus Smart,1994,TX,Flower Mound
Russ Smith,1991,NY,New York
David Stockton,1991,WA,Spokane
Jarnell Stokes,1994,TN,Memphis
Noah Vonleh,1995,MA,Haverhill
Shayne Whittington,1991,MI,Paw Paw
James Young,1995,MI,Flint
Cliff Alexander,1995,IL,Chicago
Justin Anderson,1993,VA,Montross
Keith Appling,1992,MI,Detroit
Devin Booker,1996,MI,Grand Rapids
Anthony Brown,1981,IL,Chicago
Willie Cauley-Stein,1993,KS,Spearville
Rakeem Christmas,1991,NJ,Irvington
Coty Clarke,1992,TN,Antioch
Pat Connaughton,1993,MA,Arlington
Branden Dawson,1993,IN,Gary
Bryce Dejean-Jones,1992,CA,Los Angeles
Sam Dekker,1994,WI,Sheboygan
Jarell Eddie,1991,FL,Tampa
Jerian Grant,1994,OR,Portland
Montrezl Harrell,1994,NC,Tarboro
Aaron Harrison,1994,TX,San Antonio
Darrun Hilliard,1993,PA,Bethlehem
Rondae Hollis-Jefferson,1995,PA,Chester
Richaun Holmes,1993,IL,Lockport
Josh Huestis,1991,TX,Webster
Stanley Johnson,1944,PA,Clairton
Tyus Jones,1996,MN,Burnsville
Frank Kaminsky,1993,IL,Winfield
Jarell Martin,1994,LA,Baton Rouge
Chris McCullough,1995,NY,Bronx
Jordan McRae,1991,GA,Savannah
Jordan Mickey,1994,TX,Dallas
Jahlil Okafor,1995,IL,Chicago
Kelly Oubre,1995,LA,New Orleans
Lamar Patterson,1991,PA,Lancaster
Cameron Payne,1994,TN,Memphis
Bobby Portis,1995,AR,Little Rock
Willie Reed,1942,LA,Hico
Josh Richardson,1993,OK,Edmond
Terry Rozier,1994,OH,Youngstown
Jonathon Simmons,1924,AL,Birmingham
Alex Stepheson,1987,CA,Los Angeles
Karl-Anthony Towns,1995,NJ,Edison
Myles Turner,1996,TX,Bedford
Briante Weber,1992,VA,Chesapeake
Justise Winslow,1996,TX,Houston
Delon Wright,1992,CA,Los Angeles
Joe Young,1992,TX,Houston
Ron Baker,1993,KS,Hays
Wade Baldwin,1996,NJ,Belle Mead
Malik Beasley,1996,GA,Atlanta
DeAndre' Bembry,1994,NC,Charlotte
Malcolm Brogdon,1992,GA,Atlanta
Jaylen Brown,1992,CA,Oakland
Marquese Chriss,1997,CA,Sacramento
Semaj Christon,1992,OH,Cincinnati
Quinn Cook,1993,DC,Washington
Deyonta Davis,1996,MI,Muskegon
Malcolm Delaney,1989,MD,Baltimore
Kris Dunn,1994,CT,New London
Henry Ellenson,1997,WI,Rice Lake
Kay Felder,1995,MI,Detroit
Yogi Ferrell,1993,IN,Indianapolis
Dorian Finney-Smith,1993,VA,Portsmouth
Bryn Forbes,1993,MI,Lansing
Michael Gbinije,1992,CT,Hartford
Marcus Georges-Hunt,1994,FL,Miami
Jonathan Gibson,1987,CA,West Covina
Treveon Graham,1993,DC,Washington
Andrew Harrison,1994,TX,San Antonio
Danuel House,1993,TX,Houston
Brandon Ingram,1997,NC,Kinston
Demetrius Jackson,1994,IN,South Bend
Pierre Jackson,1991,NV,Las Vegas
Brice Johnson,1979,UT,Salt Lake City
Damian Jones,1976,TX,Galveston
Derrick Jones,1990,GA,Stone Mountain
Jake Layman,1994,MA,Norwood
Caris LeVert,1994,OH,Columbus
Shawn Long,1993,LA,Morgan City
Sheldon McClellan,1992,TX,Houston
Rodney McGruder,1991,MD,Landover
Dejounte Murray,1996,WA,Seattle
Georges Niang,1993,MA,Lawrence
Daniel Ochefu,1993,MD,Baltimore
Chinanu Onuaku,1996,MD,Baltimore
Gary Payton,1968,CA,Oakland
Marshall Plumlee,1990,IN,Fort Wayne
Alex Poythress,1993,GA,Savannah
Tim Quarterman,1994,GA,Savannah
Chasson Randle,1993,IL,Rock Island
Malachi Richardson,1996,NJ,Trenton
Domantas Sabonis,1996,OR,Portland
Wayne Selden,1994,MA,Roxbury
Diamond Stone,1997,WI,Milwaukee
Isaiah Taylor,1994,CA,Hayward
Mike Tobey,1994,NY,Monroe
Tyler Ulis,1996,MI,Detroit
Jarrod Uthoff,1993,IA,Cedar Rapids
Denzel Valentine,1993,MI,Lansing
Fred VanVleet,1994,IL,Rockford
Okaro White,1992,FL,Clearwater
Isaiah Whitehead,1995,NY,Brooklyn
Troy Williams,1969,SC,Columbia
Kyle Wiltjer,1992,OR,Portland
