andrew-lopez,http://collegebasketball.ap.org/teams/duke,http://collegebasketball.ap.org/teams/arizona,http://collegebasketball.ap.org/teams/michigan-state,http://collegebasketball.ap.org/teams/kansas,http://collegebasketball.ap.org/teams/kentucky,http://collegebasketball.ap.org/teams/wichita-state,http://collegebasketball.ap.org/teams/villanova,http://collegebasketball.ap.org/teams/southern-california,http://collegebasketball.ap.org/teams/florida,http://collegebasketball.ap.org/teams/cincinnati,http://collegebasketball.ap.org/teams/miami-fl,http://collegebasketball.ap.org/teams/north-carolina,http://collegebasketball.ap.org/teams/notre-dame,http://collegebasketball.ap.org/teams/minnesota,http://collegebasketball.ap.org/teams/west-virginia,http://collegebasketball.ap.org/teams/ucla,http://collegebasketball.ap.org/teams/xavier,http://collegebasketball.ap.org/teams/gonzaga,http://collegebasketball.ap.org/teams/northwestern,http://collegebasketball.ap.org/teams/saint-marys-cal,http://collegebasketball.ap.org/teams/seton-hall,http://collegebasketball.ap.org/teams/purdue,http://collegebasketball.ap.org/teams/texas-am,http://collegebasketball.ap.org/teams/tcu,http://collegebasketball.ap.org/teams/ucf
antonio-morales,http://collegebasketball.ap.org/teams/duke,http://collegebasketball.ap.org/teams/michigan-state,http://collegebasketball.ap.org/teams/arizona,http://collegebasketball.ap.org/teams/kansas,http://collegebasketball.ap.org/teams/wichita-state,http://collegebasketball.ap.org/teams/kentucky,http://collegebasketball.ap.org/teams/villanova,http://collegebasketball.ap.org/teams/florida,http://collegebasketball.ap.org/teams/north-carolina,http://collegebasketball.ap.org/teams/southern-california,http://collegebasketball.ap.org/teams/miami-fl,http://collegebasketball.ap.org/teams/west-virginia,http://collegebasketball.ap.org/teams/notre-dame,http://collegebasketball.ap.org/teams/cincinnati,http://collegebasketball.ap.org/teams/minnesota,http://collegebasketball.ap.org/teams/xavier,http://collegebasketball.ap.org/teams/louisville,http://collegebasketball.ap.org/teams/northwestern,http://collegebasketball.ap.org/teams/gonzaga,http://collegebasketball.ap.org/teams/ucla,http://collegebasketball.ap.org/teams/purdue,http://collegebasketball.ap.org/teams/saint-marys-cal,http://collegebasketball.ap.org/teams/baylor,http://collegebasketball.ap.org/teams/seton-hall,http://collegebasketball.ap.org/teams/alabama
bj-rains,http://collegebasketball.ap.org/teams/duke,http://collegebasketball.ap.org/teams/michigan-state,http://collegebasketball.ap.org/teams/kansas,http://collegebasketball.ap.org/teams/arizona,http://collegebasketball.ap.org/teams/kentucky,http://collegebasketball.ap.org/teams/villanova,http://collegebasketball.ap.org/teams/wichita-state,http://collegebasketball.ap.org/teams/north-carolina,http://collegebasketball.ap.org/teams/west-virginia,http://collegebasketball.ap.org/teams/florida,http://collegebasketball.ap.org/teams/southern-california,http://collegebasketball.ap.org/teams/miami-fl,http://collegebasketball.ap.org/teams/cincinnati,http://collegebasketball.ap.org/teams/minnesota,http://collegebasketball.ap.org/teams/louisville,http://collegebasketball.ap.org/teams/notre-dame,http://collegebasketball.ap.org/teams/xavier,http://collegebasketball.ap.org/teams/gonzaga,http://collegebasketball.ap.org/teams/northwestern,http://collegebasketball.ap.org/teams/texas-am,http://collegebasketball.ap.org/teams/ucla,http://collegebasketball.ap.org/teams/saint-marys-cal,http://collegebasketball.ap.org/teams/purdue,http://collegebasketball.ap.org/teams/seton-hall,http://collegebasketball.ap.org/teams/tcu
bob-holt,http://collegebasketball.ap.org/teams/duke,http://collegebasketball.ap.org/teams/kansas,http://collegebasketball.ap.org/teams/michigan-state,http://collegebasketball.ap.org/teams/kentucky,http://collegebasketball.ap.org/teams/wichita-state,http://collegebasketball.ap.org/teams/arizona,http://collegebasketball.ap.org/teams/villanova,http://collegebasketball.ap.org/teams/west-virginia,http://collegebasketball.ap.org/teams/north-carolina,http://collegebasketball.ap.org/teams/texas-am,http://collegebasketball.ap.org/teams/southern-california,http://collegebasketball.ap.org/teams/florida,http://collegebasketball.ap.org/teams/cincinnati,http://collegebasketball.ap.org/teams/minnesota,http://collegebasketball.ap.org/teams/miami-fl,http://collegebasketball.ap.org/teams/gonzaga,http://collegebasketball.ap.org/teams/notre-dame,http://collegebasketball.ap.org/teams/louisville,http://collegebasketball.ap.org/teams/ucla,http://collegebasketball.ap.org/teams/missouri,http://collegebasketball.ap.org/teams/saint-marys-cal,http://collegebasketball.ap.org/teams/northwestern,http://collegebasketball.ap.org/teams/purdue,http://collegebasketball.ap.org/teams/xavier,http://collegebasketball.ap.org/teams/baylor
brant-wilkerson-new,http://collegebasketball.ap.org/teams/duke,http://collegebasketball.ap.org/teams/michigan-state,http://collegebasketball.ap.org/teams/arizona,http://collegebasketball.ap.org/teams/kansas,http://collegebasketball.ap.org/teams/kentucky,http://collegebasketball.ap.org/teams/wichita-state,http://collegebasketball.ap.org/teams/villanova,http://collegebasketball.ap.org/teams/florida,http://collegebasketball.ap.org/teams/notre-dame,http://collegebasketball.ap.org/teams/north-carolina,http://collegebasketball.ap.org/teams/southern-california,http://collegebasketball.ap.org/teams/miami-fl,http://collegebasketball.ap.org/teams/minnesota,http://collegebasketball.ap.org/teams/cincinnati,http://collegebasketball.ap.org/teams/west-virginia,http://collegebasketball.ap.org/teams/louisville,http://collegebasketball.ap.org/teams/northwestern,http://collegebasketball.ap.org/teams/baylor,http://collegebasketball.ap.org/teams/xavier,http://collegebasketball.ap.org/teams/gonzaga,http://collegebasketball.ap.org/teams/oklahoma,http://collegebasketball.ap.org/teams/purdue,http://collegebasketball.ap.org/teams/tcu,http://collegebasketball.ap.org/teams/seton-hall,http://collegebasketball.ap.org/teams/alabama
brian-mcinnis,http://collegebasketball.ap.org/teams/michigan-state,http://collegebasketball.ap.org/teams/duke,http://collegebasketball.ap.org/teams/kansas,http://collegebasketball.ap.org/teams/florida,http://collegebasketball.ap.org/teams/villanova,http://collegebasketball.ap.org/teams/kentucky,http://collegebasketball.ap.org/teams/arizona,http://collegebasketball.ap.org/teams/wichita-state,http://collegebasketball.ap.org/teams/southern-california,http://collegebasketball.ap.org/teams/north-carolina,http://collegebasketball.ap.org/teams/notre-dame,http://collegebasketball.ap.org/teams/cincinnati,http://collegebasketball.ap.org/teams/miami-fl,http://collegebasketball.ap.org/teams/west-virginia,http://collegebasketball.ap.org/teams/northwestern,http://collegebasketball.ap.org/teams/saint-marys-cal,http://collegebasketball.ap.org/teams/seton-hall,http://collegebasketball.ap.org/teams/xavier,http://collegebasketball.ap.org/teams/purdue,http://collegebasketball.ap.org/teams/minnesota,http://collegebasketball.ap.org/teams/gonzaga,http://collegebasketball.ap.org/teams/louisville,http://collegebasketball.ap.org/teams/ucla,http://collegebasketball.ap.org/teams/rhode-island,http://collegebasketball.ap.org/teams/wisconsin
carlos-silva,http://collegebasketball.ap.org/teams/duke,http://collegebasketball.ap.org/teams/arizona,http://collegebasketball.ap.org/teams/kansas,http://collegebasketball.ap.org/teams/michigan-state,http://collegebasketball.ap.org/teams/wichita-state,http://collegebasketball.ap.org/teams/villanova,http://collegebasketball.ap.org/teams/kentucky,http://collegebasketball.ap.org/teams/florida,http://collegebasketball.ap.org/teams/southern-california,http://collegebasketball.ap.org/teams/miami-fl,http://collegebasketball.ap.org/teams/north-carolina,http://collegebasketball.ap.org/teams/notre-dame,http://collegebasketball.ap.org/teams/minnesota,http://collegebasketball.ap.org/teams/northwestern,http://collegebasketball.ap.org/teams/cincinnati,http://collegebasketball.ap.org/teams/gonzaga,http://collegebasketball.ap.org/teams/baylor,http://collegebasketball.ap.org/teams/ucla,http://collegebasketball.ap.org/teams/louisville,http://collegebasketball.ap.org/teams/saint-marys-cal,http://collegebasketball.ap.org/teams/xavier,http://collegebasketball.ap.org/teams/west-virginia,http://collegebasketball.ap.org/teams/purdue,http://collegebasketball.ap.org/teams/seton-hall,http://collegebasketball.ap.org/teams/alabama
cecil-hurt,http://collegebasketball.ap.org/teams/duke,http://collegebasketball.ap.org/teams/michigan-state,http://collegebasketball.ap.org/teams/arizona,http://collegebasketball.ap.org/teams/kentucky,http://collegebasketball.ap.org/teams/wichita-state,http://collegebasketball.ap.org/teams/kansas,http://collegebasketball.ap.org/teams/villanova,http://collegebasketball.ap.org/teams/north-carolina,http://collegebasketball.ap.org/teams/cincinnati,http://collegebasketball.ap.org/teams/florida,http://collegebasketball.ap.org/teams/southern-california,http://collegebasketball.ap.org/teams/west-virginia,http://collegebasketball.ap.org/teams/miami-fl,http://collegebasketball.ap.org/teams/notre-dame,http://collegebasketball.ap.org/teams/xavier,http://collegebasketball.ap.org/teams/northwestern,http://collegebasketball.ap.org/teams/gonzaga,http://collegebasketball.ap.org/teams/seton-hall,http://collegebasketball.ap.org/teams/louisville,http://collegebasketball.ap.org/teams/purdue,http://collegebasketball.ap.org/teams/minnesota,http://collegebasketball.ap.org/teams/texas-am,http://collegebasketball.ap.org/teams/alabama,http://collegebasketball.ap.org/teams/virginia,http://collegebasketball.ap.org/teams/baylor
chris-dachille,http://collegebasketball.ap.org/teams/duke,http://collegebasketball.ap.org/teams/villanova,http://collegebasketball.ap.org/teams/michigan-state,http://collegebasketball.ap.org/teams/wichita-state,http://collegebasketball.ap.org/teams/north-carolina,http://collegebasketball.ap.org/teams/southern-california,http://collegebasketball.ap.org/teams/kentucky,http://collegebasketball.ap.org/teams/kansas,http://collegebasketball.ap.org/teams/arizona,http://collegebasketball.ap.org/teams/florida,http://collegebasketball.ap.org/teams/notre-dame,http://collegebasketball.ap.org/teams/xavier,http://collegebasketball.ap.org/teams/west-virginia,http://collegebasketball.ap.org/teams/cincinnati,http://collegebasketball.ap.org/teams/gonzaga,http://collegebasketball.ap.org/teams/seton-hall,http://collegebasketball.ap.org/teams/virginia,http://collegebasketball.ap.org/teams/purdue,http://collegebasketball.ap.org/teams/ucla,http://collegebasketball.ap.org/teams/wisconsin,http://collegebasketball.ap.org/teams/dayton,http://collegebasketball.ap.org/teams/louisville,http://collegebasketball.ap.org/teams/smu,http://collegebasketball.ap.org/teams/oregon,http://collegebasketball.ap.org/teams/miami-fl
chris-goff,http://collegebasketball.ap.org/teams/duke,http://collegebasketball.ap.org/teams/arizona,http://collegebasketball.ap.org/teams/kansas,http://collegebasketball.ap.org/teams/michigan-state,http://collegebasketball.ap.org/teams/wichita-state,http://collegebasketball.ap.org/teams/kentucky,http://collegebasketball.ap.org/teams/florida,http://collegebasketball.ap.org/teams/southern-california,http://collegebasketball.ap.org/teams/villanova,http://collegebasketball.ap.org/teams/minnesota,http://collegebasketball.ap.org/teams/miami-fl,http://collegebasketball.ap.org/teams/north-carolina,http://collegebasketball.ap.org/teams/cincinnati,http://collegebasketball.ap.org/teams/notre-dame,http://collegebasketball.ap.org/teams/northwestern,http://collegebasketball.ap.org/teams/west-virginia,http://collegebasketball.ap.org/teams/gonzaga,http://collegebasketball.ap.org/teams/louisville,http://collegebasketball.ap.org/teams/baylor,http://collegebasketball.ap.org/teams/ucla,http://collegebasketball.ap.org/teams/saint-marys-cal,http://collegebasketball.ap.org/teams/xavier,http://collegebasketball.ap.org/teams/alabama,http://collegebasketball.ap.org/teams/purdue,http://collegebasketball.ap.org/teams/seton-hall
chris-murray,http://collegebasketball.ap.org/teams/duke,http://collegebasketball.ap.org/teams/kansas,http://collegebasketball.ap.org/teams/arizona,http://collegebasketball.ap.org/teams/michigan-state,http://collegebasketball.ap.org/teams/kentucky,http://collegebasketball.ap.org/teams/villanova,http://collegebasketball.ap.org/teams/wichita-state,http://collegebasketball.ap.org/teams/florida,http://collegebasketball.ap.org/teams/miami-fl,http://collegebasketball.ap.org/teams/southern-california,http://collegebasketball.ap.org/teams/north-carolina,http://collegebasketball.ap.org/teams/notre-dame,http://collegebasketball.ap.org/teams/cincinnati,http://collegebasketball.ap.org/teams/west-virginia,http://collegebasketball.ap.org/teams/gonzaga,http://collegebasketball.ap.org/teams/minnesota,http://collegebasketball.ap.org/teams/baylor,http://collegebasketball.ap.org/teams/northwestern,http://collegebasketball.ap.org/teams/saint-marys-cal,http://collegebasketball.ap.org/teams/ucla,http://collegebasketball.ap.org/teams/louisville,http://collegebasketball.ap.org/teams/xavier,http://collegebasketball.ap.org/teams/alabama,http://collegebasketball.ap.org/teams/purdue,http://collegebasketball.ap.org/teams/rhode-island
craig-meyer,http://collegebasketball.ap.org/teams/arizona,http://collegebasketball.ap.org/teams/duke,http://collegebasketball.ap.org/teams/michigan-state,http://collegebasketball.ap.org/teams/kansas,http://collegebasketball.ap.org/teams/villanova,http://collegebasketball.ap.org/teams/wichita-state,http://collegebasketball.ap.org/teams/kentucky,http://collegebasketball.ap.org/teams/miami-fl,http://collegebasketball.ap.org/teams/west-virginia,http://collegebasketball.ap.org/teams/florida,http://collegebasketball.ap.org/teams/cincinnati,http://collegebasketball.ap.org/teams/southern-california,http://collegebasketball.ap.org/teams/north-carolina,http://collegebasketball.ap.org/teams/minnesota,http://collegebasketball.ap.org/teams/notre-dame,http://collegebasketball.ap.org/teams/louisville,http://collegebasketball.ap.org/teams/northwestern,http://collegebasketball.ap.org/teams/gonzaga,http://collegebasketball.ap.org/teams/xavier,http://collegebasketball.ap.org/teams/rhode-island,http://collegebasketball.ap.org/teams/saint-marys-cal,http://collegebasketball.ap.org/teams/providence,http://collegebasketball.ap.org/teams/ucla,http://collegebasketball.ap.org/teams/purdue,http://collegebasketball.ap.org/teams/tcu
dave-borges,http://collegebasketball.ap.org/teams/michigan-state,http://collegebasketball.ap.org/teams/duke,http://collegebasketball.ap.org/teams/arizona,http://collegebasketball.ap.org/teams/kansas,http://collegebasketball.ap.org/teams/villanova,http://collegebasketball.ap.org/teams/cincinnati,http://collegebasketball.ap.org/teams/kentucky,http://collegebasketball.ap.org/teams/wichita-state,http://collegebasketball.ap.org/teams/southern-california,http://collegebasketball.ap.org/teams/notre-dame,http://collegebasketball.ap.org/teams/west-virginia,http://collegebasketball.ap.org/teams/north-carolina,http://collegebasketball.ap.org/teams/miami-fl,http://collegebasketball.ap.org/teams/florida,http://collegebasketball.ap.org/teams/minnesota,http://collegebasketball.ap.org/teams/seton-hall,http://collegebasketball.ap.org/teams/saint-marys-cal,http://collegebasketball.ap.org/teams/xavier,http://collegebasketball.ap.org/teams/louisville,http://collegebasketball.ap.org/teams/gonzaga,http://collegebasketball.ap.org/teams/northwestern,http://collegebasketball.ap.org/teams/baylor,http://collegebasketball.ap.org/teams/ucla,http://collegebasketball.ap.org/teams/texas-am,http://collegebasketball.ap.org/teams/rhode-island
dave-matter,http://collegebasketball.ap.org/teams/arizona,http://collegebasketball.ap.org/teams/duke,http://collegebasketball.ap.org/teams/michigan-state,http://collegebasketball.ap.org/teams/kansas,http://collegebasketball.ap.org/teams/kentucky,http://collegebasketball.ap.org/teams/villanova,http://collegebasketball.ap.org/teams/west-virginia,http://collegebasketball.ap.org/teams/north-carolina,http://collegebasketball.ap.org/teams/wichita-state,http://collegebasketball.ap.org/teams/florida,http://collegebasketball.ap.org/teams/notre-dame,http://collegebasketball.ap.org/teams/southern-california,http://collegebasketball.ap.org/teams/cincinnati,http://collegebasketball.ap.org/teams/miami-fl,http://collegebasketball.ap.org/teams/louisville,http://collegebasketball.ap.org/teams/xavier,http://collegebasketball.ap.org/teams/gonzaga,http://collegebasketball.ap.org/teams/ucla,http://collegebasketball.ap.org/teams/purdue,http://collegebasketball.ap.org/teams/baylor,http://collegebasketball.ap.org/teams/texas-am,http://collegebasketball.ap.org/teams/northwestern,http://collegebasketball.ap.org/teams/alabama,http://collegebasketball.ap.org/teams/seton-hall,http://collegebasketball.ap.org/teams/missouri
david-cloninger,http://collegebasketball.ap.org/teams/duke,http://collegebasketball.ap.org/teams/arizona,http://collegebasketball.ap.org/teams/kansas,http://collegebasketball.ap.org/teams/michigan-state,http://collegebasketball.ap.org/teams/villanova,http://collegebasketball.ap.org/teams/kentucky,http://collegebasketball.ap.org/teams/southern-california,http://collegebasketball.ap.org/teams/wichita-state,http://collegebasketball.ap.org/teams/north-carolina,http://collegebasketball.ap.org/teams/notre-dame,http://collegebasketball.ap.org/teams/cincinnati,http://collegebasketball.ap.org/teams/miami-fl,http://collegebasketball.ap.org/teams/minnesota,http://collegebasketball.ap.org/teams/west-virginia,http://collegebasketball.ap.org/teams/florida,http://collegebasketball.ap.org/teams/louisville,http://collegebasketball.ap.org/teams/xavier,http://collegebasketball.ap.org/teams/northwestern,http://collegebasketball.ap.org/teams/ucla,http://collegebasketball.ap.org/teams/purdue,http://collegebasketball.ap.org/teams/alabama,http://collegebasketball.ap.org/teams/gonzaga,http://collegebasketball.ap.org/teams/saint-marys-cal,http://collegebasketball.ap.org/teams/texas-am,http://collegebasketball.ap.org/teams/providence
david-cobb,http://collegebasketball.ap.org/teams/arizona,http://collegebasketball.ap.org/teams/wichita-state,http://collegebasketball.ap.org/teams/duke,http://collegebasketball.ap.org/teams/kansas,http://collegebasketball.ap.org/teams/kentucky,http://collegebasketball.ap.org/teams/michigan-state,http://collegebasketball.ap.org/teams/villanova,http://collegebasketball.ap.org/teams/cincinnati,http://collegebasketball.ap.org/teams/southern-california,http://collegebasketball.ap.org/teams/west-virginia,http://collegebasketball.ap.org/teams/purdue,http://collegebasketball.ap.org/teams/north-carolina,http://collegebasketball.ap.org/teams/minnesota,http://collegebasketball.ap.org/teams/gonzaga,http://collegebasketball.ap.org/teams/northwestern,http://collegebasketball.ap.org/teams/miami-fl,http://collegebasketball.ap.org/teams/notre-dame,http://collegebasketball.ap.org/teams/florida,http://collegebasketball.ap.org/teams/seton-hall,http://collegebasketball.ap.org/teams/virginia-tech,http://collegebasketball.ap.org/teams/ucla,http://collegebasketball.ap.org/teams/butler,http://collegebasketball.ap.org/teams/texas-am,http://collegebasketball.ap.org/teams/saint-marys-cal,http://collegebasketball.ap.org/teams/south-carolina
dick-vitale,http://collegebasketball.ap.org/teams/duke,http://collegebasketball.ap.org/teams/michigan-state,http://collegebasketball.ap.org/teams/arizona,http://collegebasketball.ap.org/teams/kentucky,http://collegebasketball.ap.org/teams/kansas,http://collegebasketball.ap.org/teams/villanova,http://collegebasketball.ap.org/teams/north-carolina,http://collegebasketball.ap.org/teams/wichita-state,http://collegebasketball.ap.org/teams/florida,http://collegebasketball.ap.org/teams/west-virginia,http://collegebasketball.ap.org/teams/louisville,http://collegebasketball.ap.org/teams/xavier,http://collegebasketball.ap.org/teams/minnesota,http://collegebasketball.ap.org/teams/notre-dame,http://collegebasketball.ap.org/teams/southern-california,http://collegebasketball.ap.org/teams/purdue,http://collegebasketball.ap.org/teams/gonzaga,http://collegebasketball.ap.org/teams/northwestern,http://collegebasketball.ap.org/teams/seton-hall,http://collegebasketball.ap.org/teams/cincinnati,http://collegebasketball.ap.org/teams/miami-fl,http://collegebasketball.ap.org/teams/michigan,http://collegebasketball.ap.org/teams/missouri,http://collegebasketball.ap.org/teams/maryland,http://collegebasketball.ap.org/teams/tcu
doug-doughty,http://collegebasketball.ap.org/teams/kansas,http://collegebasketball.ap.org/teams/duke,http://collegebasketball.ap.org/teams/arizona,http://collegebasketball.ap.org/teams/wichita-state,http://collegebasketball.ap.org/teams/kentucky,http://collegebasketball.ap.org/teams/michigan-state,http://collegebasketball.ap.org/teams/north-carolina,http://collegebasketball.ap.org/teams/villanova,http://collegebasketball.ap.org/teams/notre-dame,http://collegebasketball.ap.org/teams/louisville,http://collegebasketball.ap.org/teams/florida,http://collegebasketball.ap.org/teams/southern-california,http://collegebasketball.ap.org/teams/minnesota,http://collegebasketball.ap.org/teams/gonzaga,http://collegebasketball.ap.org/teams/northwestern,http://collegebasketball.ap.org/teams/ucla,http://collegebasketball.ap.org/teams/west-virginia,http://collegebasketball.ap.org/teams/miami-fl,http://collegebasketball.ap.org/teams/cincinnati,http://collegebasketball.ap.org/teams/virginia,http://collegebasketball.ap.org/teams/baylor,http://collegebasketball.ap.org/teams/xavier,http://collegebasketball.ap.org/teams/saint-marys-cal,http://collegebasketball.ap.org/teams/purdue,http://collegebasketball.ap.org/teams/providence
doug-haller,http://collegebasketball.ap.org/teams/arizona,http://collegebasketball.ap.org/teams/duke,http://collegebasketball.ap.org/teams/michigan-state,http://collegebasketball.ap.org/teams/kansas,http://collegebasketball.ap.org/teams/kentucky,http://collegebasketball.ap.org/teams/wichita-state,http://collegebasketball.ap.org/teams/southern-california,http://collegebasketball.ap.org/teams/villanova,http://collegebasketball.ap.org/teams/north-carolina,http://collegebasketball.ap.org/teams/florida,http://collegebasketball.ap.org/teams/seton-hall,http://collegebasketball.ap.org/teams/miami-fl,http://collegebasketball.ap.org/teams/louisville,http://collegebasketball.ap.org/teams/minnesota,http://collegebasketball.ap.org/teams/west-virginia,http://collegebasketball.ap.org/teams/purdue,http://collegebasketball.ap.org/teams/cincinnati,http://collegebasketball.ap.org/teams/notre-dame,http://collegebasketball.ap.org/teams/texas-am,http://collegebasketball.ap.org/teams/saint-marys-cal,http://collegebasketball.ap.org/teams/ucla,http://collegebasketball.ap.org/teams/xavier,http://collegebasketball.ap.org/teams/gonzaga,http://collegebasketball.ap.org/teams/northwestern,http://collegebasketball.ap.org/teams/rhode-island
elton-alexander,http://collegebasketball.ap.org/teams/arizona,http://collegebasketball.ap.org/teams/duke,http://collegebasketball.ap.org/teams/michigan-state,http://collegebasketball.ap.org/teams/kansas,http://collegebasketball.ap.org/teams/kentucky,http://collegebasketball.ap.org/teams/wichita-state,http://collegebasketball.ap.org/teams/florida,http://collegebasketball.ap.org/teams/north-carolina,http://collegebasketball.ap.org/teams/villanova,http://collegebasketball.ap.org/teams/louisville,http://collegebasketball.ap.org/teams/ucla,http://collegebasketball.ap.org/teams/notre-dame,http://collegebasketball.ap.org/teams/southern-california,http://collegebasketball.ap.org/teams/gonzaga,http://collegebasketball.ap.org/teams/west-virginia,http://collegebasketball.ap.org/teams/cincinnati,http://collegebasketball.ap.org/teams/miami-fl,http://collegebasketball.ap.org/teams/xavier,http://collegebasketball.ap.org/teams/purdue,http://collegebasketball.ap.org/teams/northwestern,http://collegebasketball.ap.org/teams/saint-marys-cal,http://collegebasketball.ap.org/teams/rhode-island,http://collegebasketball.ap.org/teams/texas,http://collegebasketball.ap.org/teams/nevada,http://collegebasketball.ap.org/teams/oakland
gary-daposamato,http://collegebasketball.ap.org/teams/arizona,http://collegebasketball.ap.org/teams/kentucky,http://collegebasketball.ap.org/teams/kansas,http://collegebasketball.ap.org/teams/villanova,http://collegebasketball.ap.org/teams/duke,http://collegebasketball.ap.org/teams/florida,http://collegebasketball.ap.org/teams/wichita-state,http://collegebasketball.ap.org/teams/michigan-state,http://collegebasketball.ap.org/teams/west-virginia,http://collegebasketball.ap.org/teams/southern-california,http://collegebasketball.ap.org/teams/north-carolina,http://collegebasketball.ap.org/teams/cincinnati,http://collegebasketball.ap.org/teams/louisville,http://collegebasketball.ap.org/teams/purdue,http://collegebasketball.ap.org/teams/notre-dame,http://collegebasketball.ap.org/teams/gonzaga,http://collegebasketball.ap.org/teams/virginia,http://collegebasketball.ap.org/teams/miami-fl,http://collegebasketball.ap.org/teams/northwestern,http://collegebasketball.ap.org/teams/xavier,http://collegebasketball.ap.org/teams/saint-marys-cal,http://collegebasketball.ap.org/teams/ucla,http://collegebasketball.ap.org/teams/tcu,http://collegebasketball.ap.org/teams/seton-hall,http://collegebasketball.ap.org/teams/wisconsin
geoff-grammer,http://collegebasketball.ap.org/teams/duke,http://collegebasketball.ap.org/teams/arizona,http://collegebasketball.ap.org/teams/kansas,http://collegebasketball.ap.org/teams/michigan-state,http://collegebasketball.ap.org/teams/kentucky,http://collegebasketball.ap.org/teams/villanova,http://collegebasketball.ap.org/teams/wichita-state,http://collegebasketball.ap.org/teams/florida,http://collegebasketball.ap.org/teams/west-virginia,http://collegebasketball.ap.org/teams/north-carolina,http://collegebasketball.ap.org/teams/southern-california,http://collegebasketball.ap.org/teams/miami-fl,http://collegebasketball.ap.org/teams/xavier,http://collegebasketball.ap.org/teams/cincinnati,http://collegebasketball.ap.org/teams/purdue,http://collegebasketball.ap.org/teams/minnesota,http://collegebasketball.ap.org/teams/ucla,http://collegebasketball.ap.org/teams/notre-dame,http://collegebasketball.ap.org/teams/saint-marys-cal,http://collegebasketball.ap.org/teams/gonzaga,http://collegebasketball.ap.org/teams/texas-am,http://collegebasketball.ap.org/teams/louisville,http://collegebasketball.ap.org/teams/northwestern,http://collegebasketball.ap.org/teams/baylor,http://collegebasketball.ap.org/teams/tcu
graham-couch,http://collegebasketball.ap.org/teams/duke,http://collegebasketball.ap.org/teams/michigan-state,http://collegebasketball.ap.org/teams/arizona,http://collegebasketball.ap.org/teams/kansas,http://collegebasketball.ap.org/teams/wichita-state,http://collegebasketball.ap.org/teams/florida,http://collegebasketball.ap.org/teams/kentucky,http://collegebasketball.ap.org/teams/villanova,http://collegebasketball.ap.org/teams/cincinnati,http://collegebasketball.ap.org/teams/miami-fl,http://collegebasketball.ap.org/teams/minnesota,http://collegebasketball.ap.org/teams/north-carolina,http://collegebasketball.ap.org/teams/notre-dame,http://collegebasketball.ap.org/teams/northwestern,http://collegebasketball.ap.org/teams/texas-am,http://collegebasketball.ap.org/teams/purdue,http://collegebasketball.ap.org/teams/rhode-island,http://collegebasketball.ap.org/teams/southern-california,http://collegebasketball.ap.org/teams/texas,http://collegebasketball.ap.org/teams/tcu,http://collegebasketball.ap.org/teams/providence,http://collegebasketball.ap.org/teams/gonzaga,http://collegebasketball.ap.org/teams/west-virginia,http://collegebasketball.ap.org/teams/seton-hall,http://collegebasketball.ap.org/teams/xavier
jp-butler,http://collegebasketball.ap.org/teams/duke,http://collegebasketball.ap.org/teams/michigan-state,http://collegebasketball.ap.org/teams/kansas,http://collegebasketball.ap.org/teams/arizona,http://collegebasketball.ap.org/teams/villanova,http://collegebasketball.ap.org/teams/kentucky,http://collegebasketball.ap.org/teams/wichita-state,http://collegebasketball.ap.org/teams/florida,http://collegebasketball.ap.org/teams/miami-fl,http://collegebasketball.ap.org/teams/north-carolina,http://collegebasketball.ap.org/teams/southern-california,http://collegebasketball.ap.org/teams/cincinnati,http://collegebasketball.ap.org/teams/notre-dame,http://collegebasketball.ap.org/teams/minnesota,http://collegebasketball.ap.org/teams/west-virginia,http://collegebasketball.ap.org/teams/louisville,http://collegebasketball.ap.org/teams/gonzaga,http://collegebasketball.ap.org/teams/xavier,http://collegebasketball.ap.org/teams/northwestern,http://collegebasketball.ap.org/teams/ucla,http://collegebasketball.ap.org/teams/baylor,http://collegebasketball.ap.org/teams/saint-marys-cal,http://collegebasketball.ap.org/teams/purdue,http://collegebasketball.ap.org/teams/alabama,http://collegebasketball.ap.org/teams/seton-hall
jason-butt,http://collegebasketball.ap.org/teams/duke,http://collegebasketball.ap.org/teams/michigan-state,http://collegebasketball.ap.org/teams/kentucky,http://collegebasketball.ap.org/teams/kansas,http://collegebasketball.ap.org/teams/villanova,http://collegebasketball.ap.org/teams/arizona,http://collegebasketball.ap.org/teams/florida,http://collegebasketball.ap.org/teams/wichita-state,http://collegebasketball.ap.org/teams/west-virginia,http://collegebasketball.ap.org/teams/north-carolina,http://collegebasketball.ap.org/teams/cincinnati,http://collegebasketball.ap.org/teams/miami-fl,http://collegebasketball.ap.org/teams/southern-california,http://collegebasketball.ap.org/teams/minnesota,http://collegebasketball.ap.org/teams/notre-dame,http://collegebasketball.ap.org/teams/xavier,http://collegebasketball.ap.org/teams/ucla,http://collegebasketball.ap.org/teams/louisville,http://collegebasketball.ap.org/teams/purdue,http://collegebasketball.ap.org/teams/gonzaga,http://collegebasketball.ap.org/teams/seton-hall,http://collegebasketball.ap.org/teams/saint-marys-cal,http://collegebasketball.ap.org/teams/virginia,http://collegebasketball.ap.org/teams/northwestern,http://collegebasketball.ap.org/teams/alabama
jerry-carino,http://collegebasketball.ap.org/teams/michigan-state,http://collegebasketball.ap.org/teams/duke,http://collegebasketball.ap.org/teams/wichita-state,http://collegebasketball.ap.org/teams/kansas,http://collegebasketball.ap.org/teams/arizona,http://collegebasketball.ap.org/teams/villanova,http://collegebasketball.ap.org/teams/north-carolina,http://collegebasketball.ap.org/teams/kentucky,http://collegebasketball.ap.org/teams/cincinnati,http://collegebasketball.ap.org/teams/notre-dame,http://collegebasketball.ap.org/teams/saint-marys-cal,http://collegebasketball.ap.org/teams/florida,http://collegebasketball.ap.org/teams/louisville,http://collegebasketball.ap.org/teams/northwestern,http://collegebasketball.ap.org/teams/southern-california,http://collegebasketball.ap.org/teams/west-virginia,http://collegebasketball.ap.org/teams/minnesota,http://collegebasketball.ap.org/teams/seton-hall,http://collegebasketball.ap.org/teams/xavier,http://collegebasketball.ap.org/teams/gonzaga,http://collegebasketball.ap.org/teams/purdue,http://collegebasketball.ap.org/teams/rhode-island,http://collegebasketball.ap.org/teams/miami-fl,http://collegebasketball.ap.org/teams/baylor,http://collegebasketball.ap.org/teams/tcu
jesse-newell,http://collegebasketball.ap.org/teams/arizona,http://collegebasketball.ap.org/teams/duke,http://collegebasketball.ap.org/teams/kansas,http://collegebasketball.ap.org/teams/michigan-state,http://collegebasketball.ap.org/teams/wichita-state,http://collegebasketball.ap.org/teams/villanova,http://collegebasketball.ap.org/teams/kentucky,http://collegebasketball.ap.org/teams/florida,http://collegebasketball.ap.org/teams/cincinnati,http://collegebasketball.ap.org/teams/southern-california,http://collegebasketball.ap.org/teams/west-virginia,http://collegebasketball.ap.org/teams/north-carolina,http://collegebasketball.ap.org/teams/louisville,http://collegebasketball.ap.org/teams/miami-fl,http://collegebasketball.ap.org/teams/notre-dame,http://collegebasketball.ap.org/teams/xavier,http://collegebasketball.ap.org/teams/northwestern,http://collegebasketball.ap.org/teams/gonzaga,http://collegebasketball.ap.org/teams/texas-am,http://collegebasketball.ap.org/teams/minnesota,http://collegebasketball.ap.org/teams/purdue,http://collegebasketball.ap.org/teams/virginia,http://collegebasketball.ap.org/teams/saint-marys-cal,http://collegebasketball.ap.org/teams/seton-hall,http://collegebasketball.ap.org/teams/baylor
joe-juliano,http://collegebasketball.ap.org/teams/duke,http://collegebasketball.ap.org/teams/michigan-state,http://collegebasketball.ap.org/teams/arizona,http://collegebasketball.ap.org/teams/kansas,http://collegebasketball.ap.org/teams/kentucky,http://collegebasketball.ap.org/teams/villanova,http://collegebasketball.ap.org/teams/wichita-state,http://collegebasketball.ap.org/teams/florida,http://collegebasketball.ap.org/teams/west-virginia,http://collegebasketball.ap.org/teams/louisville,http://collegebasketball.ap.org/teams/north-carolina,http://collegebasketball.ap.org/teams/cincinnati,http://collegebasketball.ap.org/teams/purdue,http://collegebasketball.ap.org/teams/xavier,http://collegebasketball.ap.org/teams/miami-fl,http://collegebasketball.ap.org/teams/southern-california,http://collegebasketball.ap.org/teams/notre-dame,http://collegebasketball.ap.org/teams/seton-hall,http://collegebasketball.ap.org/teams/saint-marys-cal,http://collegebasketball.ap.org/teams/ucla,http://collegebasketball.ap.org/teams/minnesota,http://collegebasketball.ap.org/teams/gonzaga,http://collegebasketball.ap.org/teams/alabama,http://collegebasketball.ap.org/teams/northwestern,http://collegebasketball.ap.org/teams/texas-am
joe-rexrode,http://collegebasketball.ap.org/teams/duke,http://collegebasketball.ap.org/teams/michigan-state,http://collegebasketball.ap.org/teams/kentucky,http://collegebasketball.ap.org/teams/arizona,http://collegebasketball.ap.org/teams/florida,http://collegebasketball.ap.org/teams/wichita-state,http://collegebasketball.ap.org/teams/kansas,http://collegebasketball.ap.org/teams/cincinnati,http://collegebasketball.ap.org/teams/villanova,http://collegebasketball.ap.org/teams/west-virginia,http://collegebasketball.ap.org/teams/minnesota,http://collegebasketball.ap.org/teams/north-carolina,http://collegebasketball.ap.org/teams/northwestern,http://collegebasketball.ap.org/teams/notre-dame,http://collegebasketball.ap.org/teams/southern-california,http://collegebasketball.ap.org/teams/alabama,http://collegebasketball.ap.org/teams/gonzaga,http://collegebasketball.ap.org/teams/miami-fl,http://collegebasketball.ap.org/teams/texas-am,http://collegebasketball.ap.org/teams/xavier,http://collegebasketball.ap.org/teams/purdue,http://collegebasketball.ap.org/teams/saint-marys-cal,http://collegebasketball.ap.org/teams/louisville,http://collegebasketball.ap.org/teams/michigan,http://collegebasketball.ap.org/teams/middle-tennessee
joey-knight,http://collegebasketball.ap.org/teams/duke,http://collegebasketball.ap.org/teams/michigan-state,http://collegebasketball.ap.org/teams/arizona,http://collegebasketball.ap.org/teams/kansas,http://collegebasketball.ap.org/teams/kentucky,http://collegebasketball.ap.org/teams/wichita-state,http://collegebasketball.ap.org/teams/villanova,http://collegebasketball.ap.org/teams/florida,http://collegebasketball.ap.org/teams/miami-fl,http://collegebasketball.ap.org/teams/cincinnati,http://collegebasketball.ap.org/teams/north-carolina,http://collegebasketball.ap.org/teams/minnesota,http://collegebasketball.ap.org/teams/notre-dame,http://collegebasketball.ap.org/teams/west-virginia,http://collegebasketball.ap.org/teams/northwestern,http://collegebasketball.ap.org/teams/louisville,http://collegebasketball.ap.org/teams/xavier,http://collegebasketball.ap.org/teams/gonzaga,http://collegebasketball.ap.org/teams/ucla,http://collegebasketball.ap.org/teams/saint-marys-cal,http://collegebasketball.ap.org/teams/seton-hall,http://collegebasketball.ap.org/teams/baylor,http://collegebasketball.ap.org/teams/alabama,http://collegebasketball.ap.org/teams/tcu,http://collegebasketball.ap.org/teams/providence
john-bohnenkamp,http://collegebasketball.ap.org/teams/arizona,http://collegebasketball.ap.org/teams/michigan-state,http://collegebasketball.ap.org/teams/duke,http://collegebasketball.ap.org/teams/kansas,http://collegebasketball.ap.org/teams/kentucky,http://collegebasketball.ap.org/teams/wichita-state,http://collegebasketball.ap.org/teams/villanova,http://collegebasketball.ap.org/teams/southern-california,http://collegebasketball.ap.org/teams/north-carolina,http://collegebasketball.ap.org/teams/louisville,http://collegebasketball.ap.org/teams/florida,http://collegebasketball.ap.org/teams/west-virginia,http://collegebasketball.ap.org/teams/miami-fl,http://collegebasketball.ap.org/teams/cincinnati,http://collegebasketball.ap.org/teams/purdue,http://collegebasketball.ap.org/teams/xavier,http://collegebasketball.ap.org/teams/seton-hall,http://collegebasketball.ap.org/teams/notre-dame,http://collegebasketball.ap.org/teams/saint-marys-cal,http://collegebasketball.ap.org/teams/gonzaga,http://collegebasketball.ap.org/teams/texas-am,http://collegebasketball.ap.org/teams/minnesota,http://collegebasketball.ap.org/teams/ucla,http://collegebasketball.ap.org/teams/northwestern,http://collegebasketball.ap.org/teams/baylor
john-feinstein,http://collegebasketball.ap.org/teams/michigan-state,http://collegebasketball.ap.org/teams/kansas,http://collegebasketball.ap.org/teams/villanova,http://collegebasketball.ap.org/teams/duke,http://collegebasketball.ap.org/teams/kentucky,http://collegebasketball.ap.org/teams/north-carolina,http://collegebasketball.ap.org/teams/arizona,http://collegebasketball.ap.org/teams/west-virginia,http://collegebasketball.ap.org/teams/notre-dame,http://collegebasketball.ap.org/teams/wichita-state,http://collegebasketball.ap.org/teams/florida,http://collegebasketball.ap.org/teams/xavier,http://collegebasketball.ap.org/teams/miami-fl,http://collegebasketball.ap.org/teams/ucla,http://collegebasketball.ap.org/teams/northwestern,http://collegebasketball.ap.org/teams/saint-marys-cal,http://collegebasketball.ap.org/teams/minnesota,http://collegebasketball.ap.org/teams/virginia,http://collegebasketball.ap.org/teams/gonzaga,http://collegebasketball.ap.org/teams/purdue,http://collegebasketball.ap.org/teams/maryland,http://collegebasketball.ap.org/teams/wisconsin,http://collegebasketball.ap.org/teams/seton-hall,http://collegebasketball.ap.org/teams/louisville,http://collegebasketball.ap.org/teams/harvard
john-mcnamara,http://collegebasketball.ap.org/teams/michigan-state,http://collegebasketball.ap.org/teams/arizona,http://collegebasketball.ap.org/teams/duke,http://collegebasketball.ap.org/teams/kansas,http://collegebasketball.ap.org/teams/kentucky,http://collegebasketball.ap.org/teams/wichita-state,http://collegebasketball.ap.org/teams/villanova,http://collegebasketball.ap.org/teams/florida,http://collegebasketball.ap.org/teams/north-carolina,http://collegebasketball.ap.org/teams/southern-california,http://collegebasketball.ap.org/teams/cincinnati,http://collegebasketball.ap.org/teams/west-virginia,http://collegebasketball.ap.org/teams/louisville,http://collegebasketball.ap.org/teams/notre-dame,http://collegebasketball.ap.org/teams/miami-fl,http://collegebasketball.ap.org/teams/saint-marys-cal,http://collegebasketball.ap.org/teams/xavier,http://collegebasketball.ap.org/teams/minnesota,http://collegebasketball.ap.org/teams/northwestern,http://collegebasketball.ap.org/teams/gonzaga,http://collegebasketball.ap.org/teams/ucla,http://collegebasketball.ap.org/teams/purdue,http://collegebasketball.ap.org/teams/seton-hall,http://collegebasketball.ap.org/teams/baylor,http://collegebasketball.ap.org/teams/alabama
jon-nyatawa,http://collegebasketball.ap.org/teams/arizona,http://collegebasketball.ap.org/teams/michigan-state,http://collegebasketball.ap.org/teams/duke,http://collegebasketball.ap.org/teams/kentucky,http://collegebasketball.ap.org/teams/villanova,http://collegebasketball.ap.org/teams/wichita-state,http://collegebasketball.ap.org/teams/florida,http://collegebasketball.ap.org/teams/kansas,http://collegebasketball.ap.org/teams/southern-california,http://collegebasketball.ap.org/teams/miami-fl,http://collegebasketball.ap.org/teams/notre-dame,http://collegebasketball.ap.org/teams/cincinnati,http://collegebasketball.ap.org/teams/north-carolina,http://collegebasketball.ap.org/teams/xavier,http://collegebasketball.ap.org/teams/seton-hall,http://collegebasketball.ap.org/teams/west-virginia,http://collegebasketball.ap.org/teams/purdue,http://collegebasketball.ap.org/teams/saint-marys-cal,http://collegebasketball.ap.org/teams/louisville,http://collegebasketball.ap.org/teams/northwestern,http://collegebasketball.ap.org/teams/minnesota,http://collegebasketball.ap.org/teams/gonzaga,http://collegebasketball.ap.org/teams/providence,http://collegebasketball.ap.org/teams/tcu,http://collegebasketball.ap.org/teams/ucla
jon-rothstein,http://collegebasketball.ap.org/teams/duke,http://collegebasketball.ap.org/teams/michigan-state,http://collegebasketball.ap.org/teams/arizona,http://collegebasketball.ap.org/teams/kansas,http://collegebasketball.ap.org/teams/kentucky,http://collegebasketball.ap.org/teams/villanova,http://collegebasketball.ap.org/teams/southern-california,http://collegebasketball.ap.org/teams/wichita-state,http://collegebasketball.ap.org/teams/cincinnati,http://collegebasketball.ap.org/teams/louisville,http://collegebasketball.ap.org/teams/north-carolina,http://collegebasketball.ap.org/teams/florida,http://collegebasketball.ap.org/teams/xavier,http://collegebasketball.ap.org/teams/minnesota,http://collegebasketball.ap.org/teams/west-virginia,http://collegebasketball.ap.org/teams/virginia-tech,http://collegebasketball.ap.org/teams/notre-dame,http://collegebasketball.ap.org/teams/seton-hall,http://collegebasketball.ap.org/teams/miami-fl,http://collegebasketball.ap.org/teams/texas-am,http://collegebasketball.ap.org/teams/northwestern,http://collegebasketball.ap.org/teams/purdue,http://collegebasketball.ap.org/teams/ucla,http://collegebasketball.ap.org/teams/alabama,http://collegebasketball.ap.org/teams/rhode-island
jon-wilner,http://collegebasketball.ap.org/teams/duke,http://collegebasketball.ap.org/teams/michigan-state,http://collegebasketball.ap.org/teams/wichita-state,http://collegebasketball.ap.org/teams/arizona,http://collegebasketball.ap.org/teams/villanova,http://collegebasketball.ap.org/teams/kentucky,http://collegebasketball.ap.org/teams/southern-california,http://collegebasketball.ap.org/teams/kansas,http://collegebasketball.ap.org/teams/minnesota,http://collegebasketball.ap.org/teams/north-carolina,http://collegebasketball.ap.org/teams/west-virginia,http://collegebasketball.ap.org/teams/notre-dame,http://collegebasketball.ap.org/teams/cincinnati,http://collegebasketball.ap.org/teams/northwestern,http://collegebasketball.ap.org/teams/ucla,http://collegebasketball.ap.org/teams/xavier,http://collegebasketball.ap.org/teams/miami-fl,http://collegebasketball.ap.org/teams/louisville,http://collegebasketball.ap.org/teams/saint-marys-cal,http://collegebasketball.ap.org/teams/florida,http://collegebasketball.ap.org/teams/butler,http://collegebasketball.ap.org/teams/baylor,http://collegebasketball.ap.org/teams/gonzaga,http://collegebasketball.ap.org/teams/virginia,http://collegebasketball.ap.org/teams/purdue
justin-ferguson,http://collegebasketball.ap.org/teams/arizona,http://collegebasketball.ap.org/teams/kansas,http://collegebasketball.ap.org/teams/duke,http://collegebasketball.ap.org/teams/michigan-state,http://collegebasketball.ap.org/teams/kentucky,http://collegebasketball.ap.org/teams/villanova,http://collegebasketball.ap.org/teams/wichita-state,http://collegebasketball.ap.org/teams/florida,http://collegebasketball.ap.org/teams/west-virginia,http://collegebasketball.ap.org/teams/north-carolina,http://collegebasketball.ap.org/teams/cincinnati,http://collegebasketball.ap.org/teams/southern-california,http://collegebasketball.ap.org/teams/miami-fl,http://collegebasketball.ap.org/teams/minnesota,http://collegebasketball.ap.org/teams/notre-dame,http://collegebasketball.ap.org/teams/xavier,http://collegebasketball.ap.org/teams/baylor,http://collegebasketball.ap.org/teams/louisville,http://collegebasketball.ap.org/teams/northwestern,http://collegebasketball.ap.org/teams/gonzaga,http://collegebasketball.ap.org/teams/saint-marys-cal,http://collegebasketball.ap.org/teams/purdue,http://collegebasketball.ap.org/teams/alabama,http://collegebasketball.ap.org/teams/ucla,http://collegebasketball.ap.org/teams/texas-am
justin-jackson,http://collegebasketball.ap.org/teams/duke,http://collegebasketball.ap.org/teams/kansas,http://collegebasketball.ap.org/teams/michigan-state,http://collegebasketball.ap.org/teams/florida,http://collegebasketball.ap.org/teams/kentucky,http://collegebasketball.ap.org/teams/villanova,http://collegebasketball.ap.org/teams/arizona,http://collegebasketball.ap.org/teams/wichita-state,http://collegebasketball.ap.org/teams/north-carolina,http://collegebasketball.ap.org/teams/west-virginia,http://collegebasketball.ap.org/teams/southern-california,http://collegebasketball.ap.org/teams/notre-dame,http://collegebasketball.ap.org/teams/miami-fl,http://collegebasketball.ap.org/teams/ucla,http://collegebasketball.ap.org/teams/gonzaga,http://collegebasketball.ap.org/teams/seton-hall,http://collegebasketball.ap.org/teams/louisville,http://collegebasketball.ap.org/teams/cincinnati,http://collegebasketball.ap.org/teams/xavier,http://collegebasketball.ap.org/teams/minnesota,http://collegebasketball.ap.org/teams/northwestern,http://collegebasketball.ap.org/teams/tcu,http://collegebasketball.ap.org/teams/saint-marys-cal,http://collegebasketball.ap.org/teams/middle-tennessee,http://collegebasketball.ap.org/teams/missouri
kevin-brockway,http://collegebasketball.ap.org/teams/duke,http://collegebasketball.ap.org/teams/michigan-state,http://collegebasketball.ap.org/teams/kansas,http://collegebasketball.ap.org/teams/kentucky,http://collegebasketball.ap.org/teams/arizona,http://collegebasketball.ap.org/teams/villanova,http://collegebasketball.ap.org/teams/wichita-state,http://collegebasketball.ap.org/teams/florida,http://collegebasketball.ap.org/teams/west-virginia,http://collegebasketball.ap.org/teams/north-carolina,http://collegebasketball.ap.org/teams/southern-california,http://collegebasketball.ap.org/teams/cincinnati,http://collegebasketball.ap.org/teams/miami-fl,http://collegebasketball.ap.org/teams/notre-dame,http://collegebasketball.ap.org/teams/seton-hall,http://collegebasketball.ap.org/teams/purdue,http://collegebasketball.ap.org/teams/louisville,http://collegebasketball.ap.org/teams/saint-marys-cal,http://collegebasketball.ap.org/teams/gonzaga,http://collegebasketball.ap.org/teams/minnesota,http://collegebasketball.ap.org/teams/xavier,http://collegebasketball.ap.org/teams/northwestern,http://collegebasketball.ap.org/teams/baylor,http://collegebasketball.ap.org/teams/alabama,http://collegebasketball.ap.org/teams/texas-am
kevin-lyttle,http://collegebasketball.ap.org/teams/duke,http://collegebasketball.ap.org/teams/michigan-state,http://collegebasketball.ap.org/teams/arizona,http://collegebasketball.ap.org/teams/kansas,http://collegebasketball.ap.org/teams/wichita-state,http://collegebasketball.ap.org/teams/kentucky,http://collegebasketball.ap.org/teams/villanova,http://collegebasketball.ap.org/teams/florida,http://collegebasketball.ap.org/teams/southern-california,http://collegebasketball.ap.org/teams/notre-dame,http://collegebasketball.ap.org/teams/minnesota,http://collegebasketball.ap.org/teams/west-virginia,http://collegebasketball.ap.org/teams/miami-fl,http://collegebasketball.ap.org/teams/north-carolina,http://collegebasketball.ap.org/teams/gonzaga,http://collegebasketball.ap.org/teams/cincinnati,http://collegebasketball.ap.org/teams/xavier,http://collegebasketball.ap.org/teams/ucla,http://collegebasketball.ap.org/teams/baylor,http://collegebasketball.ap.org/teams/northwestern,http://collegebasketball.ap.org/teams/seton-hall,http://collegebasketball.ap.org/teams/purdue,http://collegebasketball.ap.org/teams/louisville,http://collegebasketball.ap.org/teams/alabama,http://collegebasketball.ap.org/teams/saint-marys-cal
kevin-mcnamara,http://collegebasketball.ap.org/teams/michigan-state,http://collegebasketball.ap.org/teams/duke,http://collegebasketball.ap.org/teams/arizona,http://collegebasketball.ap.org/teams/kansas,http://collegebasketball.ap.org/teams/southern-california,http://collegebasketball.ap.org/teams/kentucky,http://collegebasketball.ap.org/teams/miami-fl,http://collegebasketball.ap.org/teams/villanova,http://collegebasketball.ap.org/teams/florida,http://collegebasketball.ap.org/teams/wichita-state,http://collegebasketball.ap.org/teams/cincinnati,http://collegebasketball.ap.org/teams/louisville,http://collegebasketball.ap.org/teams/west-virginia,http://collegebasketball.ap.org/teams/xavier,http://collegebasketball.ap.org/teams/north-carolina,http://collegebasketball.ap.org/teams/seton-hall,http://collegebasketball.ap.org/teams/minnesota,http://collegebasketball.ap.org/teams/ucla,http://collegebasketball.ap.org/teams/purdue,http://collegebasketball.ap.org/teams/saint-marys-cal,http://collegebasketball.ap.org/teams/gonzaga,http://collegebasketball.ap.org/teams/notre-dame,http://collegebasketball.ap.org/teams/texas-am,http://collegebasketball.ap.org/teams/oklahoma,http://collegebasketball.ap.org/teams/alabama
lauren-brownlow,http://collegebasketball.ap.org/teams/arizona,http://collegebasketball.ap.org/teams/kansas,http://collegebasketball.ap.org/teams/duke,http://collegebasketball.ap.org/teams/michigan-state,http://collegebasketball.ap.org/teams/villanova,http://collegebasketball.ap.org/teams/north-carolina,http://collegebasketball.ap.org/teams/kentucky,http://collegebasketball.ap.org/teams/florida,http://collegebasketball.ap.org/teams/wichita-state,http://collegebasketball.ap.org/teams/west-virginia,http://collegebasketball.ap.org/teams/notre-dame,http://collegebasketball.ap.org/teams/southern-california,http://collegebasketball.ap.org/teams/miami-fl,http://collegebasketball.ap.org/teams/louisville,http://collegebasketball.ap.org/teams/minnesota,http://collegebasketball.ap.org/teams/gonzaga,http://collegebasketball.ap.org/teams/cincinnati,http://collegebasketball.ap.org/teams/northwestern,http://collegebasketball.ap.org/teams/ucla,http://collegebasketball.ap.org/teams/purdue,http://collegebasketball.ap.org/teams/baylor,http://collegebasketball.ap.org/teams/saint-marys-cal,http://collegebasketball.ap.org/teams/xavier,http://collegebasketball.ap.org/teams/tcu,http://collegebasketball.ap.org/teams/virginia
lindsay-schnell,http://collegebasketball.ap.org/teams/michigan-state,http://collegebasketball.ap.org/teams/arizona,http://collegebasketball.ap.org/teams/kansas,http://collegebasketball.ap.org/teams/duke,http://collegebasketball.ap.org/teams/kentucky,http://collegebasketball.ap.org/teams/villanova,http://collegebasketball.ap.org/teams/wichita-state,http://collegebasketball.ap.org/teams/north-carolina,http://collegebasketball.ap.org/teams/florida,http://collegebasketball.ap.org/teams/west-virginia,http://collegebasketball.ap.org/teams/southern-california,http://collegebasketball.ap.org/teams/miami-fl,http://collegebasketball.ap.org/teams/cincinnati,http://collegebasketball.ap.org/teams/minnesota,http://collegebasketball.ap.org/teams/notre-dame,http://collegebasketball.ap.org/teams/xavier,http://collegebasketball.ap.org/teams/northwestern,http://collegebasketball.ap.org/teams/gonzaga,http://collegebasketball.ap.org/teams/louisville,http://collegebasketball.ap.org/teams/saint-marys-cal,http://collegebasketball.ap.org/teams/ucla,http://collegebasketball.ap.org/teams/seton-hall,http://collegebasketball.ap.org/teams/purdue,http://collegebasketball.ap.org/teams/alabama,http://collegebasketball.ap.org/teams/baylor
luke-decock,http://collegebasketball.ap.org/teams/michigan-state,http://collegebasketball.ap.org/teams/duke,http://collegebasketball.ap.org/teams/arizona,http://collegebasketball.ap.org/teams/wichita-state,http://collegebasketball.ap.org/teams/kansas,http://collegebasketball.ap.org/teams/villanova,http://collegebasketball.ap.org/teams/kentucky,http://collegebasketball.ap.org/teams/florida,http://collegebasketball.ap.org/teams/north-carolina,http://collegebasketball.ap.org/teams/cincinnati,http://collegebasketball.ap.org/teams/southern-california,http://collegebasketball.ap.org/teams/west-virginia,http://collegebasketball.ap.org/teams/purdue,http://collegebasketball.ap.org/teams/gonzaga,http://collegebasketball.ap.org/teams/notre-dame,http://collegebasketball.ap.org/teams/alabama,http://collegebasketball.ap.org/teams/xavier,http://collegebasketball.ap.org/teams/saint-marys-cal,http://collegebasketball.ap.org/teams/seton-hall,http://collegebasketball.ap.org/teams/baylor,http://collegebasketball.ap.org/teams/virginia,http://collegebasketball.ap.org/teams/texas-am,http://collegebasketball.ap.org/teams/miami-fl,http://collegebasketball.ap.org/teams/northwestern,http://collegebasketball.ap.org/teams/louisville
marcus-fuller,http://collegebasketball.ap.org/teams/duke,http://collegebasketball.ap.org/teams/arizona,http://collegebasketball.ap.org/teams/kansas,http://collegebasketball.ap.org/teams/michigan-state,http://collegebasketball.ap.org/teams/villanova,http://collegebasketball.ap.org/teams/kentucky,http://collegebasketball.ap.org/teams/florida,http://collegebasketball.ap.org/teams/wichita-state,http://collegebasketball.ap.org/teams/southern-california,http://collegebasketball.ap.org/teams/north-carolina,http://collegebasketball.ap.org/teams/miami-fl,http://collegebasketball.ap.org/teams/west-virginia,http://collegebasketball.ap.org/teams/louisville,http://collegebasketball.ap.org/teams/cincinnati,http://collegebasketball.ap.org/teams/notre-dame,http://collegebasketball.ap.org/teams/minnesota,http://collegebasketball.ap.org/teams/xavier,http://collegebasketball.ap.org/teams/gonzaga,http://collegebasketball.ap.org/teams/ucla,http://collegebasketball.ap.org/teams/purdue,http://collegebasketball.ap.org/teams/seton-hall,http://collegebasketball.ap.org/teams/saint-marys-cal,http://collegebasketball.ap.org/teams/texas-am,http://collegebasketball.ap.org/teams/northwestern,http://collegebasketball.ap.org/teams/baylor
mark-berman,http://collegebasketball.ap.org/teams/michigan-state,http://collegebasketball.ap.org/teams/arizona,http://collegebasketball.ap.org/teams/kansas,http://collegebasketball.ap.org/teams/north-carolina,http://collegebasketball.ap.org/teams/duke,http://collegebasketball.ap.org/teams/wichita-state,http://collegebasketball.ap.org/teams/kentucky,http://collegebasketball.ap.org/teams/villanova,http://collegebasketball.ap.org/teams/notre-dame,http://collegebasketball.ap.org/teams/southern-california,http://collegebasketball.ap.org/teams/florida,http://collegebasketball.ap.org/teams/cincinnati,http://collegebasketball.ap.org/teams/west-virginia,http://collegebasketball.ap.org/teams/minnesota,http://collegebasketball.ap.org/teams/northwestern,http://collegebasketball.ap.org/teams/saint-marys-cal,http://collegebasketball.ap.org/teams/purdue,http://collegebasketball.ap.org/teams/miami-fl,http://collegebasketball.ap.org/teams/seton-hall,http://collegebasketball.ap.org/teams/xavier,http://collegebasketball.ap.org/teams/rhode-island,http://collegebasketball.ap.org/teams/providence,http://collegebasketball.ap.org/teams/tcu,http://collegebasketball.ap.org/teams/nevada,http://collegebasketball.ap.org/teams/middle-tennessee
mark-cooper,http://collegebasketball.ap.org/teams/michigan-state,http://collegebasketball.ap.org/teams/duke,http://collegebasketball.ap.org/teams/villanova,http://collegebasketball.ap.org/teams/arizona,http://collegebasketball.ap.org/teams/kansas,http://collegebasketball.ap.org/teams/wichita-state,http://collegebasketball.ap.org/teams/kentucky,http://collegebasketball.ap.org/teams/southern-california,http://collegebasketball.ap.org/teams/florida,http://collegebasketball.ap.org/teams/north-carolina,http://collegebasketball.ap.org/teams/northwestern,http://collegebasketball.ap.org/teams/cincinnati,http://collegebasketball.ap.org/teams/xavier,http://collegebasketball.ap.org/teams/west-virginia,http://collegebasketball.ap.org/teams/miami-fl,http://collegebasketball.ap.org/teams/notre-dame,http://collegebasketball.ap.org/teams/tcu,http://collegebasketball.ap.org/teams/purdue,http://collegebasketball.ap.org/teams/texas-am,http://collegebasketball.ap.org/teams/minnesota,http://collegebasketball.ap.org/teams/louisville,http://collegebasketball.ap.org/teams/providence,http://collegebasketball.ap.org/teams/seton-hall,http://collegebasketball.ap.org/teams/ucla,http://collegebasketball.ap.org/teams/baylor
matt-mccoy,http://collegebasketball.ap.org/teams/michigan-state,http://collegebasketball.ap.org/teams/duke,http://collegebasketball.ap.org/teams/kentucky,http://collegebasketball.ap.org/teams/villanova,http://collegebasketball.ap.org/teams/kansas,http://collegebasketball.ap.org/teams/arizona,http://collegebasketball.ap.org/teams/north-carolina,http://collegebasketball.ap.org/teams/west-virginia,http://collegebasketball.ap.org/teams/florida,http://collegebasketball.ap.org/teams/wichita-state,http://collegebasketball.ap.org/teams/notre-dame,http://collegebasketball.ap.org/teams/cincinnati,http://collegebasketball.ap.org/teams/xavier,http://collegebasketball.ap.org/teams/miami-fl,http://collegebasketball.ap.org/teams/gonzaga,http://collegebasketball.ap.org/teams/southern-california,http://collegebasketball.ap.org/teams/purdue,http://collegebasketball.ap.org/teams/louisville,http://collegebasketball.ap.org/teams/ucla,http://collegebasketball.ap.org/teams/northwestern,http://collegebasketball.ap.org/teams/missouri,http://collegebasketball.ap.org/teams/minnesota,http://collegebasketball.ap.org/teams/saint-marys-cal,http://collegebasketball.ap.org/teams/virginia,http://collegebasketball.ap.org/teams/wisconsin
matt-vautour,http://collegebasketball.ap.org/teams/duke,http://collegebasketball.ap.org/teams/michigan-state,http://collegebasketball.ap.org/teams/arizona,http://collegebasketball.ap.org/teams/kansas,http://collegebasketball.ap.org/teams/kentucky,http://collegebasketball.ap.org/teams/villanova,http://collegebasketball.ap.org/teams/wichita-state,http://collegebasketball.ap.org/teams/southern-california,http://collegebasketball.ap.org/teams/miami-fl,http://collegebasketball.ap.org/teams/north-carolina,http://collegebasketball.ap.org/teams/florida,http://collegebasketball.ap.org/teams/minnesota,http://collegebasketball.ap.org/teams/notre-dame,http://collegebasketball.ap.org/teams/louisville,http://collegebasketball.ap.org/teams/northwestern,http://collegebasketball.ap.org/teams/saint-marys-cal,http://collegebasketball.ap.org/teams/cincinnati,http://collegebasketball.ap.org/teams/xavier,http://collegebasketball.ap.org/teams/west-virginia,http://collegebasketball.ap.org/teams/gonzaga,http://collegebasketball.ap.org/teams/baylor,http://collegebasketball.ap.org/teams/ucla,http://collegebasketball.ap.org/teams/rhode-island,http://collegebasketball.ap.org/teams/alabama,http://collegebasketball.ap.org/teams/missouri
norm-wood,http://collegebasketball.ap.org/teams/duke,http://collegebasketball.ap.org/teams/arizona,http://collegebasketball.ap.org/teams/michigan-state,http://collegebasketball.ap.org/teams/kentucky,http://collegebasketball.ap.org/teams/kansas,http://collegebasketball.ap.org/teams/wichita-state,http://collegebasketball.ap.org/teams/miami-fl,http://collegebasketball.ap.org/teams/villanova,http://collegebasketball.ap.org/teams/southern-california,http://collegebasketball.ap.org/teams/florida,http://collegebasketball.ap.org/teams/cincinnati,http://collegebasketball.ap.org/teams/north-carolina,http://collegebasketball.ap.org/teams/minnesota,http://collegebasketball.ap.org/teams/west-virginia,http://collegebasketball.ap.org/teams/northwestern,http://collegebasketball.ap.org/teams/xavier,http://collegebasketball.ap.org/teams/notre-dame,http://collegebasketball.ap.org/teams/ucla,http://collegebasketball.ap.org/teams/gonzaga,http://collegebasketball.ap.org/teams/louisville,http://collegebasketball.ap.org/teams/seton-hall,http://collegebasketball.ap.org/teams/baylor,http://collegebasketball.ap.org/teams/saint-marys-cal,http://collegebasketball.ap.org/teams/alabama,http://collegebasketball.ap.org/teams/providence
paul-klee,http://collegebasketball.ap.org/teams/arizona,http://collegebasketball.ap.org/teams/duke,http://collegebasketball.ap.org/teams/kansas,http://collegebasketball.ap.org/teams/wichita-state,http://collegebasketball.ap.org/teams/florida,http://collegebasketball.ap.org/teams/michigan-state,http://collegebasketball.ap.org/teams/southern-california,http://collegebasketball.ap.org/teams/kentucky,http://collegebasketball.ap.org/teams/villanova,http://collegebasketball.ap.org/teams/north-carolina,http://collegebasketball.ap.org/teams/purdue,http://collegebasketball.ap.org/teams/notre-dame,http://collegebasketball.ap.org/teams/gonzaga,http://collegebasketball.ap.org/teams/saint-marys-cal,http://collegebasketball.ap.org/teams/miami-fl,http://collegebasketball.ap.org/teams/cincinnati,http://collegebasketball.ap.org/teams/louisville,http://collegebasketball.ap.org/teams/xavier,http://collegebasketball.ap.org/teams/minnesota,http://collegebasketball.ap.org/teams/ucla,http://collegebasketball.ap.org/teams/west-virginia,http://collegebasketball.ap.org/teams/baylor,http://collegebasketball.ap.org/teams/northwestern,http://collegebasketball.ap.org/teams/providence,http://collegebasketball.ap.org/teams/oakland
richard-croome,http://collegebasketball.ap.org/teams/arizona,http://collegebasketball.ap.org/teams/kansas,http://collegebasketball.ap.org/teams/michigan-state,http://collegebasketball.ap.org/teams/duke,http://collegebasketball.ap.org/teams/kentucky,http://collegebasketball.ap.org/teams/wichita-state,http://collegebasketball.ap.org/teams/southern-california,http://collegebasketball.ap.org/teams/villanova,http://collegebasketball.ap.org/teams/north-carolina,http://collegebasketball.ap.org/teams/miami-fl,http://collegebasketball.ap.org/teams/west-virginia,http://collegebasketball.ap.org/teams/texas-am,http://collegebasketball.ap.org/teams/cincinnati,http://collegebasketball.ap.org/teams/gonzaga,http://collegebasketball.ap.org/teams/xavier,http://collegebasketball.ap.org/teams/florida,http://collegebasketball.ap.org/teams/minnesota,http://collegebasketball.ap.org/teams/notre-dame,http://collegebasketball.ap.org/teams/seton-hall,http://collegebasketball.ap.org/teams/purdue,http://collegebasketball.ap.org/teams/northwestern,http://collegebasketball.ap.org/teams/saint-marys-cal,http://collegebasketball.ap.org/teams/tcu,http://collegebasketball.ap.org/teams/ucla,http://collegebasketball.ap.org/teams/alabama
rick-bozich,http://collegebasketball.ap.org/teams/arizona,http://collegebasketball.ap.org/teams/michigan-state,http://collegebasketball.ap.org/teams/duke,http://collegebasketball.ap.org/teams/kansas,http://collegebasketball.ap.org/teams/wichita-state,http://collegebasketball.ap.org/teams/kentucky,http://collegebasketball.ap.org/teams/villanova,http://collegebasketball.ap.org/teams/west-virginia,http://collegebasketball.ap.org/teams/north-carolina,http://collegebasketball.ap.org/teams/florida,http://collegebasketball.ap.org/teams/cincinnati,http://collegebasketball.ap.org/teams/southern-california,http://collegebasketball.ap.org/teams/miami-fl,http://collegebasketball.ap.org/teams/notre-dame,http://collegebasketball.ap.org/teams/louisville,http://collegebasketball.ap.org/teams/purdue,http://collegebasketball.ap.org/teams/minnesota,http://collegebasketball.ap.org/teams/gonzaga,http://collegebasketball.ap.org/teams/ucla,http://collegebasketball.ap.org/teams/xavier,http://collegebasketball.ap.org/teams/northwestern,http://collegebasketball.ap.org/teams/seton-hall,http://collegebasketball.ap.org/teams/saint-marys-cal,http://collegebasketball.ap.org/teams/alabama,http://collegebasketball.ap.org/teams/tcu
scott-mansch,http://collegebasketball.ap.org/teams/arizona,http://collegebasketball.ap.org/teams/duke,http://collegebasketball.ap.org/teams/michigan-state,http://collegebasketball.ap.org/teams/kansas,http://collegebasketball.ap.org/teams/villanova,http://collegebasketball.ap.org/teams/kentucky,http://collegebasketball.ap.org/teams/florida,http://collegebasketball.ap.org/teams/west-virginia,http://collegebasketball.ap.org/teams/north-carolina,http://collegebasketball.ap.org/teams/wichita-state,http://collegebasketball.ap.org/teams/notre-dame,http://collegebasketball.ap.org/teams/southern-california,http://collegebasketball.ap.org/teams/louisville,http://collegebasketball.ap.org/teams/ucla,http://collegebasketball.ap.org/teams/purdue,http://collegebasketball.ap.org/teams/miami-fl,http://collegebasketball.ap.org/teams/xavier,http://collegebasketball.ap.org/teams/minnesota,http://collegebasketball.ap.org/teams/cincinnati,http://collegebasketball.ap.org/teams/saint-marys-cal,http://collegebasketball.ap.org/teams/northwestern,http://collegebasketball.ap.org/teams/gonzaga,http://collegebasketball.ap.org/teams/seton-hall,http://collegebasketball.ap.org/teams/texas-am,http://collegebasketball.ap.org/teams/wisconsin
scott-richey,http://collegebasketball.ap.org/teams/duke,http://collegebasketball.ap.org/teams/michigan-state,http://collegebasketball.ap.org/teams/arizona,http://collegebasketball.ap.org/teams/kentucky,http://collegebasketball.ap.org/teams/kansas,http://collegebasketball.ap.org/teams/southern-california,http://collegebasketball.ap.org/teams/villanova,http://collegebasketball.ap.org/teams/wichita-state,http://collegebasketball.ap.org/teams/florida,http://collegebasketball.ap.org/teams/miami-fl,http://collegebasketball.ap.org/teams/north-carolina,http://collegebasketball.ap.org/teams/notre-dame,http://collegebasketball.ap.org/teams/minnesota,http://collegebasketball.ap.org/teams/louisville,http://collegebasketball.ap.org/teams/xavier,http://collegebasketball.ap.org/teams/gonzaga,http://collegebasketball.ap.org/teams/west-virginia,http://collegebasketball.ap.org/teams/saint-marys-cal,http://collegebasketball.ap.org/teams/cincinnati,http://collegebasketball.ap.org/teams/seton-hall,http://collegebasketball.ap.org/teams/ucla,http://collegebasketball.ap.org/teams/texas-am,http://collegebasketball.ap.org/teams/providence,http://collegebasketball.ap.org/teams/alabama,http://collegebasketball.ap.org/teams/northwestern
scott-wolf,http://collegebasketball.ap.org/teams/michigan-state,http://collegebasketball.ap.org/teams/duke,http://collegebasketball.ap.org/teams/kansas,http://collegebasketball.ap.org/teams/kentucky,http://collegebasketball.ap.org/teams/villanova,http://collegebasketball.ap.org/teams/arizona,http://collegebasketball.ap.org/teams/wichita-state,http://collegebasketball.ap.org/teams/north-carolina,http://collegebasketball.ap.org/teams/florida,http://collegebasketball.ap.org/teams/notre-dame,http://collegebasketball.ap.org/teams/cincinnati,http://collegebasketball.ap.org/teams/southern-california,http://collegebasketball.ap.org/teams/xavier,http://collegebasketball.ap.org/teams/minnesota,http://collegebasketball.ap.org/teams/miami-fl,http://collegebasketball.ap.org/teams/louisville,http://collegebasketball.ap.org/teams/gonzaga,http://collegebasketball.ap.org/teams/northwestern,http://collegebasketball.ap.org/teams/purdue,http://collegebasketball.ap.org/teams/baylor,http://collegebasketball.ap.org/teams/saint-marys-cal,http://collegebasketball.ap.org/teams/virginia,http://collegebasketball.ap.org/teams/butler,http://collegebasketball.ap.org/teams/ucla,http://collegebasketball.ap.org/teams/seton-hall
seth-davis,http://collegebasketball.ap.org/teams/arizona,http://collegebasketball.ap.org/teams/michigan-state,http://collegebasketball.ap.org/teams/duke,http://collegebasketball.ap.org/teams/kansas,http://collegebasketball.ap.org/teams/kentucky,http://collegebasketball.ap.org/teams/wichita-state,http://collegebasketball.ap.org/teams/miami-fl,http://collegebasketball.ap.org/teams/florida,http://collegebasketball.ap.org/teams/villanova,http://collegebasketball.ap.org/teams/west-virginia,http://collegebasketball.ap.org/teams/southern-california,http://collegebasketball.ap.org/teams/saint-marys-cal,http://collegebasketball.ap.org/teams/north-carolina,http://collegebasketball.ap.org/teams/notre-dame,http://collegebasketball.ap.org/teams/minnesota,http://collegebasketball.ap.org/teams/gonzaga,http://collegebasketball.ap.org/teams/louisville,http://collegebasketball.ap.org/teams/rhode-island,http://collegebasketball.ap.org/teams/cincinnati,http://collegebasketball.ap.org/teams/seton-hall,http://collegebasketball.ap.org/teams/northwestern,http://collegebasketball.ap.org/teams/baylor,http://collegebasketball.ap.org/teams/xavier,http://collegebasketball.ap.org/teams/purdue,http://collegebasketball.ap.org/teams/ucla
shannon-ryan,http://collegebasketball.ap.org/teams/arizona,http://collegebasketball.ap.org/teams/michigan-state,http://collegebasketball.ap.org/teams/duke,http://collegebasketball.ap.org/teams/kansas,http://collegebasketball.ap.org/teams/kentucky,http://collegebasketball.ap.org/teams/villanova,http://collegebasketball.ap.org/teams/wichita-state,http://collegebasketball.ap.org/teams/florida,http://collegebasketball.ap.org/teams/southern-california,http://collegebasketball.ap.org/teams/north-carolina,http://collegebasketball.ap.org/teams/notre-dame,http://collegebasketball.ap.org/teams/miami-fl,http://collegebasketball.ap.org/teams/xavier,http://collegebasketball.ap.org/teams/minnesota,http://collegebasketball.ap.org/teams/northwestern,http://collegebasketball.ap.org/teams/cincinnati,http://collegebasketball.ap.org/teams/gonzaga,http://collegebasketball.ap.org/teams/seton-hall,http://collegebasketball.ap.org/teams/west-virginia,http://collegebasketball.ap.org/teams/ucla,http://collegebasketball.ap.org/teams/louisville,http://collegebasketball.ap.org/teams/saint-marys-cal,http://collegebasketball.ap.org/teams/alabama,http://collegebasketball.ap.org/teams/rhode-island,http://collegebasketball.ap.org/teams/missouri
sheldon-mickles,http://collegebasketball.ap.org/teams/duke,http://collegebasketball.ap.org/teams/arizona,http://collegebasketball.ap.org/teams/michigan-state,http://collegebasketball.ap.org/teams/kansas,http://collegebasketball.ap.org/teams/villanova,http://collegebasketball.ap.org/teams/wichita-state,http://collegebasketball.ap.org/teams/kentucky,http://collegebasketball.ap.org/teams/florida,http://collegebasketball.ap.org/teams/miami-fl,http://collegebasketball.ap.org/teams/north-carolina,http://collegebasketball.ap.org/teams/southern-california,http://collegebasketball.ap.org/teams/notre-dame,http://collegebasketball.ap.org/teams/cincinnati,http://collegebasketball.ap.org/teams/minnesota,http://collegebasketball.ap.org/teams/west-virginia,http://collegebasketball.ap.org/teams/northwestern,http://collegebasketball.ap.org/teams/xavier,http://collegebasketball.ap.org/teams/gonzaga,http://collegebasketball.ap.org/teams/louisville,http://collegebasketball.ap.org/teams/baylor,http://collegebasketball.ap.org/teams/ucla,http://collegebasketball.ap.org/teams/purdue,http://collegebasketball.ap.org/teams/nevada,http://collegebasketball.ap.org/teams/saint-marys-cal,http://collegebasketball.ap.org/teams/tcu
terry-toohey,http://collegebasketball.ap.org/teams/michigan-state,http://collegebasketball.ap.org/teams/duke,http://collegebasketball.ap.org/teams/arizona,http://collegebasketball.ap.org/teams/kansas,http://collegebasketball.ap.org/teams/wichita-state,http://collegebasketball.ap.org/teams/villanova,http://collegebasketball.ap.org/teams/kentucky,http://collegebasketball.ap.org/teams/north-carolina,http://collegebasketball.ap.org/teams/florida,http://collegebasketball.ap.org/teams/southern-california,http://collegebasketball.ap.org/teams/cincinnati,http://collegebasketball.ap.org/teams/notre-dame,http://collegebasketball.ap.org/teams/miami-fl,http://collegebasketball.ap.org/teams/northwestern,http://collegebasketball.ap.org/teams/minnesota,http://collegebasketball.ap.org/teams/west-virginia,http://collegebasketball.ap.org/teams/seton-hall,http://collegebasketball.ap.org/teams/louisville,http://collegebasketball.ap.org/teams/xavier,http://collegebasketball.ap.org/teams/gonzaga,http://collegebasketball.ap.org/teams/saint-marys-cal,http://collegebasketball.ap.org/teams/baylor,http://collegebasketball.ap.org/teams/purdue,http://collegebasketball.ap.org/teams/alabama,http://collegebasketball.ap.org/teams/rhode-island
theo-lawson,http://collegebasketball.ap.org/teams/duke,http://collegebasketball.ap.org/teams/michigan-state,http://collegebasketball.ap.org/teams/arizona,http://collegebasketball.ap.org/teams/kansas,http://collegebasketball.ap.org/teams/wichita-state,http://collegebasketball.ap.org/teams/kentucky,http://collegebasketball.ap.org/teams/florida,http://collegebasketball.ap.org/teams/villanova,http://collegebasketball.ap.org/teams/cincinnati,http://collegebasketball.ap.org/teams/southern-california,http://collegebasketball.ap.org/teams/miami-fl,http://collegebasketball.ap.org/teams/notre-dame,http://collegebasketball.ap.org/teams/minnesota,http://collegebasketball.ap.org/teams/north-carolina,http://collegebasketball.ap.org/teams/west-virginia,http://collegebasketball.ap.org/teams/louisville,http://collegebasketball.ap.org/teams/northwestern,http://collegebasketball.ap.org/teams/gonzaga,http://collegebasketball.ap.org/teams/seton-hall,http://collegebasketball.ap.org/teams/saint-marys-cal,http://collegebasketball.ap.org/teams/baylor,http://collegebasketball.ap.org/teams/xavier,http://collegebasketball.ap.org/teams/ucla,http://collegebasketball.ap.org/teams/purdue,http://collegebasketball.ap.org/teams/missouri
thuc-nhi-nguyen,http://collegebasketball.ap.org/teams/duke,http://collegebasketball.ap.org/teams/arizona,http://collegebasketball.ap.org/teams/michigan-state,http://collegebasketball.ap.org/teams/kansas,http://collegebasketball.ap.org/teams/villanova,http://collegebasketball.ap.org/teams/kentucky,http://collegebasketball.ap.org/teams/wichita-state,http://collegebasketball.ap.org/teams/southern-california,http://collegebasketball.ap.org/teams/florida,http://collegebasketball.ap.org/teams/north-carolina,http://collegebasketball.ap.org/teams/miami-fl,http://collegebasketball.ap.org/teams/notre-dame,http://collegebasketball.ap.org/teams/minnesota,http://collegebasketball.ap.org/teams/cincinnati,http://collegebasketball.ap.org/teams/west-virginia,http://collegebasketball.ap.org/teams/northwestern,http://collegebasketball.ap.org/teams/louisville,http://collegebasketball.ap.org/teams/ucla,http://collegebasketball.ap.org/teams/gonzaga,http://collegebasketball.ap.org/teams/baylor,http://collegebasketball.ap.org/teams/saint-marys-cal,http://collegebasketball.ap.org/teams/xavier,http://collegebasketball.ap.org/teams/purdue,http://collegebasketball.ap.org/teams/alabama,http://collegebasketball.ap.org/teams/texas-am
tony-parks,http://collegebasketball.ap.org/teams/duke,http://collegebasketball.ap.org/teams/arizona,http://collegebasketball.ap.org/teams/kansas,http://collegebasketball.ap.org/teams/michigan-state,http://collegebasketball.ap.org/teams/kentucky,http://collegebasketball.ap.org/teams/villanova,http://collegebasketball.ap.org/teams/florida,http://collegebasketball.ap.org/teams/wichita-state,http://collegebasketball.ap.org/teams/miami-fl,http://collegebasketball.ap.org/teams/north-carolina,http://collegebasketball.ap.org/teams/southern-california,http://collegebasketball.ap.org/teams/louisville,http://collegebasketball.ap.org/teams/ucla,http://collegebasketball.ap.org/teams/west-virginia,http://collegebasketball.ap.org/teams/xavier,http://collegebasketball.ap.org/teams/minnesota,http://collegebasketball.ap.org/teams/gonzaga,http://collegebasketball.ap.org/teams/notre-dame,http://collegebasketball.ap.org/teams/cincinnati,http://collegebasketball.ap.org/teams/northwestern,http://collegebasketball.ap.org/teams/seton-hall,http://collegebasketball.ap.org/teams/baylor,http://collegebasketball.ap.org/teams/saint-marys-cal,http://collegebasketball.ap.org/teams/virginia,http://collegebasketball.ap.org/teams/butler
tyson-alger,http://collegebasketball.ap.org/teams/duke,http://collegebasketball.ap.org/teams/arizona,http://collegebasketball.ap.org/teams/michigan-state,http://collegebasketball.ap.org/teams/kansas,http://collegebasketball.ap.org/teams/kentucky,http://collegebasketball.ap.org/teams/villanova,http://collegebasketball.ap.org/teams/florida,http://collegebasketball.ap.org/teams/wichita-state,http://collegebasketball.ap.org/teams/southern-california,http://collegebasketball.ap.org/teams/west-virginia,http://collegebasketball.ap.org/teams/north-carolina,http://collegebasketball.ap.org/teams/miami-fl,http://collegebasketball.ap.org/teams/minnesota,http://collegebasketball.ap.org/teams/cincinnati,http://collegebasketball.ap.org/teams/louisville,http://collegebasketball.ap.org/teams/ucla,http://collegebasketball.ap.org/teams/gonzaga,http://collegebasketball.ap.org/teams/xavier,http://collegebasketball.ap.org/teams/notre-dame,http://collegebasketball.ap.org/teams/alabama,http://collegebasketball.ap.org/teams/baylor,http://collegebasketball.ap.org/teams/northwestern,http://collegebasketball.ap.org/teams/saint-marys-cal,http://collegebasketball.ap.org/teams/seton-hall,http://collegebasketball.ap.org/teams/providence
zach-osterman,http://collegebasketball.ap.org/teams/arizona,http://collegebasketball.ap.org/teams/duke,http://collegebasketball.ap.org/teams/michigan-state,http://collegebasketball.ap.org/teams/kentucky,http://collegebasketball.ap.org/teams/kansas,http://collegebasketball.ap.org/teams/southern-california,http://collegebasketball.ap.org/teams/villanova,http://collegebasketball.ap.org/teams/wichita-state,http://collegebasketball.ap.org/teams/florida,http://collegebasketball.ap.org/teams/miami-fl,http://collegebasketball.ap.org/teams/cincinnati,http://collegebasketball.ap.org/teams/notre-dame,http://collegebasketball.ap.org/teams/north-carolina,http://collegebasketball.ap.org/teams/louisville,http://collegebasketball.ap.org/teams/gonzaga,http://collegebasketball.ap.org/teams/northwestern,http://collegebasketball.ap.org/teams/minnesota,http://collegebasketball.ap.org/teams/purdue,http://collegebasketball.ap.org/teams/baylor,http://collegebasketball.ap.org/teams/xavier,http://collegebasketball.ap.org/teams/saint-marys-cal,http://collegebasketball.ap.org/teams/providence,http://collegebasketball.ap.org/teams/west-virginia,http://collegebasketball.ap.org/teams/alabama,http://collegebasketball.ap.org/teams/rhode-island
