2555365,Pre,1,08/10,NE,5,7,85,1,0
2555365,Pre,2,08/17,TB,10,15,144,1,0
2555365,Pre,3,08/24,CAR,1,5,22,0,0
2555365,Pre,4,08/31,ATL,22,31,265,1,3
2555365,Reg,1,09/10,IND,--,--,--,--,--
2555365,Reg,2,09/17,WAS,--,--,--,--,--
2555365,Reg,3,09/21,SF,--,--,--,--,--
2555365,Reg,4,10/01,DAL,--,--,--,--,--
2555365,Reg,5,10/08,SEA,--,--,--,--,--
2555365,Reg,6,10/15,JAX,--,--,--,--,--
2555365,Reg,7,10/22,ARI,--,--,--,--,--
2555365,Reg,9,11/05,NYG,--,--,--,--,--
2555365,Reg,10,11/12,HOU,--,--,--,--,--
2506546,Pre,1,08/09,HOU,4,5,76,1,0
2506546,Pre,2,08/19,TEN,7,12,88,0,1
2506546,Pre,3,08/24,JAX,10,19,66,0,1
2506546,Pre,4,08/31,PIT,2,4,10,0,0
2506546,Reg,1,09/10,SF,--,--,--,--,--
2506546,Reg,2,09/17,BUF,--,--,--,--,--
2506546,Reg,3,09/24,NO,2,7,17,0,0
2506546,Reg,4,10/01,NE,--,--,--,--,--
2506546,Reg,5,10/08,DET,--,--,--,--,--
2506546,Reg,6,10/12,PHI,--,--,--,--,--
2506546,Reg,7,10/22,CHI,--,--,--,--,--
2506546,Reg,8,10/29,TB,--,--,--,--,--
2506546,Reg,9,11/05,ATL,--,--,--,--,--
2506546,Reg,10,11/13,MIA,--,--,--,--,--
2539308,Pre,1,08/11,KC,10,17,168,0,0
2539308,Pre,2,08/19,DEN,1,2,10,0,0
2539308,Pre,3,08/27,MIN,2,2,19,0,0
2539308,Pre,4,08/31,LAC,--,--,--,--,--
2557922,Pre,1,08/11,KC,7,11,101,2,0
2557922,Pre,2,08/19,DEN,7,12,110,1,0
2557922,Pre,3,08/27,MIN,7,13,159,1,1
2557922,Pre,4,08/31,LAC,5,9,31,0,0
2557922,Reg,1,09/10,CAR,--,--,--,--,--
2557922,Reg,2,09/17,SEA,--,--,--,--,--
2557922,Reg,3,09/21,LA,--,--,--,--,--
2557922,Reg,4,10/01,ARI,--,--,--,--,--
2557922,Reg,5,10/08,IND,--,--,--,--,--
2557922,Reg,6,10/15,WAS,19,36,245,1,1
2557922,Reg,7,10/22,DAL,22,38,235,0,0
2557922,Reg,8,10/29,PHI,17,36,167,1,2
2557922,Reg,9,11/05,ARI,24,51,294,0,1
2557922,Reg,10,11/12,NYG,19,25,288,2,1
2556794,Pre,1,08/13,SEA,4,6,68,0,0
2556794,Pre,2,08/20,NO,--,--,--,--,--
2556794,Pre,3,08/26,LA,5,9,62,0,0
2556794,Pre,4,08/31,SF,3,6,46,0,2
2543477,Pre,1,08/10,NE,3,5,16,0,0
2543477,Pre,2,08/17,TB,8,13,65,0,0
2543477,Pre,3,08/24,CAR,12,16,125,1,1
2543477,Pre,4,08/31,ATL,--,--,--,--,--
2543477,Reg,1,09/10,HOU,11,21,125,1,0
2543477,Reg,2,09/17,TEN,20,34,223,1,2
2543477,Reg,3,09/24,BAL,20,31,244,4,0
2543477,Reg,4,10/01,NYJ,15,35,140,1,1
2543477,Reg,5,10/08,PIT,8,14,95,0,1
2543477,Reg,6,10/15,LA,23,35,241,1,1
2543477,Reg,7,10/22,IND,18,26,330,1,0
2543477,Reg,9,11/05,CIN,24,38,259,1,0
2543477,Reg,10,11/12,LAC,28,51,273,1,2
2556477,Pre,1,08/13,LAC,12,15,189,1,1
2556477,Pre,2,08/18,MIN,5,8,55,0,0
2556477,Pre,3,08/25,KC,0,6,0,0,1
2556477,Pre,4,08/31,OAK,13,21,166,1,2
497095,Pre,1,08/10,BUF,5,7,35,0,0
497095,Pre,2,08/18,SEA,7,11,95,0,0
497095,Pre,3,08/27,SF,17,21,134,0,0
497095,Pre,4,08/31,MIA,--,--,--,--,--
497095,Reg,1,09/11,NO,27,32,346,3,0
497095,Reg,2,09/17,PIT,--,--,--,--,--
497095,Reg,3,09/24,TB,--,--,--,--,--
497095,Reg,4,10/01,DET,--,--,--,--,--
497095,Reg,5,10/09,CHI,5,11,36,0,0
497095,Reg,6,10/15,GB,--,--,--,--,--
497095,Reg,7,10/22,BAL,--,--,--,--,--
497095,Reg,8,10/29,CLE,--,--,--,--,--
2504211,Pre,1,08/10,JAX,--,--,--,--,--
2504211,Pre,2,08/19,HOU,6,9,67,1,0
2504211,Pre,3,08/25,DET,12,15,174,2,1
2504211,Pre,4,08/31,NYG,--,--,--,--,--
2504211,Reg,1,09/07,KC,16,36,267,0,0
2504211,Reg,2,09/17,NO,30,39,447,3,0
2504211,Reg,3,09/24,HOU,25,35,378,5,0
2504211,Reg,4,10/01,CAR,32,45,307,2,0
2504211,Reg,5,10/05,TB,30,40,303,1,1
2504211,Reg,6,10/15,NYJ,20,38,257,2,1
2504211,Reg,7,10/22,ATL,21,29,249,2,0
2504211,Reg,8,10/29,LAC,32,47,333,1,0
2504211,Reg,10,11/12,DEN,25,34,266,3,0
2540173,Pre,1,08/11,SF,5,8,63,0,1
2540173,Pre,2,08/19,CIN,2,5,23,1,0
2540173,Pre,3,08/25,SEA,4,6,54,0,0
2540173,Pre,4,08/31,TEN,6,8,63,1,0
2540173,Reg,1,09/07,NE,--,--,--,--,--
2540173,Reg,2,09/17,PHI,--,--,--,--,--
2540173,Reg,3,09/24,LAC,--,--,--,--,--
2540173,Reg,4,10/02,WAS,--,--,--,--,--
2540173,Reg,5,10/08,HOU,--,--,--,--,--
2540173,Reg,6,10/15,PIT,--,--,--,--,--
2540173,Reg,7,10/19,OAK,--,--,--,--,--
2540173,Reg,8,10/30,DEN,--,--,--,--,--
2540173,Reg,9,11/05,DAL,--,--,--,--,--
2504775,Pre,1,08/10,CLE,--,--,--,--,--
2504775,Pre,2,08/20,LAC,--,--,--,--,--
2504775,Pre,3,08/26,HOU,11,15,76,0,0
2504775,Pre,4,08/31,BAL,--,--,--,--,--
2504775,Reg,1,09/11,MIN,27,37,291,1,0
2504775,Reg,2,09/17,NE,27,45,356,2,0
2504775,Reg,3,09/24,CAR,22,29,220,3,0
2504775,Reg,4,10/01,MIA,29,41,268,2,0
2504775,Reg,6,10/15,DET,20,30,186,2,2
2504775,Reg,7,10/22,GB,27,38,331,1,2
2504775,Reg,8,10/29,CHI,23,28,299,0,0
2504775,Reg,9,11/05,TB,22,27,263,2,0
2504775,Reg,10,11/12,BUF,18,25,184,0,0
2543465,Pre,1,08/10,BUF,--,--,--,--,--
2543465,Pre,2,08/18,SEA,--,--,--,--,--
2543465,Pre,3,08/27,SF,--,--,--,--,--
2543465,Pre,4,08/31,MIA,--,--,--,--,--
2543465,Reg,10,11/12,WAS,--,--,--,--,--
2555261,Pre,1,08/10,JAX,8,13,88,0,0
2555261,Pre,2,08/19,HOU,5,10,36,0,0
2555261,Pre,3,08/25,DET,--,--,--,--,--
2555261,Pre,4,08/31,NYG,28,39,341,4,1
2555261,Reg,1,09/10,LA,2,3,51,0,0
2555261,Reg,2,09/17,ARI,20,37,216,0,1
2555261,Reg,3,09/24,CLE,17,24,259,1,0
2555261,Reg,4,10/01,SEA,16,29,157,1,1
2555261,Reg,5,10/08,SF,22,34,314,0,1
2555261,Reg,6,10/16,TEN,21,37,212,1,0
2555261,Reg,7,10/22,JAX,22,37,200,0,0
2555261,Reg,8,10/29,CIN,25,39,233,2,1
2555261,Reg,9,11/05,HOU,20,30,308,2,0
2555261,Reg,10,11/12,PIT,14,24,222,2,1
2556492,Pre,1,08/10,PHI,10,16,103,0,0
2556492,Pre,2,08/19,WAS,1,3,0,0,0
2556492,Pre,3,08/26,DEN,--,--,--,--,--
2556492,Pre,4,08/31,LA,2,2,9,0,0
2556492,Reg,7,10/22,NO,--,--,--,--,--
2556492,Reg,9,11/06,DET,--,--,--,--,--
2556492,Reg,10,11/12,CHI,--,--,--,--,--
2543499,Pre,1,08/12,ARI,--,--,--,--,--
2543499,Pre,2,08/19,LA,7,9,100,2,1
2543499,Pre,3,08/26,DAL,13,17,144,2,0
2543499,Pre,4,08/31,SEA,--,--,--,--,--
2543499,Reg,1,09/10,TEN,22,32,262,2,0
2543499,Reg,2,09/17,NYJ,23,28,230,3,0
2543499,Reg,3,09/24,WAS,19,31,118,1,2
2543499,Reg,4,10/01,DEN,10,18,143,1,0
2543499,Reg,5,10/08,BAL,--,--,--,--,--
2543499,Reg,6,10/15,LAC,21,30,171,1,2
2543499,Reg,7,10/19,KC,29,52,417,3,0
2543499,Reg,8,10/29,BUF,31,49,313,1,2
2543499,Reg,9,11/05,MIA,21,30,300,1,1
2506562,Pre,1,08/12,NYJ,--,--,--,--,--
2506562,Pre,2,08/19,CAR,8,13,88,0,0
2506562,Pre,3,08/27,CHI,4,7,62,0,0
2506562,Pre,4,08/31,KC,3,4,35,0,0
2506562,Reg,1,09/10,OAK,--,--,--,--,--
2506562,Reg,2,09/17,JAX,--,--,--,--,--
2506562,Reg,3,09/24,SEA,--,--,--,--,--
2506562,Reg,4,10/01,HOU,4,10,21,0,2
2506562,Reg,5,10/08,MIA,21,32,141,1,0
2506562,Reg,6,10/16,IND,--,--,--,--,--
2506562,Reg,7,10/22,CLE,--,--,--,--,--
2506562,Reg,9,11/05,BAL,--,--,--,--,--
2506562,Reg,10,11/12,CIN,--,--,--,--,--
2506895,Pre,1,08/13,SEA,4,10,100,1,2
2506895,Pre,2,08/20,NO,10,17,99,0,0
2506895,Pre,3,08/26,LA,--,--,--,--,--
2506895,Pre,4,08/31,SF,--,--,--,--,--
2506895,Reg,1,09/11,DEN,--,--,--,--,--
2506895,Reg,2,09/17,MIA,--,--,--,--,--
2506895,Reg,3,09/24,KC,--,--,--,--,--
2506895,Reg,4,10/01,PHI,--,--,--,--,--
2506895,Reg,5,10/08,NYG,--,--,--,--,--
2506895,Reg,6,10/15,OAK,--,--,--,--,--
2506895,Reg,7,10/22,DEN,--,--,--,--,--
2506895,Reg,8,10/29,NE,--,--,--,--,--
2506895,Reg,10,11/12,JAX,--,--,--,--,--
2555332,Pre,1,08/12,ARI,10,21,82,0,0
2555332,Pre,2,08/19,LA,9,15,83,1,0
2555332,Pre,3,08/26,DAL,9,16,89,0,0
2555332,Pre,4,08/31,SEA,8,19,88,0,1
2555332,Reg,1,09/10,TEN,--,--,--,--,--
2555332,Reg,2,09/17,NYJ,--,--,--,--,--
2555332,Reg,3,09/24,WAS,--,--,--,--,--
2555332,Reg,4,10/01,DEN,--,--,--,--,--
2555332,Reg,5,10/08,BAL,--,--,--,--,--
2555332,Reg,6,10/15,LAC,--,--,--,--,--
2555332,Reg,7,10/19,KC,--,--,--,--,--
2555332,Reg,8,10/29,BUF,--,--,--,--,--
2555332,Reg,9,11/05,MIA,--,--,--,--,--
2532820,Pre,1,08/10,BAL,1,2,5,0,0
2532820,Pre,2,08/19,GB,14,23,144,1,0
2532820,Pre,3,08/27,CIN,10,19,109,0,1
2532820,Pre,4,08/31,TB,--,--,--,--,--
2532820,Reg,1,09/10,PHI,23,40,240,1,1
2532820,Reg,2,09/17,LA,18,27,179,1,0
2532820,Reg,3,09/24,OAK,25,30,365,3,0
2532820,Reg,4,10/02,KC,14,24,220,2,0
2532820,Reg,6,10/15,SF,25,37,330,2,1
2532820,Reg,7,10/23,PHI,30,40,303,3,1
2532820,Reg,8,10/29,DAL,26,39,263,1,1
2532820,Reg,9,11/05,SEA,21,31,247,0,0
2532820,Reg,10,11/12,MIN,26,45,327,1,1
2495824,Pre,1,08/10,ATL,--,--,--,--,--
2495824,Pre,2,08/17,BAL,3,6,24,0,0
2495824,Pre,3,08/24,PHI,5,8,105,1,0
2495824,Pre,4,08/31,MIN,--,--,--,--,--
2495824,Reg,2,09/17,LAC,24,33,230,1,0
2495824,Reg,3,09/24,NYJ,26,44,220,1,1
2495824,Reg,4,10/01,NO,20,28,164,0,1
2495824,Reg,5,10/08,TEN,12,26,92,1,1
2495824,Reg,6,10/15,ATL,19,33,151,2,1
2495824,Reg,7,10/22,NYJ,12,16,138,2,1
2495824,Reg,8,10/26,BAL,--,--,--,--,--
2495824,Reg,9,11/05,OAK,34,42,311,3,0
2495824,Reg,10,11/13,CAR,22,37,213,2,1
2495143,Pre,1,08/11,TB,4,5,38,0,1
2495143,Pre,2,08/19,KC,7,13,98,0,0
2495143,Pre,3,08/27,WAS,8,13,70,0,0
2495143,Pre,4,08/31,IND,--,--,--,--,--
2495143,Reg,1,09/10,BAL,16,31,170,0,4
2495143,Reg,2,09/14,HOU,20,35,224,0,0
2495143,Reg,3,09/24,GB,21,27,212,2,0
2495143,Reg,4,10/01,CLE,25,30,286,4,0
2495143,Reg,5,10/08,BUF,22,36,328,1,2
2495143,Reg,7,10/22,PIT,17,30,140,2,2
2495143,Reg,8,10/29,IND,17,29,243,2,0
2495143,Reg,9,11/05,JAX,10,18,136,0,0
2495143,Reg,10,11/12,TEN,20,35,265,2,0
81284,Pre,1,08/10,CLE,4,6,27,0,0
81284,Pre,2,08/20,LAC,7,12,80,0,0
81284,Pre,3,08/26,HOU,9,12,108,0,0
81284,Pre,4,08/31,BAL,11,19,103,1,1
81284,Reg,1,09/11,MIN,--,--,--,--,--
81284,Reg,2,09/17,NE,--,--,--,--,--
81284,Reg,3,09/24,CAR,--,--,--,--,--
81284,Reg,4,10/01,MIA,--,--,--,--,--
81284,Reg,6,10/15,DET,--,--,--,--,--
81284,Reg,7,10/22,GB,--,--,--,--,--
81284,Reg,8,10/29,CHI,--,--,--,--,--
81284,Reg,9,11/05,TB,--,--,--,--,--
81284,Reg,10,11/12,BUF,--,--,--,--,--
2533349,Pre,1,08/13,LAC,7,9,108,0,0
2533349,Pre,2,08/18,MIN,2,5,21,0,0
2533349,Pre,3,08/25,KC,5,5,64,1,0
2533349,Pre,4,08/31,OAK,10,16,123,1,0
2533349,Reg,1,09/10,GB,--,--,--,--,--
2533349,Reg,2,09/17,SF,--,--,--,--,--
2533349,Reg,3,09/24,TEN,--,--,--,--,--
2533349,Reg,4,10/01,IND,--,--,--,--,--
2533349,Reg,5,10/08,LA,--,--,--,--,--
2533349,Reg,7,10/22,NYG,--,--,--,--,--
2533349,Reg,8,10/29,HOU,--,--,--,--,--
2533349,Reg,9,11/05,WAS,--,--,--,--,--
2533349,Reg,10,11/09,ARI,--,--,--,--,--
2558167,Pre,1,08/11,NYG,8,15,100,1,2
2558167,Pre,2,08/20,ATL,10,19,70,0,1
2558167,Pre,3,08/26,IND,4,7,24,0,0
2558167,Pre,4,08/31,CAR,16,23,212,1,0
2558167,Reg,1,09/10,CLE,--,--,--,--,--
2558167,Reg,2,09/17,MIN,--,--,--,--,--
2558167,Reg,3,09/24,CHI,--,--,--,--,--
2558167,Reg,4,10/01,BAL,--,--,--,--,--
2558167,Reg,5,10/08,JAX,--,--,--,--,--
2558167,Reg,6,10/15,KC,--,--,--,--,--
2558167,Reg,7,10/22,CIN,--,--,--,--,--
2558167,Reg,8,10/29,DET,--,--,--,--,--
2558167,Reg,10,11/12,IND,--,--,--,--,--
2555302,Pre,1,08/10,ATL,7,12,69,1,1
2555302,Pre,2,08/17,BAL,2,5,14,0,0
2555302,Pre,3,08/24,PHI,2,7,74,1,1
2555302,Pre,4,08/31,MIN,8,17,106,0,0
2555262,Pre,1,08/11,TB,8,9,97,1,0
2555262,Pre,2,08/19,KC,2,6,13,0,0
2555262,Pre,3,08/27,WAS,2,3,33,0,0
2555262,Pre,4,08/31,IND,2,3,21,0,0
2539258,Pre,1,08/12,NYG,1,2,16,1,0
2539258,Pre,2,08/19,DAL,3,6,44,0,0
2539258,Pre,3,08/25,ATL,6,7,57,0,0
2539258,Pre,4,09/01,TEN,10,16,85,0,1
2539258,Reg,5,10/06,SF,--,--,--,--,--
2539258,Reg,15,12/18,NO,--,--,--,--,--
2539258,Reg,16,12/24,SEA,--,--,--,--,--
2539258,Reg,17,01/01,LA,--,--,--,--,--
2559433,Pre,1,08/10,GB,3,8,22,0,1
2559433,Pre,2,08/17,BUF,9,12,92,0,1
2559433,Pre,3,08/24,MIA,--,--,--,--,--
2559433,Pre,4,08/31,NYJ,11,23,110,1,1
2543751,Pre,1,08/10,ATL,8,17,184,2,1
2543751,Pre,2,08/17,BAL,6,14,41,0,0
2543751,Pre,3,08/24,PHI,1,3,6,0,0
2543751,Pre,4,08/31,MIN,12,20,193,3,0
2543751,Reg,8,10/26,BAL,--,--,--,--,--
2543751,Reg,9,11/05,OAK,--,--,--,--,--
2543751,Reg,10,11/13,CAR,--,--,--,--,--
2559327,Pre,1,08/12,NYJ,1,1,4,0,0
2559327,Pre,2,08/19,CAR,--,--,--,--,--
2559327,Pre,3,08/27,CHI,--,--,--,--,--
2559327,Pre,4,08/31,KC,3,10,30,0,0
2506581,Pre,1,08/11,CIN,6,13,45,0,1
2506581,Pre,2,08/17,JAX,6,9,47,0,1
2506581,Pre,3,08/26,CLE,7,11,55,0,0
2506581,Pre,4,08/31,WAS,2,7,6,0,0
2506581,Reg,2,09/17,CHI,0,1,0,0,0
2506581,Reg,3,09/24,MIN,--,--,--,--,--
2506581,Reg,4,10/01,NYG,--,--,--,--,--
2506581,Reg,5,10/05,NE,--,--,--,--,--
2506581,Reg,6,10/15,ARI,22,32,290,3,2
2506581,Reg,7,10/22,BUF,--,--,--,--,--
2506581,Reg,8,10/29,CAR,--,--,--,--,--
2506581,Reg,9,11/05,NO,8,15,68,1,0
2506581,Reg,10,11/12,NYJ,17,34,187,1,1
382,Pre,1,08/10,WAS,--,--,--,--,--
382,Pre,2,08/17,MIA,--,--,--,--,--
382,Pre,3,08/26,BUF,--,--,--,--,--
382,Pre,4,08/31,NO,--,--,--,--,--
382,Reg,1,09/10,CIN,9,17,121,1,1
382,Reg,2,09/17,CLE,25,34,217,2,1
382,Reg,3,09/24,JAX,8,18,28,0,2
382,Reg,4,10/01,PIT,31,49,235,1,2
382,Reg,5,10/08,OAK,19,26,222,0,0
382,Reg,6,10/15,CHI,24,41,180,0,2
382,Reg,7,10/22,MIN,27,39,186,1,0
382,Reg,8,10/26,MIA,10,15,101,1,0
382,Reg,9,11/05,TEN,34,52,261,2,2
2532842,Pre,1,08/10,GB,--,--,--,--,--
2532842,Pre,2,08/17,BUF,--,--,--,--,--
2532842,Pre,3,08/24,MIA,--,--,--,--,--
2532842,Pre,4,08/31,NYJ,--,--,--,--,--
2532842,Reg,1,09/10,WAS,--,--,--,--,--
2532842,Reg,2,09/17,KC,--,--,--,--,--
2532842,Reg,3,09/24,NYG,--,--,--,--,--
2532842,Reg,4,10/01,LAC,--,--,--,--,--
2532842,Reg,5,10/08,ARI,--,--,--,--,--
2532842,Reg,6,10/12,CAR,--,--,--,--,--
2532842,Reg,7,10/23,WAS,--,--,--,--,--
2532842,Reg,8,10/29,SF,--,--,--,--,--
2532842,Reg,9,11/05,DEN,1,1,35,0,0
2495441,Pre,0,08/03,DAL,11,14,185,0,0
2495441,Pre,1,08/12,OAK,5,9,53,0,0
2495441,Pre,2,08/19,CHI,14,25,174,1,1
2495441,Pre,3,08/26,ATL,6,9,84,0,0
2495441,Pre,4,08/31,DEN,5,10,51,0,0
2495441,Reg,1,09/10,DET,--,--,--,--,--
2495441,Reg,2,09/17,IND,--,--,--,--,--
2495441,Reg,3,09/25,DAL,--,--,--,--,--
2495441,Reg,4,10/01,SF,--,--,--,--,--
2495441,Reg,5,10/08,PHI,--,--,--,--,--
2495441,Reg,6,10/15,TB,--,--,--,--,--
2495441,Reg,7,10/22,LA,--,--,--,--,--
2495441,Reg,9,11/05,SF,--,--,--,--,--
2495441,Reg,10,11/09,SEA,--,--,--,--,--
2543801,Pre,1,08/10,JAX,22,28,235,2,0
2543801,Pre,2,08/19,HOU,15,23,145,1,1
2543801,Pre,3,08/25,DET,7,12,83,0,0
2543801,Pre,4,08/31,NYG,--,--,--,--,--
2543801,Reg,1,09/07,KC,--,--,--,--,--
2543801,Reg,2,09/17,NO,--,--,--,--,--
2543801,Reg,3,09/24,HOU,--,--,--,--,--
2543801,Reg,4,10/01,CAR,--,--,--,--,--
2543801,Reg,5,10/05,TB,--,--,--,--,--
2543801,Reg,6,10/15,NYJ,--,--,--,--,--
2543801,Reg,7,10/22,ATL,--,--,--,--,--
2543801,Reg,8,10/29,LAC,--,--,--,--,--
2543801,Reg,9,11/05,ARI,--,--,--,--,--
2543801,Reg,10,11/12,NYG,--,--,--,--,--
2549982,Pre,1,08/09,HOU,4,8,47,0,0
2549982,Pre,2,08/19,TEN,5,13,74,0,0
2549982,Pre,3,08/24,JAX,8,12,97,0,0
2549982,Pre,4,08/31,PIT,12,17,99,0,1
2549982,Reg,7,10/22,CHI,--,--,--,--,--
2549982,Reg,8,10/29,TB,--,--,--,--,--
2549982,Reg,9,11/05,ATL,--,--,--,--,--
2549982,Reg,10,11/13,MIA,--,--,--,--,--
2539275,Pre,1,08/10,DEN,2,8,20,0,1
2539275,Pre,2,08/19,ARI,13,18,89,1,1
2539275,Pre,3,08/27,TEN,11,18,134,1,0
2539275,Pre,4,08/31,CLE,--,--,--,--,--
2539275,Reg,1,09/10,ATL,26,40,213,1,0
2539275,Reg,2,09/17,TB,31,45,301,1,2
2539275,Reg,3,09/24,PIT,15,22,101,1,1
2539275,Reg,4,09/28,GB,21,33,218,1,2
2539275,Reg,5,10/09,MIN,--,--,--,--,--
2539275,Reg,6,10/15,BAL,--,--,--,--,--
2539275,Reg,7,10/22,CAR,--,--,--,--,--
2539275,Reg,8,10/29,NO,--,--,--,--,--
2539275,Reg,10,11/12,GB,--,--,--,--,--
2555334,Pre,1,08/12,DAL,3,4,34,0,0
2555334,Pre,2,08/19,OAK,16,20,160,1,0
2555334,Pre,3,08/26,LAC,5,8,56,0,1
2555334,Pre,4,08/31,GB,--,--,--,--,--
2555334,Reg,1,09/10,IND,21,29,306,1,0
2555334,Reg,2,09/17,WAS,14,24,219,1,1
2555334,Reg,3,09/21,SF,22,28,292,3,0
2555334,Reg,4,10/01,DAL,21,36,255,2,0
2555334,Reg,5,10/08,SEA,22,47,288,0,2
2555334,Reg,6,10/15,JAX,11,21,124,1,0
2555334,Reg,7,10/22,ARI,22,37,235,1,1
2555334,Reg,9,11/05,NYG,14,22,311,4,0
2555334,Reg,10,11/12,HOU,25,37,355,3,0
2552371,Pre,1,08/10,CLE,11,16,126,0,0
2552371,Pre,2,08/20,LAC,--,--,--,--,--
2552371,Pre,3,08/26,HOU,2,6,35,0,0
2552371,Pre,4,08/31,BAL,2,13,32,0,0
2541185,Pre,1,08/11,CIN,4,9,57,0,0
2541185,Pre,2,08/17,JAX,--,--,--,--,--
2541185,Pre,3,08/26,CLE,--,--,--,--,--
2541185,Pre,4,08/31,WAS,--,--,--,--,--
2541185,Reg,10,11/12,NYJ,--,--,--,--,--
2555416,Pre,1,08/12,TEN,18,25,127,0,0
2555416,Pre,2,08/19,DET,2,6,14,0,0
2555416,Pre,3,08/26,NYG,12,21,126,1,2
2555416,Pre,4,08/31,PHI,10,22,105,1,0
2555416,Reg,1,09/10,BUF,--,--,--,--,--
2555416,Reg,2,09/17,OAK,--,--,--,--,--
2555416,Reg,3,09/24,MIA,--,--,--,--,--
2555416,Reg,4,10/01,JAX,--,--,--,--,--
2555416,Reg,5,10/08,CLE,--,--,--,--,--
2555416,Reg,6,10/15,NE,--,--,--,--,--
2555416,Reg,7,10/22,MIA,--,--,--,--,--
2555416,Reg,8,10/29,ATL,--,--,--,--,--
2555416,Reg,9,11/02,BUF,--,--,--,--,--
2555416,Reg,10,11/12,TB,--,--,--,--,--
2553656,Pre,1,08/10,BUF,3,8,20,1,1
2553656,Pre,2,08/18,SEA,6,9,84,1,1
2553656,Pre,3,08/27,SF,8,12,73,0,0
2553656,Pre,4,08/31,MIA,9,20,93,1,0
252,Pre,1,08/10,NE,5,6,139,1,0
252,Pre,2,08/17,TB,6,10,44,0,0
252,Pre,3,08/24,CAR,8,14,73,0,0
252,Pre,4,08/31,ATL,--,--,--,--,--
252,Reg,1,09/10,HOU,--,--,--,--,--
252,Reg,2,09/17,TEN,--,--,--,--,--
252,Reg,3,09/24,BAL,0,2,0,0,0
252,Reg,4,10/01,NYJ,--,--,--,--,--
252,Reg,5,10/08,PIT,--,--,--,--,--
252,Reg,6,10/15,LA,--,--,--,--,--
252,Reg,7,10/22,IND,--,--,--,--,--
252,Reg,9,11/05,CIN,--,--,--,--,--
252,Reg,10,11/12,LAC,--,--,--,--,--
2558954,Pre,1,08/10,PHI,4,5,69,1,0
2558954,Pre,2,08/19,WAS,6,11,49,0,0
2558954,Pre,3,08/26,DEN,--,--,--,--,--
2558954,Pre,4,08/31,LA,4,4,31,1,0
2558954,Reg,1,09/11,MIN,--,--,--,--,--
2558954,Reg,2,09/17,NE,--,--,--,--,--
2558954,Reg,3,09/24,CAR,--,--,--,--,--
2558954,Reg,4,10/01,MIA,--,--,--,--,--
2558954,Reg,6,10/15,DET,--,--,--,--,--
2558954,Reg,7,10/22,GB,--,--,--,--,--
2558954,Reg,8,10/29,CHI,--,--,--,--,--
2558954,Reg,9,11/05,TB,--,--,--,--,--
2558954,Reg,10,11/12,BUF,--,--,--,--,--
2555263,Pre,1,08/10,NO,--,--,--,--,--
2555263,Pre,2,08/21,NYG,1,1,7,0,0
2555263,Pre,3,08/26,TB,7,13,82,1,0
2555263,Pre,4,08/31,CHI,13,18,180,2,0
2555263,Reg,1,09/10,PIT,--,--,--,--,--
2555263,Reg,2,09/17,BAL,5,11,118,1,1
2555263,Reg,3,09/24,IND,--,--,--,--,--
2555263,Reg,4,10/01,CIN,5,8,65,0,0
2555263,Reg,5,10/08,NYJ,16,19,194,2,1
2555263,Reg,6,10/15,HOU,20,37,140,1,3
2555263,Reg,7,10/22,TEN,--,--,--,--,--
2555263,Reg,8,10/29,MIN,--,--,--,--,--
2555263,Reg,10,11/12,DET,--,--,--,--,--
2559370,Pre,1,08/11,NYG,2,7,24,0,0
2559370,Pre,2,08/20,ATL,5,9,24,1,1
2559370,Pre,3,08/26,IND,--,--,--,--,--
2559370,Pre,4,08/31,CAR,--,--,--,--,--
81294,Pre,1,08/11,KC,1,4,3,0,0
81294,Pre,2,08/19,DEN,8,11,89,0,1
81294,Pre,3,08/27,MIN,12,17,176,2,0
81294,Pre,4,08/31,LAC,--,--,--,--,--
81294,Reg,1,09/10,CAR,24,35,193,0,1
81294,Reg,2,09/17,SEA,15,27,99,0,1
81294,Reg,3,09/21,LA,23,37,332,2,1
81294,Reg,4,10/01,ARI,24,49,234,0,1
81294,Reg,5,10/08,IND,29,46,353,2,0
81294,Reg,6,10/15,WAS,4,11,34,0,0
81294,Reg,7,10/22,DAL,--,--,--,--,--
81294,Reg,8,10/29,PHI,--,--,--,--,--
81294,Reg,10,11/12,DEN,3,3,37,0,0
2552588,Pre,1,08/10,PHI,8,15,90,1,1
2552588,Pre,2,08/19,WAS,9,10,107,1,0
2552588,Pre,3,08/26,DEN,20,30,186,0,0
2552588,Pre,4,08/31,LA,11,21,99,1,0
2552588,Reg,1,09/10,SEA,--,--,--,--,--
2552588,Reg,2,09/17,ATL,--,--,--,--,--
2552588,Reg,3,09/24,CIN,--,--,--,--,--
2552588,Reg,4,09/28,CHI,1,1,0,0,0
2552588,Reg,5,10/08,DAL,--,--,--,--,--
2552588,Reg,6,10/15,MIN,18,33,157,1,3
2552588,Reg,7,10/22,NO,12,25,87,0,1
2552588,Reg,9,11/06,DET,26,38,245,0,0
2552588,Reg,10,11/12,CHI,18,25,212,1,0
264,Pre,1,08/11,PIT,5,10,31,0,0
264,Pre,2,08/21,CLE,2,4,6,0,0
264,Pre,3,08/26,NYJ,4,6,67,0,0
264,Pre,4,08/31,NE,11,14,135,1,0
264,Reg,10,11/12,LA,--,--,--,--,--
2555426,Pre,1,08/13,SEA,2,9,50,0,0
2555426,Pre,2,08/20,NO,7,15,61,0,1
2555426,Pre,3,08/26,LA,9,13,74,0,1
2555426,Pre,4,08/31,SF,18,24,158,0,1
2555426,Reg,1,09/11,DEN,--,--,--,--,--
2555426,Reg,2,09/17,MIA,--,--,--,--,--
2555426,Reg,3,09/24,KC,--,--,--,--,--
2555426,Reg,4,10/01,PHI,--,--,--,--,--
2555426,Reg,5,10/08,NYG,--,--,--,--,--
2555426,Reg,6,10/15,OAK,--,--,--,--,--
2555426,Reg,7,10/22,DEN,--,--,--,--,--
2555426,Reg,8,10/29,NE,--,--,--,--,--
2555426,Reg,10,11/12,JAX,--,--,--,--,--
2539287,Pre,1,08/11,NYG,--,--,--,--,--
2539287,Pre,2,08/20,ATL,--,--,--,--,--
2539287,Pre,3,08/26,IND,21,31,163,1,1
2539287,Pre,4,08/31,CAR,4,6,28,0,1
2539287,Reg,1,09/10,CLE,--,--,--,--,--
2539287,Reg,2,09/17,MIN,--,--,--,--,--
2539287,Reg,3,09/24,CHI,--,--,--,--,--
2539287,Reg,4,10/01,BAL,--,--,--,--,--
2539287,Reg,5,10/08,JAX,--,--,--,--,--
2539287,Reg,6,10/15,KC,--,--,--,--,--
2539287,Reg,7,10/22,CIN,--,--,--,--,--
2539287,Reg,8,10/29,DET,--,--,--,--,--
2539287,Reg,10,11/12,IND,--,--,--,--,--
2558016,Pre,1,08/13,IND,8,11,71,1,0
2558016,Pre,2,08/19,NYJ,4,7,38,0,0
2558016,Pre,3,08/25,NE,0,2,0,0,0
2558016,Pre,4,08/31,BUF,12,20,182,2,1
2558016,Reg,1,09/10,SF,--,--,--,--,--
2558016,Reg,2,09/17,BUF,--,--,--,--,--
2558016,Reg,3,09/24,NO,--,--,--,--,--
2558016,Reg,4,10/01,NE,--,--,--,--,--
2558016,Reg,5,10/08,DET,--,--,--,--,--
2558016,Reg,6,10/12,PHI,--,--,--,--,--
2532888,Pre,1,08/10,BUF,11,16,121,0,0
2532888,Pre,2,08/18,SEA,12,18,70,0,0
2532888,Pre,3,08/27,SF,10,14,139,2,0
2532888,Pre,4,08/31,MIA,--,--,--,--,--
2532888,Reg,1,09/11,NO,--,--,--,--,--
2532888,Reg,2,09/17,PIT,20,37,167,0,0
2532888,Reg,3,09/24,TB,25,33,369,3,0
2532888,Reg,4,10/01,DET,16,30,219,0,0
2532888,Reg,5,10/09,CHI,17,21,140,1,0
2532888,Reg,6,10/15,GB,24,38,239,1,1
2532888,Reg,7,10/22,BAL,20,31,188,0,1
2532888,Reg,8,10/29,CLE,27,43,288,2,1
2532888,Reg,10,11/12,WAS,21,29,304,4,2
2557869,Pre,1,08/10,CHI,--,--,--,--,--
2557869,Pre,2,08/19,SF,--,--,--,--,--
2557869,Pre,3,08/26,GB,--,--,--,--,--
2557869,Pre,4,08/31,ARI,--,--,--,--,--
2555387,Pre,1,08/10,NO,5,10,47,0,0
2555387,Pre,2,08/21,NYG,7,7,50,0,0
2555387,Pre,3,08/26,TB,6,10,48,0,0
2555387,Pre,4,08/31,CHI,11,19,144,1,0
2555387,Reg,1,09/10,PIT,--,--,--,--,--
2555387,Reg,2,09/17,BAL,--,--,--,--,--
2555387,Reg,3,09/24,IND,--,--,--,--,--
2555387,Reg,4,10/01,CIN,--,--,--,--,--
2555387,Reg,5,10/08,NYJ,--,--,--,--,--
2555387,Reg,6,10/15,HOU,--,--,--,--,--
2555387,Reg,7,10/22,TEN,10,19,121,0,1
2555387,Reg,8,10/29,MIN,--,--,--,--,--
2555387,Reg,10,11/12,DET,1,3,5,0,0
2557983,Pre,1,08/10,NO,11,18,184,1,0
2557983,Pre,2,08/21,NYG,8,13,74,0,0
2557983,Pre,3,08/26,TB,6,18,93,0,1
2557983,Pre,4,08/31,CHI,--,--,--,--,--
2557983,Reg,1,09/10,PIT,20,30,222,1,1
2557983,Reg,2,09/17,BAL,15,31,182,0,3
2557983,Reg,3,09/24,IND,22,47,242,2,3
2557983,Reg,4,10/01,CIN,16,34,118,0,1
2557983,Reg,5,10/08,NYJ,8,17,87,0,1
2557983,Reg,6,10/15,HOU,--,--,--,--,--
2557983,Reg,7,10/22,TEN,12,20,114,0,2
2557983,Reg,8,10/29,MIN,18,34,179,0,0
2557983,Reg,10,11/12,DET,21,37,232,1,1
2559203,Pre,0,08/03,DAL,5,14,68,0,0
2559203,Pre,1,08/12,OAK,--,--,--,--,--
2559203,Pre,2,08/19,CHI,--,--,--,--,--
2559203,Pre,3,08/26,ATL,0,2,0,0,0
2559203,Pre,4,08/31,DEN,2,12,19,0,1
2558270,Pre,3,08/27,SF,--,--,--,--,--
2558270,Pre,4,08/31,MIA,14,19,129,0,0
497121,Pre,2,08/17,MIA,1,1,18,0,0
497121,Pre,3,08/26,BUF,2,2,13,0,0
497121,Pre,4,08/31,NO,8,13,55,0,0
2558967,Pre,1,08/11,CIN,4,5,31,0,0
2558967,Pre,2,08/17,JAX,--,--,--,--,--
2558967,Pre,3,08/26,CLE,--,--,--,--,--
2558967,Pre,4,08/31,WAS,16,28,170,1,1
2533031,Pre,1,08/13,DET,--,--,--,--,--
2533031,Pre,2,08/19,DAL,--,--,--,--,--
2533031,Pre,3,08/26,PIT,--,--,--,--,--
2533031,Pre,4,08/31,CIN,--,--,--,--,--
2533031,Reg,1,09/10,LA,--,--,--,--,--
2533031,Reg,2,09/17,ARI,--,--,--,--,--
2533031,Reg,3,09/24,CLE,--,--,--,--,--
2533031,Reg,4,10/01,SEA,--,--,--,--,--
2533031,Reg,5,10/08,SF,--,--,--,--,--
2533031,Reg,6,10/16,TEN,--,--,--,--,--
2533031,Reg,7,10/22,JAX,--,--,--,--,--
2533031,Reg,8,10/29,CIN,--,--,--,--,--
2555316,Pre,1,08/10,CHI,6,9,42,0,0
2555316,Pre,2,08/19,SF,9,13,39,0,0
2555316,Pre,3,08/26,GB,1,2,9,0,0
2555316,Pre,4,08/31,ARI,--,--,--,--,--
2555316,Reg,1,09/11,LAC,--,--,--,--,--
2555316,Reg,2,09/17,DAL,--,--,--,--,--
2555316,Reg,3,09/24,BUF,--,--,--,--,--
2555316,Reg,4,10/01,OAK,--,--,--,--,--
2555316,Reg,6,10/15,NYG,--,--,--,--,--
2555316,Reg,7,10/22,LAC,--,--,--,--,--
2555316,Reg,8,10/30,KC,--,--,--,--,--
2555316,Reg,9,11/05,PHI,--,--,--,--,--
2555316,Reg,10,11/12,NE,--,--,--,--,--
2558125,Pre,1,08/11,SF,7,9,49,1,0
2558125,Pre,2,08/19,CIN,10,14,88,2,0
2558125,Pre,3,08/25,SEA,8,15,70,0,0
2558125,Pre,4,08/31,TEN,9,16,183,1,0
2558125,Reg,1,09/07,NE,--,--,--,--,--
2558125,Reg,2,09/17,PHI,--,--,--,--,--
2558125,Reg,3,09/24,LAC,--,--,--,--,--
2558125,Reg,4,10/02,WAS,--,--,--,--,--
2558125,Reg,5,10/08,HOU,--,--,--,--,--
2558125,Reg,6,10/15,PIT,--,--,--,--,--
2558125,Reg,7,10/19,OAK,--,--,--,--,--
2558125,Reg,8,10/30,DEN,--,--,--,--,--
2558125,Reg,9,11/05,DAL,--,--,--,--,--
2495443,Pre,1,08/10,WAS,9,18,58,0,0
2495443,Pre,2,08/17,MIA,13,22,113,1,2
2495443,Pre,3,08/26,BUF,6,10,58,0,0
2495443,Pre,4,08/31,NO,3,8,19,1,0
2495443,Reg,1,09/10,CIN,--,--,--,--,--
2495443,Reg,2,09/17,CLE,--,--,--,--,--
2495443,Reg,3,09/24,JAX,6,9,36,1,0
2495443,Reg,4,10/01,PIT,--,--,--,--,--
2495443,Reg,5,10/08,OAK,--,--,--,--,--
2495443,Reg,6,10/15,CHI,--,--,--,--,--
2495443,Reg,7,10/22,MIN,--,--,--,--,--
2495443,Reg,8,10/26,MIA,3,7,20,1,0
2495443,Reg,9,11/05,TEN,--,--,--,--,--
2505996,Pre,1,08/11,PIT,--,--,--,--,--
2505996,Pre,2,08/21,CLE,10,14,80,0,0
2505996,Pre,3,08/26,NYJ,7,14,121,0,1
2505996,Pre,4,08/31,NE,--,--,--,--,--
2505996,Reg,1,09/10,DAL,29,38,220,0,1
2505996,Reg,2,09/18,DET,22,32,239,1,1
2505996,Reg,3,09/24,PHI,35,47,366,3,2
2505996,Reg,4,10/01,TB,30,49,288,2,0
2505996,Reg,5,10/08,LAC,21,36,225,2,1
2505996,Reg,6,10/15,DEN,11,19,128,1,0
2505996,Reg,7,10/22,SEA,19,39,134,1,0
2505996,Reg,9,11/05,LA,20,36,220,2,1
2505996,Reg,10,11/12,SF,28,37,273,2,0
2552576,Pre,1,08/12,DAL,18,25,144,0,0
2552576,Pre,2,08/19,OAK,15,22,132,1,0
2552576,Pre,3,08/26,LAC,16,29,214,1,0
2552576,Pre,4,08/31,GB,--,--,--,--,--
2552576,Reg,1,09/10,IND,1,1,12,0,0
2552576,Reg,2,09/17,WAS,--,--,--,--,--
2552576,Reg,3,09/21,SF,--,--,--,--,--
2552576,Reg,4,10/01,DAL,--,--,--,--,--
2552576,Reg,5,10/08,SEA,--,--,--,--,--
2552576,Reg,6,10/15,JAX,--,--,--,--,--
2552576,Reg,7,10/22,ARI,--,--,--,--,--
2552576,Reg,9,11/05,NYG,--,--,--,--,--
2552576,Reg,10,11/12,HOU,--,--,--,--,--
2539228,Pre,1,08/12,ARI,10,12,107,0,0
2539228,Pre,2,08/19,LA,3,9,16,0,0
2539228,Pre,3,08/26,DAL,2,4,8,0,0
2539228,Pre,4,08/31,SEA,9,14,85,1,0
2539228,Reg,1,09/10,TEN,--,--,--,--,--
2539228,Reg,2,09/17,NYJ,--,--,--,--,--
2539228,Reg,3,09/24,WAS,--,--,--,--,--
2539228,Reg,4,10/01,DEN,11,17,106,0,1
2539228,Reg,5,10/08,BAL,13,26,159,1,0
2539228,Reg,6,10/15,LAC,--,--,--,--,--
2539228,Reg,7,10/19,KC,--,--,--,--,--
2539228,Reg,8,10/29,BUF,--,--,--,--,--
2539228,Reg,9,11/05,MIA,--,--,--,--,--
2552466,Pre,1,08/12,NYJ,2,3,15,0,0
2552466,Pre,2,08/19,CAR,6,8,61,1,0
2552466,Pre,3,08/27,CHI,12,21,193,1,0
2552466,Pre,4,08/31,KC,--,--,--,--,--
2552466,Reg,1,09/10,OAK,25,41,256,0,0
2552466,Reg,2,09/17,JAX,15,27,215,1,1
2552466,Reg,3,09/24,SEA,20,32,225,2,0
2552466,Reg,4,10/01,HOU,6,10,96,0,2
2552466,Reg,5,10/08,MIA,--,--,--,--,--
2552466,Reg,6,10/16,IND,23,32,306,1,1
2552466,Reg,7,10/22,CLE,21,34,203,0,0
2552466,Reg,9,11/05,BAL,19,28,218,2,1
2552466,Reg,10,11/12,CIN,25,44,264,1,1
2543497,Pre,1,08/11,TB,5,8,49,0,0
2543497,Pre,2,08/19,KC,8,15,93,0,1
2543497,Pre,3,08/27,WAS,7,13,82,0,1
2543497,Pre,4,08/31,IND,20,30,216,0,0
2543497,Reg,1,09/10,BAL,--,--,--,--,--
2543497,Reg,2,09/14,HOU,--,--,--,--,--
2543497,Reg,3,09/24,GB,--,--,--,--,--
2543497,Reg,4,10/01,CLE,--,--,--,--,--
2543497,Reg,5,10/08,BUF,--,--,--,--,--
2543497,Reg,7,10/22,PIT,--,--,--,--,--
2543497,Reg,8,10/29,IND,--,--,--,--,--
2543497,Reg,9,11/05,JAX,--,--,--,--,--
2543497,Reg,10,11/12,TEN,--,--,--,--,--
2505076,Pre,1,08/12,TEN,3,4,72,1,0
2505076,Pre,2,08/19,DET,--,--,--,--,--
2505076,Pre,3,08/26,NYG,--,--,--,--,--
2505076,Pre,4,08/31,PHI,6,8,57,0,0
2505076,Reg,1,09/10,BUF,26,39,187,0,2
2505076,Reg,2,09/17,OAK,16,24,166,2,0
2505076,Reg,3,09/24,MIA,18,23,249,1,0
2505076,Reg,4,10/01,JAX,22,31,224,0,1
2505076,Reg,5,10/08,CLE,23,30,194,2,1
2505076,Reg,6,10/15,NE,31,47,354,2,2
2505076,Reg,7,10/22,MIA,17,27,209,3,1
2505076,Reg,8,10/29,ATL,26,33,257,2,0
2505076,Reg,9,11/02,BUF,14,20,140,1,0
2505076,Reg,10,11/12,TB,23,39,262,1,1
2506053,Pre,0,08/03,ARI,--,--,--,--,--
2506053,Pre,1,08/12,LA,6,13,31,0,0
2506053,Pre,2,08/19,IND,--,--,--,--,--
2506053,Pre,3,08/26,OAK,--,--,--,--,--
497123,Pre,1,08/10,BAL,6,13,40,0,1
497123,Pre,2,08/19,GB,7,11,70,1,0
497123,Pre,3,08/27,CIN,8,11,76,1,0
497123,Pre,4,08/31,TB,--,--,--,--,--
497123,Reg,1,09/10,PHI,--,--,--,--,--
497123,Reg,2,09/17,LA,--,--,--,--,--
497123,Reg,3,09/24,OAK,--,--,--,--,--
497123,Reg,4,10/02,KC,--,--,--,--,--
497123,Reg,6,10/15,SF,--,--,--,--,--
497123,Reg,7,10/23,PHI,--,--,--,--,--
497123,Reg,8,10/29,DAL,--,--,--,--,--
497123,Reg,9,11/05,SEA,--,--,--,--,--
497123,Reg,10,11/12,MIN,--,--,--,--,--
2542065,Pre,1,08/10,GB,28,42,205,0,1
2542065,Pre,2,08/17,BUF,12,20,131,0,1
2542065,Pre,3,08/24,MIA,22,26,155,1,1
2542065,Pre,4,08/31,NYJ,14,21,90,0,0
2542065,Reg,9,11/05,IND,--,--,--,--,--
2532917,Pre,0,08/03,ARI,12,17,182,1,1
2532917,Pre,1,08/12,LA,8,17,69,0,0
2532917,Pre,2,08/19,IND,10,21,131,0,0
2532917,Pre,3,08/26,OAK,2,4,10,0,0
2532917,Reg,1,09/10,NYG,--,--,--,--,--
2532917,Reg,2,09/17,DEN,--,--,--,--,--
2532917,Reg,3,09/25,ARI,--,--,--,--,--
2532917,Reg,4,10/01,LA,--,--,--,--,--
2532917,Reg,5,10/08,GB,--,--,--,--,--
2532917,Reg,7,10/22,SF,--,--,--,--,--
2507282,Pre,1,08/10,ATL,1,1,5,0,0
2507282,Pre,2,08/17,BAL,3,5,11,0,0
2507282,Pre,3,08/24,PHI,5,11,43,0,2
2507282,Pre,4,08/31,MIN,--,--,--,--,--
2507282,Reg,2,09/17,LAC,--,--,--,--,--
2507282,Reg,3,09/24,NYJ,--,--,--,--,--
2507282,Reg,4,10/01,NO,--,--,--,--,--
2507282,Reg,5,10/08,TEN,--,--,--,--,--
2507282,Reg,6,10/15,ATL,--,--,--,--,--
2507282,Reg,7,10/22,NYJ,13,21,188,2,1
2507282,Reg,8,10/26,BAL,25,44,176,0,2
2507282,Reg,9,11/05,OAK,--,--,--,--,--
2507282,Reg,10,11/13,CAR,--,--,--,--,--
2550376,Pre,1,08/13,DET,13,20,94,0,0
2550376,Pre,2,08/19,DAL,11,15,111,1,0
2550376,Pre,3,08/26,PIT,12,16,143,0,0
2550376,Pre,4,08/31,CIN,2,5,51,0,0
2558979,Pre,1,08/11,KC,--,--,--,--,--
2558979,Pre,2,08/19,DEN,--,--,--,--,--
2558979,Pre,3,08/27,MIN,--,--,--,--,--
2558979,Pre,4,08/31,LAC,7,10,58,0,1
2539961,Pre,1,08/10,CLE,10,14,110,1,0
2539961,Pre,2,08/20,LAC,6,15,55,0,1
2539961,Pre,3,08/26,HOU,--,--,--,--,--
2539961,Pre,4,08/31,BAL,9,16,68,0,0
2539961,Reg,3,09/24,BAL,--,--,--,--,--
2539961,Reg,4,10/01,NYJ,--,--,--,--,--
2495455,Pre,1,08/09,HOU,--,--,--,--,--
2495455,Pre,2,08/19,TEN,--,--,--,--,--
2495455,Pre,3,08/24,JAX,2,2,21,1,0
2495455,Pre,4,08/31,PIT,--,--,--,--,--
2495455,Reg,1,09/10,SF,14,25,171,2,1
2495455,Reg,2,09/17,BUF,20,32,228,0,0
2495455,Reg,3,09/24,NO,17,26,167,0,3
2495455,Reg,4,10/01,NE,22,29,316,3,1
2495455,Reg,5,10/08,DET,26,33,355,3,0
2495455,Reg,6,10/12,PHI,28,52,239,1,3
2495455,Reg,7,10/22,CHI,21,34,211,0,2
2495455,Reg,8,10/29,TB,18,32,154,1,1
2495455,Reg,9,11/05,ATL,13,24,137,0,0
2495455,Reg,10,11/13,MIA,21,35,254,4,0
2506481,Pre,1,08/12,DAL,1,2,3,0,0
2506481,Pre,2,08/19,OAK,--,--,--,--,--
2506481,Pre,3,08/26,LAC,1,3,8,0,0
2506481,Pre,4,08/31,GB,16,30,149,1,2
2533436,Pre,1,08/10,NO,6,14,42,0,0
2533436,Pre,2,08/21,NYG,6,8,25,0,1
2533436,Pre,3,08/26,TB,--,--,--,--,--
2533436,Pre,4,08/31,CHI,--,--,--,--,--
2533436,Reg,1,09/11,LAC,--,--,--,--,--
2533436,Reg,2,09/17,DAL,--,--,--,--,--
2533436,Reg,3,09/24,BUF,--,--,--,--,--
2533436,Reg,4,10/01,OAK,--,--,--,--,--
2533436,Reg,6,10/15,NYG,2,4,18,0,0
2533436,Reg,7,10/22,LAC,--,--,--,--,--
2533436,Reg,8,10/30,KC,--,--,--,--,--
2533436,Reg,9,11/05,PHI,19,38,208,1,2
2533436,Reg,10,11/12,NE,18,33,221,1,1
2505245,Pre,0,08/03,DAL,--,--,--,--,--
2505245,Pre,1,08/12,OAK,4,8,39,1,0
2505245,Pre,2,08/19,CHI,9,14,67,1,0
2505245,Pre,3,08/26,ATL,8,13,86,1,0
2505245,Pre,4,08/31,DEN,--,--,--,--,--
2505245,Reg,1,09/10,DET,27,48,268,1,3
2505245,Reg,2,09/17,IND,19,36,332,1,1
2505245,Reg,3,09/25,DAL,29,48,325,2,0
2505245,Reg,4,10/01,SF,33,51,357,1,1
2505245,Reg,5,10/08,PHI,28,44,291,1,0
2505245,Reg,6,10/15,TB,18,22,283,3,1
2505245,Reg,7,10/22,LA,10,18,122,0,1
2558191,Pre,1,08/10,MIN,13,25,112,1,0
2558191,Pre,2,08/17,PHI,10,20,167,0,0
2558191,Pre,3,08/26,BAL,11,23,93,0,0
2558191,Pre,4,08/31,DET,9,11,81,0,0
2558191,Reg,1,09/10,NYJ,--,--,--,--,--
2558191,Reg,2,09/17,CAR,--,--,--,--,--
2558191,Reg,3,09/24,DEN,--,--,--,--,--
2558191,Reg,4,10/01,ATL,--,--,--,--,--
2558191,Reg,5,10/08,CIN,--,--,--,--,--
2558191,Reg,7,10/22,TB,--,--,--,--,--
2558191,Reg,8,10/29,OAK,--,--,--,--,--
2558191,Reg,9,11/02,NYJ,--,--,--,--,--
2558191,Reg,10,11/12,NO,7,10,79,1,0
2552369,Pre,1,08/12,TEN,2,6,16,0,0
2552369,Pre,2,08/19,DET,15,24,160,0,1
2552369,Pre,3,08/26,NYG,15,18,250,3,0
2552369,Pre,4,08/31,PHI,--,--,--,--,--
2552369,Reg,1,09/10,BUF,--,--,--,--,--
2552369,Reg,2,09/17,OAK,--,--,--,--,--
2552369,Reg,3,09/24,MIA,--,--,--,--,--
2552369,Reg,4,10/01,JAX,--,--,--,--,--
2552369,Reg,5,10/08,CLE,--,--,--,--,--
2552369,Reg,6,10/15,NE,--,--,--,--,--
2552369,Reg,7,10/22,MIA,--,--,--,--,--
2552369,Reg,8,10/29,ATL,--,--,--,--,--
2552369,Reg,9,11/02,BUF,--,--,--,--,--
2552369,Reg,10,11/12,TB,--,--,--,--,--
2555260,Pre,0,08/03,ARI,--,--,--,--,--
2555260,Pre,1,08/12,LA,--,--,--,--,--
2555260,Pre,2,08/19,IND,7,8,106,1,0
2555260,Pre,3,08/26,OAK,11,14,113,1,0
2555260,Reg,1,09/10,NYG,24,39,268,1,0
2555260,Reg,2,09/17,DEN,30,50,238,2,2
2555260,Reg,3,09/25,ARI,13,18,183,2,0
2555260,Reg,4,10/01,LA,20,36,252,3,1
2555260,Reg,5,10/08,GB,25,36,251,3,1
2555260,Reg,7,10/22,SF,16,25,234,3,0
2555260,Reg,8,10/29,WAS,14,22,143,0,0
2555260,Reg,9,11/05,KC,21,33,249,2,0
2555260,Reg,10,11/12,ATL,20,30,176,0,0
2506121,Pre,1,08/13,SEA,5,6,56,1,0
2506121,Pre,2,08/20,NO,--,--,--,--,--
2506121,Pre,3,08/26,LA,6,6,85,1,0
2506121,Pre,4,08/31,SF,--,--,--,--,--
2506121,Reg,1,09/11,DEN,22,33,192,3,1
2506121,Reg,2,09/17,MIA,31,39,331,1,0
2506121,Reg,3,09/24,KC,20,40,237,0,3
2506121,Reg,4,10/01,PHI,22,38,347,2,0
2506121,Reg,5,10/08,NYG,21,44,258,3,1
2506121,Reg,6,10/15,OAK,25,36,268,1,0
2506121,Reg,7,10/22,DEN,15,26,183,2,0
2506121,Reg,8,10/29,NE,17,30,212,1,1
2506121,Reg,10,11/12,JAX,21,37,235,2,1
2506363,Pre,1,08/10,PHI,--,--,--,--,--
2506363,Pre,2,08/19,WAS,6,8,37,1,0
2506363,Pre,3,08/26,DEN,3,5,12,0,0
2506363,Pre,4,08/31,LA,--,--,--,--,--
2506363,Reg,1,09/10,SEA,28,42,311,1,1
2506363,Reg,2,09/17,ATL,33,50,343,2,1
2506363,Reg,3,09/24,CIN,28,42,313,3,1
2506363,Reg,4,09/28,CHI,18,26,179,4,0
2506363,Reg,5,10/08,DAL,19,29,221,3,0
2506363,Reg,6,10/15,MIN,2,4,18,0,0
2506109,Pre,1,08/11,NYG,--,--,--,--,--
2506109,Pre,2,08/20,ATL,--,--,--,--,--
2506109,Pre,3,08/26,IND,6,9,73,0,0
2506109,Pre,4,08/31,CAR,--,--,--,--,--
2506109,Reg,1,09/10,CLE,24,36,263,2,1
2506109,Reg,2,09/17,MIN,23,35,243,2,0
2506109,Reg,3,09/24,CHI,22,39,235,1,0
2506109,Reg,4,10/01,BAL,18,30,216,1,1
2506109,Reg,5,10/08,JAX,33,55,312,0,5
2506109,Reg,6,10/15,KC,17,25,252,1,1
2506109,Reg,7,10/22,CIN,14,24,224,2,0
2506109,Reg,8,10/29,DET,17,31,317,1,1
2506109,Reg,10,11/12,IND,19,31,236,2,1
2556232,Pre,1,08/13,IND,13,21,142,2,0
2556232,Pre,2,08/19,NYJ,8,13,84,0,1
2556232,Pre,3,08/25,NE,10,13,113,1,0
2556232,Pre,4,08/31,BUF,6,9,41,0,0
2556232,Reg,1,09/10,ARI,--,--,--,--,--
2556232,Reg,2,09/18,NYG,--,--,--,--,--
2556232,Reg,3,09/24,ATL,--,--,--,--,--
2556232,Reg,4,10/01,MIN,--,--,--,--,--
2556232,Reg,5,10/08,CAR,--,--,--,--,--
2556232,Reg,6,10/15,NO,--,--,--,--,--
2556232,Reg,8,10/29,PIT,--,--,--,--,--
2556232,Reg,9,11/06,GB,--,--,--,--,--
2556232,Reg,10,11/12,CLE,--,--,--,--,--
2559242,Pre,0,08/03,ARI,9,18,87,1,0
2559242,Pre,1,08/12,LA,9,11,104,1,0
2559242,Pre,2,08/19,IND,8,9,92,2,0
2559242,Pre,3,08/26,OAK,12,13,115,2,0
2559242,Reg,1,09/10,NYG,--,--,--,--,--
2559242,Reg,2,09/17,DEN,--,--,--,--,--
2559242,Reg,3,09/25,ARI,--,--,--,--,--
2559242,Reg,4,10/01,LA,--,--,--,--,--
2559242,Reg,5,10/08,GB,--,--,--,--,--
2559242,Reg,7,10/22,SF,1,2,2,0,0
2559242,Reg,8,10/29,WAS,--,--,--,--,--
2559242,Reg,9,11/05,KC,--,--,--,--,--
2559242,Reg,10,11/12,ATL,--,--,--,--,--
310,Pre,1,08/10,MIA,3,3,32,1,0
310,Pre,2,08/20,PIT,4,6,57,0,0
310,Pre,3,08/26,ARI,4,11,36,0,1
310,Pre,4,08/31,JAX,--,--,--,--,--
310,Reg,1,09/10,CHI,21,30,321,1,0
310,Reg,2,09/17,GB,19,28,252,1,0
310,Reg,3,09/24,DET,24,35,294,2,3
310,Reg,4,10/01,BUF,24,42,242,1,2
310,Reg,6,10/15,MIA,24,35,248,1,1
310,Reg,7,10/22,NE,23,33,233,1,0
310,Reg,8,10/29,NYJ,18,29,254,2,0
310,Reg,9,11/05,CAR,24,38,313,2,1
310,Reg,10,11/12,DAL,22,29,215,2,1
79858,Pre,1,08/10,DEN,1,4,4,0,0
79858,Pre,2,08/19,ARI,2,2,23,0,0
79858,Pre,3,08/27,TEN,--,--,--,--,--
79858,Pre,4,08/31,CLE,--,--,--,--,--
79858,Reg,1,09/10,ATL,--,--,--,--,--
79858,Reg,2,09/17,TB,--,--,--,--,--
79858,Reg,3,09/24,PIT,--,--,--,--,--
79858,Reg,4,09/28,GB,--,--,--,--,--
79858,Reg,5,10/09,MIN,--,--,--,--,--
79858,Reg,6,10/15,BAL,--,--,--,--,--
79858,Reg,7,10/22,CAR,--,--,--,--,--
79858,Reg,8,10/29,NO,--,--,--,--,--
79858,Reg,10,11/12,GB,--,--,--,--,--
2543640,Pre,1,08/09,CAR,9,11,69,0,0
2543640,Pre,2,08/19,NE,8,9,98,1,0
2543640,Pre,3,08/26,NO,10,16,79,0,0
2543640,Reg,1,09/10,JAX,7,13,62,0,0
2543640,Reg,2,09/14,CIN,--,--,--,--,--
2543640,Reg,3,09/24,NE,--,--,--,--,--
2543640,Reg,4,10/01,TEN,0,0,0,0,0
2543640,Reg,5,10/08,KC,--,--,--,--,--
2543640,Reg,6,10/15,CLE,--,--,--,--,--
2543640,Reg,8,10/29,SEA,--,--,--,--,--
2543640,Reg,9,11/05,IND,19,44,219,1,0
2543640,Reg,10,11/12,LA,18,36,221,1,2
2505982,Pre,1,08/10,MIA,2,2,20,0,0
2505982,Pre,2,08/20,PIT,1,1,10,0,0
2505982,Pre,3,08/26,ARI,5,6,25,0,0
2505982,Pre,4,08/31,JAX,--,--,--,--,--
2505982,Reg,1,09/10,CHI,--,--,--,--,--
2505982,Reg,2,09/17,GB,--,--,--,--,--
2505982,Reg,3,09/24,DET,--,--,--,--,--
2505982,Reg,4,10/01,BUF,--,--,--,--,--
2505982,Reg,6,10/15,MIA,--,--,--,--,--
2505982,Reg,7,10/22,NE,--,--,--,--,--
2505982,Reg,8,10/29,NYJ,--,--,--,--,--
2505982,Reg,9,11/05,CAR,--,--,--,--,--
2505982,Reg,10,11/12,DAL,--,--,--,--,--
2550252,Pre,1,08/10,DEN,--,--,--,--,--
2550252,Pre,2,08/19,ARI,--,--,--,--,--
2550252,Pre,3,08/27,TEN,2,3,22,0,0
2550252,Pre,4,08/31,CLE,11,18,110,0,0
2553457,Pre,1,08/10,CHI,6,7,51,0,0
2553457,Pre,2,08/19,SF,8,11,93,1,0
2553457,Pre,3,08/26,GB,13,22,127,0,1
2553457,Pre,4,08/31,ARI,--,--,--,--,--
2553457,Reg,1,09/11,LAC,17,28,219,2,1
2553457,Reg,2,09/17,DAL,22,32,231,4,1
2553457,Reg,3,09/24,BUF,24,40,259,0,2
2553457,Reg,4,10/01,OAK,16,26,179,1,0
2553457,Reg,6,10/15,NYG,29,50,376,1,2
2553457,Reg,7,10/22,LAC,25,35,207,0,1
2553457,Reg,8,10/30,KC,19,36,198,1,3
2553457,Reg,9,11/05,PHI,--,--,--,--,--
2553457,Reg,10,11/12,NE,--,--,--,--,--
2534889,Pre,1,08/10,MIA,10,20,104,0,0
2534889,Pre,2,08/20,PIT,15,29,197,0,1
2534889,Pre,3,08/26,ARI,8,13,117,1,0
2534889,Pre,4,08/31,JAX,11,15,195,0,0
2559252,Pre,1,08/10,CHI,5,6,94,1,0
2559252,Pre,2,08/19,SF,7,7,50,0,0
2559252,Pre,3,08/26,GB,4,7,49,1,0
2559252,Pre,4,08/31,ARI,15,23,220,1,0
2559252,Reg,2,09/17,PIT,--,--,--,--,--
2559252,Reg,3,09/24,TB,--,--,--,--,--
2559252,Reg,4,10/01,DET,--,--,--,--,--
2559252,Reg,5,10/09,CHI,--,--,--,--,--
2559252,Reg,6,10/15,GB,--,--,--,--,--
2559252,Reg,7,10/22,BAL,--,--,--,--,--
2559252,Reg,8,10/29,CLE,--,--,--,--,--
2559252,Reg,10,11/12,WAS,--,--,--,--,--
2506340,Pre,1,08/11,SF,4,6,48,0,0
2506340,Pre,2,08/19,CIN,8,9,83,1,0
2506340,Pre,3,08/25,SEA,7,17,44,0,0
2506340,Pre,4,08/31,TEN,--,--,--,--,--
2506340,Reg,1,09/07,NE,28,35,368,4,0
2506340,Reg,2,09/17,PHI,21,28,251,1,0
2506340,Reg,3,09/24,LAC,16,21,155,2,0
2506340,Reg,4,10/02,WAS,27,37,293,1,0
2506340,Reg,5,10/08,HOU,29,37,324,3,0
2506340,Reg,6,10/15,PIT,19,34,246,1,0
2506340,Reg,7,10/19,OAK,25,36,342,3,0
2506340,Reg,8,10/30,DEN,14,31,202,1,0
2506340,Reg,9,11/05,DAL,25,34,263,2,1
2539335,Pre,1,08/11,PIT,10,16,114,0,1
2539335,Pre,2,08/21,CLE,11,17,79,0,1
2539335,Pre,3,08/26,NYJ,5,10,51,0,0
2539335,Pre,4,08/31,NE,10,11,111,1,0
2539335,Reg,1,09/10,DAL,--,--,--,--,--
2539335,Reg,2,09/18,DET,--,--,--,--,--
2539335,Reg,3,09/24,PHI,--,--,--,--,--
2539335,Reg,4,10/01,TB,--,--,--,--,--
2539335,Reg,5,10/08,LAC,--,--,--,--,--
2539335,Reg,6,10/15,DEN,--,--,--,--,--
2539335,Reg,7,10/22,SEA,--,--,--,--,--
2539335,Reg,9,11/05,LA,0,2,0,0,0
2539335,Reg,10,11/12,SF,--,--,--,--,--
79860,Pre,1,08/13,IND,2,3,36,0,1
79860,Pre,2,08/19,NYJ,8,10,84,1,0
79860,Pre,3,08/25,NE,15,22,190,2,1
79860,Pre,4,08/31,BUF,--,--,--,--,--
79860,Reg,1,09/10,ARI,29,41,292,4,1
79860,Reg,2,09/18,NYG,15,21,122,2,0
79860,Reg,3,09/24,ATL,25,45,264,1,0
79860,Reg,4,10/01,MIN,19,31,209,0,0
79860,Reg,5,10/08,CAR,23,35,229,2,0
79860,Reg,6,10/15,NO,25,52,312,3,3
79860,Reg,8,10/29,PIT,27,45,423,0,0
79860,Reg,9,11/06,GB,26,33,361,2,0
79860,Reg,10,11/12,CLE,17,26,249,3,1
2495748,Pre,0,08/03,DAL,--,--,--,--,--
2495748,Pre,1,08/12,OAK,11,15,112,1,0
2495748,Pre,2,08/19,CHI,2,6,17,0,0
2495748,Pre,3,08/26,ATL,4,6,53,1,0
2495748,Pre,4,08/31,DEN,--,--,--,--,--
2495748,Reg,1,09/10,DET,--,--,--,--,--
2495748,Reg,2,09/17,IND,--,--,--,--,--
2495748,Reg,3,09/25,DAL,--,--,--,--,--
2495748,Reg,4,10/01,SF,--,--,--,--,--
2495748,Reg,5,10/08,PHI,--,--,--,--,--
2495748,Reg,6,10/15,TB,--,--,--,--,--
2495748,Reg,7,10/22,LA,5,14,66,0,1
2495748,Reg,9,11/05,SF,15,30,201,2,1
2495748,Reg,10,11/09,SEA,24,47,273,1,0
2556687,Pre,1,08/11,SF,2,7,10,0,0
2556687,Pre,2,08/19,CIN,--,--,--,--,--
2556687,Pre,3,08/25,SEA,--,--,--,--,--
2556687,Pre,4,08/31,TEN,2,2,70,1,0
2555427,Pre,1,08/10,BAL,5,12,68,0,0
2555427,Pre,2,08/19,GB,6,11,64,0,0
2555427,Pre,3,08/27,CIN,--,--,--,--,--
2555427,Pre,4,08/31,TB,22,33,228,0,0
2555427,Reg,9,11/05,DEN,--,--,--,--,--
2532956,Pre,1,08/10,ATL,--,--,--,--,--
2534870,Pre,1,08/12,NYJ,11,27,132,0,1
2534870,Pre,2,08/19,CAR,7,12,85,0,0
2534870,Pre,3,08/27,CHI,4,6,60,0,0
2534870,Pre,4,08/31,KC,9,22,101,0,1
2495240,Pre,1,08/10,MIN,5,8,46,0,0
2495240,Pre,2,08/17,PHI,8,18,53,0,2
2495240,Pre,3,08/26,BAL,1,3,1,0,0
2495240,Pre,4,08/31,DET,--,--,--,--,--
2495240,Reg,1,09/10,NYJ,16,28,224,2,1
2495240,Reg,2,09/17,CAR,17,25,125,0,0
2495240,Reg,3,09/24,DEN,20,26,213,2,0
2495240,Reg,4,10/01,ATL,12,20,182,1,0
2495240,Reg,5,10/08,CIN,20,37,166,1,1
2495240,Reg,7,10/22,TB,20,33,268,1,0
2495240,Reg,8,10/29,OAK,20,27,165,1,0
2495240,Reg,9,11/02,NYJ,29,40,285,2,0
2495240,Reg,10,11/12,NO,9,18,56,0,1
2495425,Pre,1,08/13,DET,2,5,24,0,0
2495425,Pre,2,08/19,DAL,10,14,70,0,0
2495425,Pre,3,08/26,PIT,7,10,123,0,1
2495425,Pre,4,08/31,CIN,4,5,24,0,0
2495425,Reg,1,09/10,LA,9,18,128,0,2
2495425,Reg,2,09/17,ARI,--,--,--,--,--
2495425,Reg,3,09/24,CLE,--,--,--,--,--
2495425,Reg,4,10/01,SEA,--,--,--,--,--
2495425,Reg,5,10/08,SF,--,--,--,--,--
2495425,Reg,6,10/16,TEN,--,--,--,--,--
2495425,Reg,7,10/22,JAX,--,--,--,--,--
2495425,Reg,8,10/29,CIN,--,--,--,--,--
2495425,Reg,9,11/05,HOU,--,--,--,--,--
2495425,Reg,10,11/12,PIT,--,--,--,--,--
2559125,Pre,1,08/10,MIA,5,5,19,0,0
2559125,Pre,2,08/20,PIT,2,8,25,0,1
2559125,Pre,3,08/26,ARI,--,--,--,--,--
2559125,Pre,4,08/31,JAX,1,7,51,0,1
2558008,Pre,1,08/10,DEN,18,25,166,1,0
2558008,Pre,2,08/19,ARI,6,8,60,1,0
2558008,Pre,3,08/27,TEN,10,15,128,1,0
2558008,Pre,4,08/31,CLE,2,5,10,0,0
2558008,Reg,1,09/10,ATL,--,--,--,--,--
2558008,Reg,2,09/17,TB,--,--,--,--,--
2558008,Reg,3,09/24,PIT,--,--,--,--,--
2558008,Reg,4,09/28,GB,--,--,--,--,--
2558008,Reg,5,10/09,MIN,12,25,128,1,1
2558008,Reg,6,10/15,BAL,8,16,113,1,0
2558008,Reg,7,10/22,CAR,4,7,107,0,0
2558008,Reg,8,10/29,NO,14,32,164,0,1
2558008,Reg,10,11/12,GB,21,35,297,1,0
2550410,Pre,1,08/10,WAS,1,1,10,0,0
2558904,Pre,1,08/13,DET,9,20,86,0,0
2558904,Pre,2,08/19,DAL,5,8,33,0,0
2558904,Pre,3,08/26,PIT,1,2,-1,0,0
2558904,Pre,4,08/31,CIN,2,9,29,1,1
2558063,Pre,1,08/09,CAR,15,25,179,0,0
2558063,Pre,2,08/19,NE,3,10,102,0,0
2558063,Pre,3,08/26,NO,11,21,116,0,1
2558063,Reg,1,09/10,JAX,12,23,102,1,1
2558063,Reg,2,09/14,CIN,15,24,125,0,0
2558063,Reg,3,09/24,NE,22,33,301,2,2
2558063,Reg,4,10/01,TEN,25,34,283,4,1
2558063,Reg,5,10/08,KC,16,31,261,5,0
2558063,Reg,6,10/15,CLE,17,29,225,3,1
2558063,Reg,8,10/29,SEA,19,30,402,4,3
2557897,Pre,1,08/11,PIT,8,16,67,0,0
2557897,Pre,2,08/21,CLE,--,--,--,--,--
2557897,Pre,3,08/26,NYJ,2,4,20,0,0
2557897,Pre,4,08/31,NE,8,14,103,0,0
2557897,Reg,1,09/10,DAL,--,--,--,--,--
2557897,Reg,2,09/18,DET,--,--,--,--,--
2557897,Reg,3,09/24,PHI,--,--,--,--,--
2557897,Reg,4,10/01,TB,--,--,--,--,--
2557897,Reg,5,10/08,LAC,--,--,--,--,--
2557897,Reg,6,10/15,DEN,--,--,--,--,--
2557897,Reg,7,10/22,SEA,--,--,--,--,--
2557897,Reg,9,11/05,LA,--,--,--,--,--
2557897,Reg,10,11/12,SF,--,--,--,--,--
1037347,Pre,1,08/09,HOU,7,14,128,2,1
1037347,Pre,2,08/19,TEN,5,6,67,1,0
1037347,Pre,3,08/24,JAX,--,--,--,--,--
1037347,Pre,4,08/31,PIT,8,12,88,1,2
1037347,Reg,1,09/10,NYJ,--,--,--,--,--
1037347,Reg,2,09/17,CAR,--,--,--,--,--
1037347,Reg,3,09/24,DEN,--,--,--,--,--
1037347,Reg,4,10/01,ATL,--,--,--,--,--
1037347,Reg,5,10/08,CIN,--,--,--,--,--
1037347,Reg,7,10/22,TB,--,--,--,--,--
1037347,Reg,8,10/29,OAK,--,--,--,--,--
1037347,Reg,9,11/02,NYJ,--,--,--,--,--
1037347,Reg,10,11/12,NO,--,--,--,--,--
2532970,Pre,1,08/09,CAR,4,9,38,0,0
2532970,Pre,2,08/19,NE,5,8,6,0,0
2532970,Pre,3,08/26,NO,2,5,16,0,0
2532970,Reg,5,10/08,MIA,--,--,--,--,--
2532970,Reg,6,10/16,IND,--,--,--,--,--
2532970,Reg,7,10/22,CLE,--,--,--,--,--
2532970,Reg,9,11/05,BAL,--,--,--,--,--
2532970,Reg,10,11/12,CIN,--,--,--,--,--
2543784,Pre,4,08/31,DET,5,15,41,0,0
2555259,Pre,1,08/10,GB,4,4,56,1,0
2555259,Pre,2,08/17,BUF,6,9,56,0,0
2555259,Pre,3,08/24,MIA,6,10,129,2,1
2555259,Pre,4,08/31,NYJ,--,--,--,--,--
2555259,Reg,1,09/10,WAS,26,39,307,2,1
2555259,Reg,2,09/17,KC,25,46,333,2,1
2555259,Reg,3,09/24,NYG,21,31,176,1,0
2555259,Reg,4,10/01,LAC,17,31,242,1,0
2555259,Reg,5,10/08,ARI,21,30,304,4,1
2555259,Reg,6,10/12,CAR,16,30,222,3,0
2555259,Reg,7,10/23,WAS,17,25,268,4,1
2555259,Reg,8,10/29,SF,18,32,211,2,1
2555259,Reg,9,11/05,DEN,15,27,199,4,0
2532975,Pre,1,08/13,LAC,3,4,41,0,0
2532975,Pre,2,08/18,MIN,13,18,206,2,0
2532975,Pre,3,08/25,KC,13,19,200,1,0
2532975,Pre,4,08/31,OAK,--,--,--,--,--
2532975,Reg,1,09/10,GB,14,27,158,0,0
2532975,Reg,2,09/17,SF,23,39,198,1,0
2532975,Reg,3,09/24,TEN,29,49,373,4,0
2532975,Reg,4,10/01,IND,21,26,295,2,2
2532975,Reg,5,10/08,LA,24,37,198,1,1
2532975,Reg,7,10/22,NYG,27,39,334,3,0
2532975,Reg,8,10/29,HOU,26,41,452,4,1
2532975,Reg,9,11/05,WAS,24,45,297,2,2
2532975,Reg,10,11/09,ARI,22,32,238,2,0
2552033,Pre,1,08/11,CIN,9,13,99,0,0
2552033,Pre,2,08/17,JAX,21,29,196,0,0
2552033,Pre,3,08/26,CLE,17,27,200,0,1
2552033,Pre,4,08/31,WAS,--,--,--,--,--
2552033,Reg,2,09/17,CHI,18,30,204,1,0
2552033,Reg,3,09/24,MIN,28,40,328,2,3
2552033,Reg,4,10/01,NYG,22,38,332,3,0
2552033,Reg,5,10/05,NE,26,46,334,1,0
2552033,Reg,6,10/15,ARI,5,10,61,0,0
2552033,Reg,7,10/22,BUF,32,44,384,3,1
2552033,Reg,8,10/29,CAR,21,38,210,0,2
2552033,Reg,9,11/05,NO,7,13,67,0,0
2552033,Reg,10,11/12,NYJ,--,--,--,--,--
2556713,Pre,1,08/10,WAS,4,4,85,1,0
2556713,Pre,2,08/17,MIA,8,10,110,0,0
2556713,Pre,3,08/26,BUF,8,13,55,1,0
2556713,Pre,4,08/31,NO,5,9,71,0,0
2508123,Pre,1,08/10,MIN,6,11,48,0,0
2508123,Pre,2,08/17,PHI,9,15,83,1,1
2508123,Pre,3,08/26,BAL,8,15,102,0,1
2508123,Pre,4,08/31,DET,--,--,--,--,--
2508123,Reg,9,11/05,IND,--,--,--,--,--
2508123,Reg,10,11/12,LA,--,--,--,--,--
