aaron-suttles,http://collegefootball.ap.org/teams/alabama,http://collegefootball.ap.org/teams/penn-state,http://collegefootball.ap.org/teams/georgia,http://collegefootball.ap.org/teams/tcu,http://collegefootball.ap.org/teams/wisconsin,http://collegefootball.ap.org/teams/miami-fl,http://collegefootball.ap.org/teams/clemson,http://collegefootball.ap.org/teams/oklahoma,http://collegefootball.ap.org/teams/ohio-state,http://collegefootball.ap.org/teams/notre-dame,http://collegefootball.ap.org/teams/washington,http://collegefootball.ap.org/teams/oklahoma-state,http://collegefootball.ap.org/teams/virginia-tech,http://collegefootball.ap.org/teams/north-carolina-state,http://collegefootball.ap.org/teams/washington-state,http://collegefootball.ap.org/teams/michigan-state,http://collegefootball.ap.org/teams/south-florida,http://collegefootball.ap.org/teams/auburn,http://collegefootball.ap.org/teams/ucf,http://collegefootball.ap.org/teams/stanford,http://collegefootball.ap.org/teams/memphis,http://collegefootball.ap.org/teams/lsu,http://collegefootball.ap.org/teams/texas-am,http://collegefootball.ap.org/teams/usc,http://collegefootball.ap.org/teams/michigan
adam-jude,http://collegefootball.ap.org/teams/alabama,http://collegefootball.ap.org/teams/penn-state,http://collegefootball.ap.org/teams/wisconsin,http://collegefootball.ap.org/teams/tcu,http://collegefootball.ap.org/teams/georgia,http://collegefootball.ap.org/teams/miami-fl,http://collegefootball.ap.org/teams/notre-dame,http://collegefootball.ap.org/teams/oklahoma,http://collegefootball.ap.org/teams/ohio-state,http://collegefootball.ap.org/teams/clemson,http://collegefootball.ap.org/teams/washington,http://collegefootball.ap.org/teams/washington-state,http://collegefootball.ap.org/teams/south-florida,http://collegefootball.ap.org/teams/north-carolina-state,http://collegefootball.ap.org/teams/virginia-tech,http://collegefootball.ap.org/teams/oklahoma-state,http://collegefootball.ap.org/teams/michigan-state,http://collegefootball.ap.org/teams/auburn,http://collegefootball.ap.org/teams/ucf,http://collegefootball.ap.org/teams/stanford,http://collegefootball.ap.org/teams/memphis,http://collegefootball.ap.org/teams/west-virginia,http://collegefootball.ap.org/teams/texas-am,http://collegefootball.ap.org/teams/usc,http://collegefootball.ap.org/teams/michigan
adam-zucker,http://collegefootball.ap.org/teams/alabama,http://collegefootball.ap.org/teams/penn-state,http://collegefootball.ap.org/teams/georgia,http://collegefootball.ap.org/teams/tcu,http://collegefootball.ap.org/teams/ohio-state,http://collegefootball.ap.org/teams/notre-dame,http://collegefootball.ap.org/teams/miami-fl,http://collegefootball.ap.org/teams/wisconsin,http://collegefootball.ap.org/teams/oklahoma,http://collegefootball.ap.org/teams/clemson,http://collegefootball.ap.org/teams/oklahoma-state,http://collegefootball.ap.org/teams/virginia-tech,http://collegefootball.ap.org/teams/washington-state,http://collegefootball.ap.org/teams/washington,http://collegefootball.ap.org/teams/south-florida,http://collegefootball.ap.org/teams/michigan-state,http://collegefootball.ap.org/teams/north-carolina-state,http://collegefootball.ap.org/teams/ucf,http://collegefootball.ap.org/teams/usc,http://collegefootball.ap.org/teams/texas-am,http://collegefootball.ap.org/teams/lsu,http://collegefootball.ap.org/teams/auburn,http://collegefootball.ap.org/teams/stanford,http://collegefootball.ap.org/teams/west-virginia,http://collegefootball.ap.org/teams/iowa-state
andy-bitter,http://collegefootball.ap.org/teams/alabama,http://collegefootball.ap.org/teams/georgia,http://collegefootball.ap.org/teams/tcu,http://collegefootball.ap.org/teams/penn-state,http://collegefootball.ap.org/teams/oklahoma,http://collegefootball.ap.org/teams/clemson,http://collegefootball.ap.org/teams/notre-dame,http://collegefootball.ap.org/teams/ohio-state,http://collegefootball.ap.org/teams/wisconsin,http://collegefootball.ap.org/teams/miami-fl,http://collegefootball.ap.org/teams/virginia-tech,http://collegefootball.ap.org/teams/oklahoma-state,http://collegefootball.ap.org/teams/north-carolina-state,http://collegefootball.ap.org/teams/washington,http://collegefootball.ap.org/teams/stanford,http://collegefootball.ap.org/teams/ucf,http://collegefootball.ap.org/teams/auburn,http://collegefootball.ap.org/teams/michigan-state,http://collegefootball.ap.org/teams/west-virginia,http://collegefootball.ap.org/teams/south-florida,http://collegefootball.ap.org/teams/washington-state,http://collegefootball.ap.org/teams/usc,http://collegefootball.ap.org/teams/iowa-state,http://collegefootball.ap.org/teams/memphis,http://collegefootball.ap.org/teams/mississippi-state
andy-greder,http://collegefootball.ap.org/teams/alabama,http://collegefootball.ap.org/teams/georgia,http://collegefootball.ap.org/teams/penn-state,http://collegefootball.ap.org/teams/ohio-state,http://collegefootball.ap.org/teams/tcu,http://collegefootball.ap.org/teams/wisconsin,http://collegefootball.ap.org/teams/clemson,http://collegefootball.ap.org/teams/miami-fl,http://collegefootball.ap.org/teams/washington,http://collegefootball.ap.org/teams/oklahoma-state,http://collegefootball.ap.org/teams/oklahoma,http://collegefootball.ap.org/teams/notre-dame,http://collegefootball.ap.org/teams/virginia-tech,http://collegefootball.ap.org/teams/north-carolina-state,http://collegefootball.ap.org/teams/south-florida,http://collegefootball.ap.org/teams/washington-state,http://collegefootball.ap.org/teams/usc,http://collegefootball.ap.org/teams/michigan-state,http://collegefootball.ap.org/teams/ucf,http://collegefootball.ap.org/teams/west-virginia,http://collegefootball.ap.org/teams/stanford,http://collegefootball.ap.org/teams/lsu,http://collegefootball.ap.org/teams/auburn,http://collegefootball.ap.org/teams/memphis,http://collegefootball.ap.org/teams/mississippi-state
bill-landis,http://collegefootball.ap.org/teams/alabama,http://collegefootball.ap.org/teams/penn-state,http://collegefootball.ap.org/teams/georgia,http://collegefootball.ap.org/teams/tcu,http://collegefootball.ap.org/teams/oklahoma,http://collegefootball.ap.org/teams/notre-dame,http://collegefootball.ap.org/teams/ohio-state,http://collegefootball.ap.org/teams/clemson,http://collegefootball.ap.org/teams/wisconsin,http://collegefootball.ap.org/teams/miami-fl,http://collegefootball.ap.org/teams/virginia-tech,http://collegefootball.ap.org/teams/oklahoma-state,http://collegefootball.ap.org/teams/washington-state,http://collegefootball.ap.org/teams/michigan-state,http://collegefootball.ap.org/teams/north-carolina-state,http://collegefootball.ap.org/teams/washington,http://collegefootball.ap.org/teams/ucf,http://collegefootball.ap.org/teams/iowa-state,http://collegefootball.ap.org/teams/south-florida,http://collegefootball.ap.org/teams/usc,http://collegefootball.ap.org/teams/stanford,http://collegefootball.ap.org/teams/auburn,http://collegefootball.ap.org/teams/west-virginia,http://collegefootball.ap.org/teams/memphis,http://collegefootball.ap.org/teams/mississippi-state
bob-asmussen,http://collegefootball.ap.org/teams/alabama,http://collegefootball.ap.org/teams/penn-state,http://collegefootball.ap.org/teams/georgia,http://collegefootball.ap.org/teams/wisconsin,http://collegefootball.ap.org/teams/ohio-state,http://collegefootball.ap.org/teams/tcu,http://collegefootball.ap.org/teams/miami-fl,http://collegefootball.ap.org/teams/south-florida,http://collegefootball.ap.org/teams/notre-dame,http://collegefootball.ap.org/teams/clemson,http://collegefootball.ap.org/teams/oklahoma,http://collegefootball.ap.org/teams/oklahoma-state,http://collegefootball.ap.org/teams/washington,http://collegefootball.ap.org/teams/virginia-tech,http://collegefootball.ap.org/teams/washington-state,http://collegefootball.ap.org/teams/ucf,http://collegefootball.ap.org/teams/north-carolina-state,http://collegefootball.ap.org/teams/michigan-state,http://collegefootball.ap.org/teams/stanford,http://collegefootball.ap.org/teams/lsu,http://collegefootball.ap.org/teams/auburn,http://collegefootball.ap.org/teams/usc,http://collegefootball.ap.org/teams/west-virginia,http://collegefootball.ap.org/teams/memphis,http://collegefootball.ap.org/teams/iowa-state
brent-axe,http://collegefootball.ap.org/teams/alabama,http://collegefootball.ap.org/teams/penn-state,http://collegefootball.ap.org/teams/georgia,http://collegefootball.ap.org/teams/tcu,http://collegefootball.ap.org/teams/clemson,http://collegefootball.ap.org/teams/notre-dame,http://collegefootball.ap.org/teams/wisconsin,http://collegefootball.ap.org/teams/miami-fl,http://collegefootball.ap.org/teams/oklahoma,http://collegefootball.ap.org/teams/ohio-state,http://collegefootball.ap.org/teams/virginia-tech,http://collegefootball.ap.org/teams/washington-state,http://collegefootball.ap.org/teams/north-carolina-state,http://collegefootball.ap.org/teams/oklahoma-state,http://collegefootball.ap.org/teams/south-florida,http://collegefootball.ap.org/teams/washington,http://collegefootball.ap.org/teams/michigan-state,http://collegefootball.ap.org/teams/ucf,http://collegefootball.ap.org/teams/stanford,http://collegefootball.ap.org/teams/lsu,http://collegefootball.ap.org/teams/memphis,http://collegefootball.ap.org/teams/auburn,http://collegefootball.ap.org/teams/west-virginia,http://collegefootball.ap.org/teams/iowa-state,http://collegefootball.ap.org/teams/usc
bret-bloomquist,http://collegefootball.ap.org/teams/alabama,http://collegefootball.ap.org/teams/penn-state,http://collegefootball.ap.org/teams/georgia,http://collegefootball.ap.org/teams/tcu,http://collegefootball.ap.org/teams/wisconsin,http://collegefootball.ap.org/teams/ohio-state,http://collegefootball.ap.org/teams/clemson,http://collegefootball.ap.org/teams/miami-fl,http://collegefootball.ap.org/teams/oklahoma,http://collegefootball.ap.org/teams/oklahoma-state,http://collegefootball.ap.org/teams/notre-dame,http://collegefootball.ap.org/teams/washington,http://collegefootball.ap.org/teams/south-florida,http://collegefootball.ap.org/teams/virginia-tech,http://collegefootball.ap.org/teams/michigan-state,http://collegefootball.ap.org/teams/washington-state,http://collegefootball.ap.org/teams/north-carolina-state,http://collegefootball.ap.org/teams/ucf,http://collegefootball.ap.org/teams/lsu,http://collegefootball.ap.org/teams/auburn,http://collegefootball.ap.org/teams/west-virginia,http://collegefootball.ap.org/teams/stanford,http://collegefootball.ap.org/teams/memphis,http://collegefootball.ap.org/teams/iowa-state,http://collegefootball.ap.org/teams/texas-am
brian-howell,http://collegefootball.ap.org/teams/alabama,http://collegefootball.ap.org/teams/penn-state,http://collegefootball.ap.org/teams/georgia,http://collegefootball.ap.org/teams/tcu,http://collegefootball.ap.org/teams/ohio-state,http://collegefootball.ap.org/teams/clemson,http://collegefootball.ap.org/teams/wisconsin,http://collegefootball.ap.org/teams/notre-dame,http://collegefootball.ap.org/teams/miami-fl,http://collegefootball.ap.org/teams/oklahoma-state,http://collegefootball.ap.org/teams/virginia-tech,http://collegefootball.ap.org/teams/oklahoma,http://collegefootball.ap.org/teams/south-florida,http://collegefootball.ap.org/teams/washington,http://collegefootball.ap.org/teams/north-carolina-state,http://collegefootball.ap.org/teams/stanford,http://collegefootball.ap.org/teams/michigan-state,http://collegefootball.ap.org/teams/washington-state,http://collegefootball.ap.org/teams/usc,http://collegefootball.ap.org/teams/lsu,http://collegefootball.ap.org/teams/auburn,http://collegefootball.ap.org/teams/ucf,http://collegefootball.ap.org/teams/texas-am,http://collegefootball.ap.org/teams/michigan,http://collegefootball.ap.org/teams/west-virginia
chris-murray,http://collegefootball.ap.org/teams/alabama,http://collegefootball.ap.org/teams/georgia,http://collegefootball.ap.org/teams/penn-state,http://collegefootball.ap.org/teams/wisconsin,http://collegefootball.ap.org/teams/tcu,http://collegefootball.ap.org/teams/miami-fl,http://collegefootball.ap.org/teams/notre-dame,http://collegefootball.ap.org/teams/clemson,http://collegefootball.ap.org/teams/oklahoma,http://collegefootball.ap.org/teams/ohio-state,http://collegefootball.ap.org/teams/virginia-tech,http://collegefootball.ap.org/teams/washington-state,http://collegefootball.ap.org/teams/washington,http://collegefootball.ap.org/teams/oklahoma-state,http://collegefootball.ap.org/teams/michigan-state,http://collegefootball.ap.org/teams/south-florida,http://collegefootball.ap.org/teams/north-carolina-state,http://collegefootball.ap.org/teams/ucf,http://collegefootball.ap.org/teams/usc,http://collegefootball.ap.org/teams/iowa-state,http://collegefootball.ap.org/teams/west-virginia,http://collegefootball.ap.org/teams/auburn,http://collegefootball.ap.org/teams/mississippi-state,http://collegefootball.ap.org/teams/lsu,http://collegefootball.ap.org/teams/michigan
chuck-carlton,http://collegefootball.ap.org/teams/alabama,http://collegefootball.ap.org/teams/penn-state,http://collegefootball.ap.org/teams/georgia,http://collegefootball.ap.org/teams/tcu,http://collegefootball.ap.org/teams/wisconsin,http://collegefootball.ap.org/teams/ohio-state,http://collegefootball.ap.org/teams/notre-dame,http://collegefootball.ap.org/teams/miami-fl,http://collegefootball.ap.org/teams/clemson,http://collegefootball.ap.org/teams/oklahoma,http://collegefootball.ap.org/teams/oklahoma-state,http://collegefootball.ap.org/teams/washington,http://collegefootball.ap.org/teams/michigan-state,http://collegefootball.ap.org/teams/washington-state,http://collegefootball.ap.org/teams/virginia-tech,http://collegefootball.ap.org/teams/north-carolina-state,http://collegefootball.ap.org/teams/ucf,http://collegefootball.ap.org/teams/stanford,http://collegefootball.ap.org/teams/south-florida,http://collegefootball.ap.org/teams/usc,http://collegefootball.ap.org/teams/texas-am,http://collegefootball.ap.org/teams/west-virginia,http://collegefootball.ap.org/teams/lsu,http://collegefootball.ap.org/teams/auburn,http://collegefootball.ap.org/teams/iowa-state
dave-foster,http://collegefootball.ap.org/teams/alabama,http://collegefootball.ap.org/teams/penn-state,http://collegefootball.ap.org/teams/georgia,http://collegefootball.ap.org/teams/tcu,http://collegefootball.ap.org/teams/wisconsin,http://collegefootball.ap.org/teams/miami-fl,http://collegefootball.ap.org/teams/notre-dame,http://collegefootball.ap.org/teams/oklahoma,http://collegefootball.ap.org/teams/ohio-state,http://collegefootball.ap.org/teams/clemson,http://collegefootball.ap.org/teams/washington,http://collegefootball.ap.org/teams/south-florida,http://collegefootball.ap.org/teams/oklahoma-state,http://collegefootball.ap.org/teams/virginia-tech,http://collegefootball.ap.org/teams/michigan-state,http://collegefootball.ap.org/teams/washington-state,http://collegefootball.ap.org/teams/north-carolina-state,http://collegefootball.ap.org/teams/ucf,http://collegefootball.ap.org/teams/memphis,http://collegefootball.ap.org/teams/san-diego-state,http://collegefootball.ap.org/teams/usc,http://collegefootball.ap.org/teams/stanford,http://collegefootball.ap.org/teams/lsu,http://collegefootball.ap.org/teams/auburn,http://collegefootball.ap.org/teams/michigan
dave-reardon,http://collegefootball.ap.org/teams/alabama,http://collegefootball.ap.org/teams/penn-state,http://collegefootball.ap.org/teams/georgia,http://collegefootball.ap.org/teams/tcu,http://collegefootball.ap.org/teams/wisconsin,http://collegefootball.ap.org/teams/notre-dame,http://collegefootball.ap.org/teams/ohio-state,http://collegefootball.ap.org/teams/miami-fl,http://collegefootball.ap.org/teams/oklahoma,http://collegefootball.ap.org/teams/clemson,http://collegefootball.ap.org/teams/michigan-state,http://collegefootball.ap.org/teams/ucf,http://collegefootball.ap.org/teams/north-carolina-state,http://collegefootball.ap.org/teams/oklahoma-state,http://collegefootball.ap.org/teams/virginia-tech,http://collegefootball.ap.org/teams/south-florida,http://collegefootball.ap.org/teams/auburn,http://collegefootball.ap.org/teams/washington,http://collegefootball.ap.org/teams/washington-state,http://collegefootball.ap.org/teams/mississippi-state,http://collegefootball.ap.org/teams/iowa-state,http://collegefootball.ap.org/teams/usc,http://collegefootball.ap.org/teams/stanford,http://collegefootball.ap.org/teams/texas-am,http://collegefootball.ap.org/teams/lsu
dave-southorn,http://collegefootball.ap.org/teams/alabama,http://collegefootball.ap.org/teams/penn-state,http://collegefootball.ap.org/teams/georgia,http://collegefootball.ap.org/teams/tcu,http://collegefootball.ap.org/teams/wisconsin,http://collegefootball.ap.org/teams/ohio-state,http://collegefootball.ap.org/teams/miami-fl,http://collegefootball.ap.org/teams/clemson,http://collegefootball.ap.org/teams/oklahoma,http://collegefootball.ap.org/teams/notre-dame,http://collegefootball.ap.org/teams/washington,http://collegefootball.ap.org/teams/oklahoma-state,http://collegefootball.ap.org/teams/north-carolina-state,http://collegefootball.ap.org/teams/virginia-tech,http://collegefootball.ap.org/teams/south-florida,http://collegefootball.ap.org/teams/washington-state,http://collegefootball.ap.org/teams/michigan-state,http://collegefootball.ap.org/teams/ucf,http://collegefootball.ap.org/teams/auburn,http://collegefootball.ap.org/teams/usc,http://collegefootball.ap.org/teams/stanford,http://collegefootball.ap.org/teams/memphis,http://collegefootball.ap.org/teams/iowa-state,http://collegefootball.ap.org/teams/west-virginia,http://collegefootball.ap.org/teams/lsu
david-briggs,http://collegefootball.ap.org/teams/alabama,http://collegefootball.ap.org/teams/penn-state,http://collegefootball.ap.org/teams/georgia,http://collegefootball.ap.org/teams/tcu,http://collegefootball.ap.org/teams/notre-dame,http://collegefootball.ap.org/teams/wisconsin,http://collegefootball.ap.org/teams/oklahoma,http://collegefootball.ap.org/teams/ohio-state,http://collegefootball.ap.org/teams/miami-fl,http://collegefootball.ap.org/teams/clemson,http://collegefootball.ap.org/teams/washington,http://collegefootball.ap.org/teams/washington-state,http://collegefootball.ap.org/teams/oklahoma-state,http://collegefootball.ap.org/teams/north-carolina-state,http://collegefootball.ap.org/teams/virginia-tech,http://collegefootball.ap.org/teams/michigan-state,http://collegefootball.ap.org/teams/ucf,http://collegefootball.ap.org/teams/south-florida,http://collegefootball.ap.org/teams/usc,http://collegefootball.ap.org/teams/stanford,http://collegefootball.ap.org/teams/west-virginia,http://collegefootball.ap.org/teams/iowa-state,http://collegefootball.ap.org/teams/auburn,http://collegefootball.ap.org/teams/memphis,http://collegefootball.ap.org/teams/toledo
ed-daigneault,http://collegefootball.ap.org/teams/alabama,http://collegefootball.ap.org/teams/penn-state,http://collegefootball.ap.org/teams/ohio-state,http://collegefootball.ap.org/teams/georgia,http://collegefootball.ap.org/teams/tcu,http://collegefootball.ap.org/teams/wisconsin,http://collegefootball.ap.org/teams/clemson,http://collegefootball.ap.org/teams/notre-dame,http://collegefootball.ap.org/teams/oklahoma,http://collegefootball.ap.org/teams/washington,http://collegefootball.ap.org/teams/oklahoma-state,http://collegefootball.ap.org/teams/virginia-tech,http://collegefootball.ap.org/teams/miami-fl,http://collegefootball.ap.org/teams/south-florida,http://collegefootball.ap.org/teams/washington-state,http://collegefootball.ap.org/teams/michigan-state,http://collegefootball.ap.org/teams/north-carolina-state,http://collegefootball.ap.org/teams/ucf,http://collegefootball.ap.org/teams/auburn,http://collegefootball.ap.org/teams/usc,http://collegefootball.ap.org/teams/stanford,http://collegefootball.ap.org/teams/lsu,http://collegefootball.ap.org/teams/west-virginia,http://collegefootball.ap.org/teams/memphis,http://collegefootball.ap.org/teams/michigan
eric-hansen,http://collegefootball.ap.org/teams/alabama,http://collegefootball.ap.org/teams/georgia,http://collegefootball.ap.org/teams/penn-state,http://collegefootball.ap.org/teams/tcu,http://collegefootball.ap.org/teams/ohio-state,http://collegefootball.ap.org/teams/clemson,http://collegefootball.ap.org/teams/miami-fl,http://collegefootball.ap.org/teams/notre-dame,http://collegefootball.ap.org/teams/wisconsin,http://collegefootball.ap.org/teams/oklahoma,http://collegefootball.ap.org/teams/oklahoma-state,http://collegefootball.ap.org/teams/virginia-tech,http://collegefootball.ap.org/teams/washington,http://collegefootball.ap.org/teams/north-carolina-state,http://collegefootball.ap.org/teams/washington-state,http://collegefootball.ap.org/teams/michigan-state,http://collegefootball.ap.org/teams/usc,http://collegefootball.ap.org/teams/ucf,http://collegefootball.ap.org/teams/stanford,http://collegefootball.ap.org/teams/auburn,http://collegefootball.ap.org/teams/mississippi-state,http://collegefootball.ap.org/teams/south-florida,http://collegefootball.ap.org/teams/west-virginia,http://collegefootball.ap.org/teams/south-carolina,http://collegefootball.ap.org/teams/iowa-state
garland-gillen,http://collegefootball.ap.org/teams/alabama,http://collegefootball.ap.org/teams/penn-state,http://collegefootball.ap.org/teams/georgia,http://collegefootball.ap.org/teams/tcu,http://collegefootball.ap.org/teams/wisconsin,http://collegefootball.ap.org/teams/miami-fl,http://collegefootball.ap.org/teams/clemson,http://collegefootball.ap.org/teams/notre-dame,http://collegefootball.ap.org/teams/virginia-tech,http://collegefootball.ap.org/teams/oklahoma,http://collegefootball.ap.org/teams/ohio-state,http://collegefootball.ap.org/teams/oklahoma-state,http://collegefootball.ap.org/teams/michigan-state,http://collegefootball.ap.org/teams/washington,http://collegefootball.ap.org/teams/south-florida,http://collegefootball.ap.org/teams/north-carolina-state,http://collegefootball.ap.org/teams/ucf,http://collegefootball.ap.org/teams/washington-state,http://collegefootball.ap.org/teams/stanford,http://collegefootball.ap.org/teams/lsu,http://collegefootball.ap.org/teams/west-virginia,http://collegefootball.ap.org/teams/auburn,http://collegefootball.ap.org/teams/memphis,http://collegefootball.ap.org/teams/usc,http://collegefootball.ap.org/teams/michigan
gary-horowitz,http://collegefootball.ap.org/teams/alabama,http://collegefootball.ap.org/teams/penn-state,http://collegefootball.ap.org/teams/georgia,http://collegefootball.ap.org/teams/tcu,http://collegefootball.ap.org/teams/wisconsin,http://collegefootball.ap.org/teams/notre-dame,http://collegefootball.ap.org/teams/oklahoma,http://collegefootball.ap.org/teams/ohio-state,http://collegefootball.ap.org/teams/clemson,http://collegefootball.ap.org/teams/miami-fl,http://collegefootball.ap.org/teams/south-florida,http://collegefootball.ap.org/teams/washington,http://collegefootball.ap.org/teams/oklahoma-state,http://collegefootball.ap.org/teams/virginia-tech,http://collegefootball.ap.org/teams/ucf,http://collegefootball.ap.org/teams/north-carolina-state,http://collegefootball.ap.org/teams/michigan-state,http://collegefootball.ap.org/teams/stanford,http://collegefootball.ap.org/teams/lsu,http://collegefootball.ap.org/teams/auburn,http://collegefootball.ap.org/teams/washington-state,http://collegefootball.ap.org/teams/memphis,http://collegefootball.ap.org/teams/west-virginia,http://collegefootball.ap.org/teams/usc,http://collegefootball.ap.org/teams/mississippi-state
grace-raynor,http://collegefootball.ap.org/teams/alabama,http://collegefootball.ap.org/teams/penn-state,http://collegefootball.ap.org/teams/georgia,http://collegefootball.ap.org/teams/tcu,http://collegefootball.ap.org/teams/wisconsin,http://collegefootball.ap.org/teams/ohio-state,http://collegefootball.ap.org/teams/clemson,http://collegefootball.ap.org/teams/miami-fl,http://collegefootball.ap.org/teams/notre-dame,http://collegefootball.ap.org/teams/oklahoma,http://collegefootball.ap.org/teams/oklahoma-state,http://collegefootball.ap.org/teams/washington,http://collegefootball.ap.org/teams/virginia-tech,http://collegefootball.ap.org/teams/washington-state,http://collegefootball.ap.org/teams/north-carolina-state,http://collegefootball.ap.org/teams/south-florida,http://collegefootball.ap.org/teams/michigan-state,http://collegefootball.ap.org/teams/usc,http://collegefootball.ap.org/teams/auburn,http://collegefootball.ap.org/teams/ucf,http://collegefootball.ap.org/teams/stanford,http://collegefootball.ap.org/teams/west-virginia,http://collegefootball.ap.org/teams/lsu,http://collegefootball.ap.org/teams/memphis,http://collegefootball.ap.org/teams/mississippi-state
jason-butt,http://collegefootball.ap.org/teams/alabama,http://collegefootball.ap.org/teams/georgia,http://collegefootball.ap.org/teams/penn-state,http://collegefootball.ap.org/teams/tcu,http://collegefootball.ap.org/teams/wisconsin,http://collegefootball.ap.org/teams/miami-fl,http://collegefootball.ap.org/teams/ohio-state,http://collegefootball.ap.org/teams/oklahoma-state,http://collegefootball.ap.org/teams/notre-dame,http://collegefootball.ap.org/teams/clemson,http://collegefootball.ap.org/teams/virginia-tech,http://collegefootball.ap.org/teams/oklahoma,http://collegefootball.ap.org/teams/washington,http://collegefootball.ap.org/teams/washington-state,http://collegefootball.ap.org/teams/michigan-state,http://collegefootball.ap.org/teams/north-carolina-state,http://collegefootball.ap.org/teams/usc,http://collegefootball.ap.org/teams/ucf,http://collegefootball.ap.org/teams/south-florida,http://collegefootball.ap.org/teams/stanford,http://collegefootball.ap.org/teams/auburn,http://collegefootball.ap.org/teams/texas-am,http://collegefootball.ap.org/teams/lsu,http://collegefootball.ap.org/teams/west-virginia,http://collegefootball.ap.org/teams/memphis
jason-galloway,http://collegefootball.ap.org/teams/alabama,http://collegefootball.ap.org/teams/penn-state,http://collegefootball.ap.org/teams/georgia,http://collegefootball.ap.org/teams/tcu,http://collegefootball.ap.org/teams/notre-dame,http://collegefootball.ap.org/teams/wisconsin,http://collegefootball.ap.org/teams/ohio-state,http://collegefootball.ap.org/teams/clemson,http://collegefootball.ap.org/teams/oklahoma,http://collegefootball.ap.org/teams/miami-fl,http://collegefootball.ap.org/teams/virginia-tech,http://collegefootball.ap.org/teams/oklahoma-state,http://collegefootball.ap.org/teams/washington,http://collegefootball.ap.org/teams/michigan-state,http://collegefootball.ap.org/teams/north-carolina-state,http://collegefootball.ap.org/teams/washington-state,http://collegefootball.ap.org/teams/ucf,http://collegefootball.ap.org/teams/auburn,http://collegefootball.ap.org/teams/south-florida,http://collegefootball.ap.org/teams/usc,http://collegefootball.ap.org/teams/stanford,http://collegefootball.ap.org/teams/west-virginia,http://collegefootball.ap.org/teams/michigan,http://collegefootball.ap.org/teams/texas-am,http://collegefootball.ap.org/teams/iowa-state
jeff-miller,http://collegefootball.ap.org/teams/alabama,http://collegefootball.ap.org/teams/penn-state,http://collegefootball.ap.org/teams/wisconsin,http://collegefootball.ap.org/teams/georgia,http://collegefootball.ap.org/teams/tcu,http://collegefootball.ap.org/teams/ohio-state,http://collegefootball.ap.org/teams/notre-dame,http://collegefootball.ap.org/teams/miami-fl,http://collegefootball.ap.org/teams/oklahoma-state,http://collegefootball.ap.org/teams/oklahoma,http://collegefootball.ap.org/teams/clemson,http://collegefootball.ap.org/teams/virginia-tech,http://collegefootball.ap.org/teams/north-carolina-state,http://collegefootball.ap.org/teams/washington,http://collegefootball.ap.org/teams/michigan-state,http://collegefootball.ap.org/teams/south-florida,http://collegefootball.ap.org/teams/west-virginia,http://collegefootball.ap.org/teams/stanford,http://collegefootball.ap.org/teams/washington-state,http://collegefootball.ap.org/teams/ucf,http://collegefootball.ap.org/teams/lsu,http://collegefootball.ap.org/teams/auburn,http://collegefootball.ap.org/teams/usc,http://collegefootball.ap.org/teams/georgia-tech,http://collegefootball.ap.org/teams/mississippi-state
jerry-dipaola,http://collegefootball.ap.org/teams/alabama,http://collegefootball.ap.org/teams/penn-state,http://collegefootball.ap.org/teams/georgia,http://collegefootball.ap.org/teams/tcu,http://collegefootball.ap.org/teams/wisconsin,http://collegefootball.ap.org/teams/clemson,http://collegefootball.ap.org/teams/ohio-state,http://collegefootball.ap.org/teams/oklahoma,http://collegefootball.ap.org/teams/notre-dame,http://collegefootball.ap.org/teams/miami-fl,http://collegefootball.ap.org/teams/oklahoma-state,http://collegefootball.ap.org/teams/washington,http://collegefootball.ap.org/teams/virginia-tech,http://collegefootball.ap.org/teams/north-carolina-state,http://collegefootball.ap.org/teams/washington-state,http://collegefootball.ap.org/teams/lsu,http://collegefootball.ap.org/teams/auburn,http://collegefootball.ap.org/teams/michigan-state,http://collegefootball.ap.org/teams/ucf,http://collegefootball.ap.org/teams/south-florida,http://collegefootball.ap.org/teams/stanford,http://collegefootball.ap.org/teams/usc,http://collegefootball.ap.org/teams/texas-am,http://collegefootball.ap.org/teams/iowa-state,http://collegefootball.ap.org/teams/memphis
john-adams,http://collegefootball.ap.org/teams/alabama,http://collegefootball.ap.org/teams/georgia,http://collegefootball.ap.org/teams/penn-state,http://collegefootball.ap.org/teams/tcu,http://collegefootball.ap.org/teams/notre-dame,http://collegefootball.ap.org/teams/clemson,http://collegefootball.ap.org/teams/oklahoma,http://collegefootball.ap.org/teams/ohio-state,http://collegefootball.ap.org/teams/wisconsin,http://collegefootball.ap.org/teams/oklahoma-state,http://collegefootball.ap.org/teams/miami-fl,http://collegefootball.ap.org/teams/washington,http://collegefootball.ap.org/teams/virginia-tech,http://collegefootball.ap.org/teams/north-carolina-state,http://collegefootball.ap.org/teams/ucf,http://collegefootball.ap.org/teams/south-florida,http://collegefootball.ap.org/teams/washington-state,http://collegefootball.ap.org/teams/michigan-state,http://collegefootball.ap.org/teams/usc,http://collegefootball.ap.org/teams/stanford,http://collegefootball.ap.org/teams/auburn,http://collegefootball.ap.org/teams/mississippi-state,http://collegefootball.ap.org/teams/lsu,http://collegefootball.ap.org/teams/west-virginia,http://collegefootball.ap.org/teams/michigan
john-clay,http://collegefootball.ap.org/teams/alabama,http://collegefootball.ap.org/teams/penn-state,http://collegefootball.ap.org/teams/georgia,http://collegefootball.ap.org/teams/tcu,http://collegefootball.ap.org/teams/wisconsin,http://collegefootball.ap.org/teams/clemson,http://collegefootball.ap.org/teams/ohio-state,http://collegefootball.ap.org/teams/miami-fl,http://collegefootball.ap.org/teams/washington,http://collegefootball.ap.org/teams/notre-dame,http://collegefootball.ap.org/teams/oklahoma,http://collegefootball.ap.org/teams/virginia-tech,http://collegefootball.ap.org/teams/oklahoma-state,http://collegefootball.ap.org/teams/auburn,http://collegefootball.ap.org/teams/washington-state,http://collegefootball.ap.org/teams/michigan-state,http://collegefootball.ap.org/teams/south-florida,http://collegefootball.ap.org/teams/north-carolina-state,http://collegefootball.ap.org/teams/ucf,http://collegefootball.ap.org/teams/west-virginia,http://collegefootball.ap.org/teams/stanford,http://collegefootball.ap.org/teams/lsu,http://collegefootball.ap.org/teams/usc,http://collegefootball.ap.org/teams/iowa-state,http://collegefootball.ap.org/teams/michigan
jon-wilner,http://collegefootball.ap.org/teams/alabama,http://collegefootball.ap.org/teams/tcu,http://collegefootball.ap.org/teams/georgia,http://collegefootball.ap.org/teams/penn-state,http://collegefootball.ap.org/teams/clemson,http://collegefootball.ap.org/teams/oklahoma,http://collegefootball.ap.org/teams/notre-dame,http://collegefootball.ap.org/teams/miami-fl,http://collegefootball.ap.org/teams/michigan-state,http://collegefootball.ap.org/teams/ohio-state,http://collegefootball.ap.org/teams/wisconsin,http://collegefootball.ap.org/teams/washington,http://collegefootball.ap.org/teams/oklahoma-state,http://collegefootball.ap.org/teams/washington-state,http://collegefootball.ap.org/teams/virginia-tech,http://collegefootball.ap.org/teams/ucf,http://collegefootball.ap.org/teams/usc,http://collegefootball.ap.org/teams/north-carolina-state,http://collegefootball.ap.org/teams/iowa-state,http://collegefootball.ap.org/teams/michigan,http://collegefootball.ap.org/teams/stanford,http://collegefootball.ap.org/teams/auburn,http://collegefootball.ap.org/teams/south-florida,http://collegefootball.ap.org/teams/west-virginia,http://collegefootball.ap.org/teams/memphis
jonny-miller,http://collegefootball.ap.org/teams/alabama,http://collegefootball.ap.org/teams/penn-state,http://collegefootball.ap.org/teams/wisconsin,http://collegefootball.ap.org/teams/georgia,http://collegefootball.ap.org/teams/tcu,http://collegefootball.ap.org/teams/ohio-state,http://collegefootball.ap.org/teams/miami-fl,http://collegefootball.ap.org/teams/oklahoma,http://collegefootball.ap.org/teams/clemson,http://collegefootball.ap.org/teams/oklahoma-state,http://collegefootball.ap.org/teams/notre-dame,http://collegefootball.ap.org/teams/south-florida,http://collegefootball.ap.org/teams/virginia-tech,http://collegefootball.ap.org/teams/washington,http://collegefootball.ap.org/teams/north-carolina-state,http://collegefootball.ap.org/teams/washington-state,http://collegefootball.ap.org/teams/ucf,http://collegefootball.ap.org/teams/usc,http://collegefootball.ap.org/teams/michigan-state,http://collegefootball.ap.org/teams/auburn,http://collegefootball.ap.org/teams/west-virginia,http://collegefootball.ap.org/teams/stanford,http://collegefootball.ap.org/teams/michigan,http://collegefootball.ap.org/teams/lsu,http://collegefootball.ap.org/teams/texas-am
keith-sargeant,http://collegefootball.ap.org/teams/alabama,http://collegefootball.ap.org/teams/penn-state,http://collegefootball.ap.org/teams/georgia,http://collegefootball.ap.org/teams/tcu,http://collegefootball.ap.org/teams/wisconsin,http://collegefootball.ap.org/teams/miami-fl,http://collegefootball.ap.org/teams/oklahoma,http://collegefootball.ap.org/teams/ohio-state,http://collegefootball.ap.org/teams/clemson,http://collegefootball.ap.org/teams/notre-dame,http://collegefootball.ap.org/teams/washington,http://collegefootball.ap.org/teams/virginia-tech,http://collegefootball.ap.org/teams/oklahoma-state,http://collegefootball.ap.org/teams/michigan-state,http://collegefootball.ap.org/teams/north-carolina-state,http://collegefootball.ap.org/teams/washington-state,http://collegefootball.ap.org/teams/south-florida,http://collegefootball.ap.org/teams/ucf,http://collegefootball.ap.org/teams/auburn,http://collegefootball.ap.org/teams/usc,http://collegefootball.ap.org/teams/michigan,http://collegefootball.ap.org/teams/lsu,http://collegefootball.ap.org/teams/west-virginia,http://collegefootball.ap.org/teams/stanford,http://collegefootball.ap.org/teams/memphis
kellis-robinett,http://collegefootball.ap.org/teams/alabama,http://collegefootball.ap.org/teams/georgia,http://collegefootball.ap.org/teams/penn-state,http://collegefootball.ap.org/teams/tcu,http://collegefootball.ap.org/teams/wisconsin,http://collegefootball.ap.org/teams/miami-fl,http://collegefootball.ap.org/teams/oklahoma,http://collegefootball.ap.org/teams/notre-dame,http://collegefootball.ap.org/teams/ohio-state,http://collegefootball.ap.org/teams/clemson,http://collegefootball.ap.org/teams/oklahoma-state,http://collegefootball.ap.org/teams/north-carolina-state,http://collegefootball.ap.org/teams/south-florida,http://collegefootball.ap.org/teams/washington-state,http://collegefootball.ap.org/teams/washington,http://collegefootball.ap.org/teams/virginia-tech,http://collegefootball.ap.org/teams/michigan-state,http://collegefootball.ap.org/teams/ucf,http://collegefootball.ap.org/teams/usc,http://collegefootball.ap.org/teams/stanford,http://collegefootball.ap.org/teams/auburn,http://collegefootball.ap.org/teams/iowa-state,http://collegefootball.ap.org/teams/memphis,http://collegefootball.ap.org/teams/texas-am,http://collegefootball.ap.org/teams/mississippi-state
kirk-bohls,http://collegefootball.ap.org/teams/alabama,http://collegefootball.ap.org/teams/penn-state,http://collegefootball.ap.org/teams/georgia,http://collegefootball.ap.org/teams/tcu,http://collegefootball.ap.org/teams/oklahoma,http://collegefootball.ap.org/teams/ohio-state,http://collegefootball.ap.org/teams/clemson,http://collegefootball.ap.org/teams/oklahoma-state,http://collegefootball.ap.org/teams/miami-fl,http://collegefootball.ap.org/teams/notre-dame,http://collegefootball.ap.org/teams/wisconsin,http://collegefootball.ap.org/teams/virginia-tech,http://collegefootball.ap.org/teams/north-carolina-state,http://collegefootball.ap.org/teams/washington-state,http://collegefootball.ap.org/teams/washington,http://collegefootball.ap.org/teams/michigan-state,http://collegefootball.ap.org/teams/ucf,http://collegefootball.ap.org/teams/south-florida,http://collegefootball.ap.org/teams/lsu,http://collegefootball.ap.org/teams/usc,http://collegefootball.ap.org/teams/auburn,http://collegefootball.ap.org/teams/texas-am,http://collegefootball.ap.org/teams/stanford,http://collegefootball.ap.org/teams/iowa-state,http://collegefootball.ap.org/teams/mississippi-state
lauren-brownlow,http://collegefootball.ap.org/teams/alabama,http://collegefootball.ap.org/teams/georgia,http://collegefootball.ap.org/teams/tcu,http://collegefootball.ap.org/teams/penn-state,http://collegefootball.ap.org/teams/wisconsin,http://collegefootball.ap.org/teams/miami-fl,http://collegefootball.ap.org/teams/ohio-state,http://collegefootball.ap.org/teams/clemson,http://collegefootball.ap.org/teams/notre-dame,http://collegefootball.ap.org/teams/oklahoma,http://collegefootball.ap.org/teams/oklahoma-state,http://collegefootball.ap.org/teams/washington,http://collegefootball.ap.org/teams/washington-state,http://collegefootball.ap.org/teams/virginia-tech,http://collegefootball.ap.org/teams/north-carolina-state,http://collegefootball.ap.org/teams/auburn,http://collegefootball.ap.org/teams/michigan-state,http://collegefootball.ap.org/teams/south-florida,http://collegefootball.ap.org/teams/stanford,http://collegefootball.ap.org/teams/ucf,http://collegefootball.ap.org/teams/lsu,http://collegefootball.ap.org/teams/west-virginia,http://collegefootball.ap.org/teams/memphis,http://collegefootball.ap.org/teams/georgia-tech,http://collegefootball.ap.org/teams/usc
lauren-shute,http://collegefootball.ap.org/teams/alabama,http://collegefootball.ap.org/teams/penn-state,http://collegefootball.ap.org/teams/georgia,http://collegefootball.ap.org/teams/tcu,http://collegefootball.ap.org/teams/wisconsin,http://collegefootball.ap.org/teams/ohio-state,http://collegefootball.ap.org/teams/clemson,http://collegefootball.ap.org/teams/miami-fl,http://collegefootball.ap.org/teams/oklahoma,http://collegefootball.ap.org/teams/oklahoma-state,http://collegefootball.ap.org/teams/washington,http://collegefootball.ap.org/teams/notre-dame,http://collegefootball.ap.org/teams/virginia-tech,http://collegefootball.ap.org/teams/washington-state,http://collegefootball.ap.org/teams/south-florida,http://collegefootball.ap.org/teams/north-carolina-state,http://collegefootball.ap.org/teams/auburn,http://collegefootball.ap.org/teams/michigan-state,http://collegefootball.ap.org/teams/ucf,http://collegefootball.ap.org/teams/stanford,http://collegefootball.ap.org/teams/west-virginia,http://collegefootball.ap.org/teams/lsu,http://collegefootball.ap.org/teams/memphis,http://collegefootball.ap.org/teams/texas-am,http://collegefootball.ap.org/teams/usc
marc-weiszer,http://collegefootball.ap.org/teams/alabama,http://collegefootball.ap.org/teams/penn-state,http://collegefootball.ap.org/teams/georgia,http://collegefootball.ap.org/teams/tcu,http://collegefootball.ap.org/teams/wisconsin,http://collegefootball.ap.org/teams/ohio-state,http://collegefootball.ap.org/teams/clemson,http://collegefootball.ap.org/teams/notre-dame,http://collegefootball.ap.org/teams/miami-fl,http://collegefootball.ap.org/teams/oklahoma-state,http://collegefootball.ap.org/teams/oklahoma,http://collegefootball.ap.org/teams/virginia-tech,http://collegefootball.ap.org/teams/washington-state,http://collegefootball.ap.org/teams/washington,http://collegefootball.ap.org/teams/south-florida,http://collegefootball.ap.org/teams/north-carolina-state,http://collegefootball.ap.org/teams/auburn,http://collegefootball.ap.org/teams/ucf,http://collegefootball.ap.org/teams/michigan-state,http://collegefootball.ap.org/teams/usc,http://collegefootball.ap.org/teams/stanford,http://collegefootball.ap.org/teams/lsu,http://collegefootball.ap.org/teams/west-virginia,http://collegefootball.ap.org/teams/texas-am,http://collegefootball.ap.org/teams/iowa-state
matt-baker,http://collegefootball.ap.org/teams/alabama,http://collegefootball.ap.org/teams/georgia,http://collegefootball.ap.org/teams/tcu,http://collegefootball.ap.org/teams/penn-state,http://collegefootball.ap.org/teams/miami-fl,http://collegefootball.ap.org/teams/clemson,http://collegefootball.ap.org/teams/oklahoma,http://collegefootball.ap.org/teams/ohio-state,http://collegefootball.ap.org/teams/wisconsin,http://collegefootball.ap.org/teams/notre-dame,http://collegefootball.ap.org/teams/oklahoma-state,http://collegefootball.ap.org/teams/washington,http://collegefootball.ap.org/teams/virginia-tech,http://collegefootball.ap.org/teams/north-carolina-state,http://collegefootball.ap.org/teams/ucf,http://collegefootball.ap.org/teams/washington-state,http://collegefootball.ap.org/teams/michigan-state,http://collegefootball.ap.org/teams/auburn,http://collegefootball.ap.org/teams/usc,http://collegefootball.ap.org/teams/south-florida,http://collegefootball.ap.org/teams/stanford,http://collegefootball.ap.org/teams/west-virginia,http://collegefootball.ap.org/teams/memphis,http://collegefootball.ap.org/teams/iowa-state,http://collegefootball.ap.org/teams/mississippi-state
matt-brown,http://collegefootball.ap.org/teams/alabama,http://collegefootball.ap.org/teams/penn-state,http://collegefootball.ap.org/teams/georgia,http://collegefootball.ap.org/teams/tcu,http://collegefootball.ap.org/teams/miami-fl,http://collegefootball.ap.org/teams/notre-dame,http://collegefootball.ap.org/teams/clemson,http://collegefootball.ap.org/teams/wisconsin,http://collegefootball.ap.org/teams/oklahoma,http://collegefootball.ap.org/teams/ohio-state,http://collegefootball.ap.org/teams/oklahoma-state,http://collegefootball.ap.org/teams/north-carolina-state,http://collegefootball.ap.org/teams/washington-state,http://collegefootball.ap.org/teams/washington,http://collegefootball.ap.org/teams/virginia-tech,http://collegefootball.ap.org/teams/ucf,http://collegefootball.ap.org/teams/michigan-state,http://collegefootball.ap.org/teams/south-florida,http://collegefootball.ap.org/teams/usc,http://collegefootball.ap.org/teams/stanford,http://collegefootball.ap.org/teams/auburn,http://collegefootball.ap.org/teams/iowa-state,http://collegefootball.ap.org/teams/michigan,http://collegefootball.ap.org/teams/mississippi-state,http://collegefootball.ap.org/teams/lsu
matt-charboneau,http://collegefootball.ap.org/teams/alabama,http://collegefootball.ap.org/teams/penn-state,http://collegefootball.ap.org/teams/georgia,http://collegefootball.ap.org/teams/ohio-state,http://collegefootball.ap.org/teams/tcu,http://collegefootball.ap.org/teams/wisconsin,http://collegefootball.ap.org/teams/notre-dame,http://collegefootball.ap.org/teams/oklahoma-state,http://collegefootball.ap.org/teams/clemson,http://collegefootball.ap.org/teams/miami-fl,http://collegefootball.ap.org/teams/oklahoma,http://collegefootball.ap.org/teams/washington,http://collegefootball.ap.org/teams/south-florida,http://collegefootball.ap.org/teams/virginia-tech,http://collegefootball.ap.org/teams/north-carolina-state,http://collegefootball.ap.org/teams/michigan-state,http://collegefootball.ap.org/teams/usc,http://collegefootball.ap.org/teams/auburn,http://collegefootball.ap.org/teams/ucf,http://collegefootball.ap.org/teams/washington-state,http://collegefootball.ap.org/teams/stanford,http://collegefootball.ap.org/teams/lsu,http://collegefootball.ap.org/teams/memphis,http://collegefootball.ap.org/teams/texas-am,http://collegefootball.ap.org/teams/michigan
matt-mccoy,http://collegefootball.ap.org/teams/alabama,http://collegefootball.ap.org/teams/penn-state,http://collegefootball.ap.org/teams/georgia,http://collegefootball.ap.org/teams/tcu,http://collegefootball.ap.org/teams/wisconsin,http://collegefootball.ap.org/teams/oklahoma,http://collegefootball.ap.org/teams/ohio-state,http://collegefootball.ap.org/teams/clemson,http://collegefootball.ap.org/teams/notre-dame,http://collegefootball.ap.org/teams/miami-fl,http://collegefootball.ap.org/teams/oklahoma-state,http://collegefootball.ap.org/teams/virginia-tech,http://collegefootball.ap.org/teams/washington,http://collegefootball.ap.org/teams/michigan-state,http://collegefootball.ap.org/teams/washington-state,http://collegefootball.ap.org/teams/south-florida,http://collegefootball.ap.org/teams/ucf,http://collegefootball.ap.org/teams/north-carolina-state,http://collegefootball.ap.org/teams/auburn,http://collegefootball.ap.org/teams/usc,http://collegefootball.ap.org/teams/stanford,http://collegefootball.ap.org/teams/west-virginia,http://collegefootball.ap.org/teams/memphis,http://collegefootball.ap.org/teams/lsu,http://collegefootball.ap.org/teams/michigan
michael-lev,http://collegefootball.ap.org/teams/alabama,http://collegefootball.ap.org/teams/penn-state,http://collegefootball.ap.org/teams/georgia,http://collegefootball.ap.org/teams/ohio-state,http://collegefootball.ap.org/teams/tcu,http://collegefootball.ap.org/teams/wisconsin,http://collegefootball.ap.org/teams/notre-dame,http://collegefootball.ap.org/teams/clemson,http://collegefootball.ap.org/teams/washington,http://collegefootball.ap.org/teams/oklahoma,http://collegefootball.ap.org/teams/miami-fl,http://collegefootball.ap.org/teams/oklahoma-state,http://collegefootball.ap.org/teams/ucf,http://collegefootball.ap.org/teams/virginia-tech,http://collegefootball.ap.org/teams/michigan-state,http://collegefootball.ap.org/teams/north-carolina-state,http://collegefootball.ap.org/teams/stanford,http://collegefootball.ap.org/teams/auburn,http://collegefootball.ap.org/teams/washington-state,http://collegefootball.ap.org/teams/south-florida,http://collegefootball.ap.org/teams/iowa-state,http://collegefootball.ap.org/teams/texas-am,http://collegefootball.ap.org/teams/usc,http://collegefootball.ap.org/teams/mississippi-state,http://collegefootball.ap.org/teams/lsu
mitch-vingle,http://collegefootball.ap.org/teams/alabama,http://collegefootball.ap.org/teams/penn-state,http://collegefootball.ap.org/teams/georgia,http://collegefootball.ap.org/teams/tcu,http://collegefootball.ap.org/teams/wisconsin,http://collegefootball.ap.org/teams/ohio-state,http://collegefootball.ap.org/teams/miami-fl,http://collegefootball.ap.org/teams/oklahoma-state,http://collegefootball.ap.org/teams/oklahoma,http://collegefootball.ap.org/teams/clemson,http://collegefootball.ap.org/teams/notre-dame,http://collegefootball.ap.org/teams/washington,http://collegefootball.ap.org/teams/south-florida,http://collegefootball.ap.org/teams/virginia-tech,http://collegefootball.ap.org/teams/washington-state,http://collegefootball.ap.org/teams/north-carolina-state,http://collegefootball.ap.org/teams/michigan-state,http://collegefootball.ap.org/teams/ucf,http://collegefootball.ap.org/teams/stanford,http://collegefootball.ap.org/teams/auburn,http://collegefootball.ap.org/teams/west-virginia,http://collegefootball.ap.org/teams/usc,http://collegefootball.ap.org/teams/lsu,http://collegefootball.ap.org/teams/memphis,http://collegefootball.ap.org/teams/iowa-state
parrish-alford,http://collegefootball.ap.org/teams/alabama,http://collegefootball.ap.org/teams/penn-state,http://collegefootball.ap.org/teams/georgia,http://collegefootball.ap.org/teams/wisconsin,http://collegefootball.ap.org/teams/ohio-state,http://collegefootball.ap.org/teams/tcu,http://collegefootball.ap.org/teams/clemson,http://collegefootball.ap.org/teams/virginia-tech,http://collegefootball.ap.org/teams/oklahoma-state,http://collegefootball.ap.org/teams/washington,http://collegefootball.ap.org/teams/notre-dame,http://collegefootball.ap.org/teams/miami-fl,http://collegefootball.ap.org/teams/oklahoma,http://collegefootball.ap.org/teams/washington-state,http://collegefootball.ap.org/teams/north-carolina-state,http://collegefootball.ap.org/teams/auburn,http://collegefootball.ap.org/teams/stanford,http://collegefootball.ap.org/teams/ucf,http://collegefootball.ap.org/teams/michigan-state,http://collegefootball.ap.org/teams/south-florida,http://collegefootball.ap.org/teams/lsu,http://collegefootball.ap.org/teams/west-virginia,http://collegefootball.ap.org/teams/iowa-state,http://collegefootball.ap.org/teams/memphis,http://collegefootball.ap.org/teams/usc
pat-caputo,http://collegefootball.ap.org/teams/alabama,http://collegefootball.ap.org/teams/penn-state,http://collegefootball.ap.org/teams/georgia,http://collegefootball.ap.org/teams/ohio-state,http://collegefootball.ap.org/teams/tcu,http://collegefootball.ap.org/teams/wisconsin,http://collegefootball.ap.org/teams/notre-dame,http://collegefootball.ap.org/teams/clemson,http://collegefootball.ap.org/teams/oklahoma,http://collegefootball.ap.org/teams/washington,http://collegefootball.ap.org/teams/michigan-state,http://collegefootball.ap.org/teams/miami-fl,http://collegefootball.ap.org/teams/south-florida,http://collegefootball.ap.org/teams/north-carolina-state,http://collegefootball.ap.org/teams/washington-state,http://collegefootball.ap.org/teams/oklahoma-state,http://collegefootball.ap.org/teams/lsu,http://collegefootball.ap.org/teams/ucf,http://collegefootball.ap.org/teams/virginia-tech,http://collegefootball.ap.org/teams/stanford,http://collegefootball.ap.org/teams/auburn,http://collegefootball.ap.org/teams/west-virginia,http://collegefootball.ap.org/teams/memphis,http://collegefootball.ap.org/teams/mississippi-state,http://collegefootball.ap.org/teams/michigan
pat-dooley,http://collegefootball.ap.org/teams/alabama,http://collegefootball.ap.org/teams/penn-state,http://collegefootball.ap.org/teams/tcu,http://collegefootball.ap.org/teams/georgia,http://collegefootball.ap.org/teams/wisconsin,http://collegefootball.ap.org/teams/ohio-state,http://collegefootball.ap.org/teams/miami-fl,http://collegefootball.ap.org/teams/notre-dame,http://collegefootball.ap.org/teams/clemson,http://collegefootball.ap.org/teams/oklahoma,http://collegefootball.ap.org/teams/washington,http://collegefootball.ap.org/teams/oklahoma-state,http://collegefootball.ap.org/teams/virginia-tech,http://collegefootball.ap.org/teams/washington-state,http://collegefootball.ap.org/teams/north-carolina-state,http://collegefootball.ap.org/teams/south-florida,http://collegefootball.ap.org/teams/michigan-state,http://collegefootball.ap.org/teams/auburn,http://collegefootball.ap.org/teams/lsu,http://collegefootball.ap.org/teams/ucf,http://collegefootball.ap.org/teams/stanford,http://collegefootball.ap.org/teams/texas-am,http://collegefootball.ap.org/teams/memphis,http://collegefootball.ap.org/teams/usc,http://collegefootball.ap.org/teams/georgia-tech
rece-davis,http://collegefootball.ap.org/teams/alabama,http://collegefootball.ap.org/teams/penn-state,http://collegefootball.ap.org/teams/georgia,http://collegefootball.ap.org/teams/tcu,http://collegefootball.ap.org/teams/clemson,http://collegefootball.ap.org/teams/notre-dame,http://collegefootball.ap.org/teams/wisconsin,http://collegefootball.ap.org/teams/miami-fl,http://collegefootball.ap.org/teams/oklahoma,http://collegefootball.ap.org/teams/ohio-state,http://collegefootball.ap.org/teams/oklahoma-state,http://collegefootball.ap.org/teams/washington,http://collegefootball.ap.org/teams/north-carolina-state,http://collegefootball.ap.org/teams/virginia-tech,http://collegefootball.ap.org/teams/auburn,http://collegefootball.ap.org/teams/stanford,http://collegefootball.ap.org/teams/washington-state,http://collegefootball.ap.org/teams/ucf,http://collegefootball.ap.org/teams/michigan-state,http://collegefootball.ap.org/teams/usc,http://collegefootball.ap.org/teams/south-florida,http://collegefootball.ap.org/teams/iowa-state,http://collegefootball.ap.org/teams/michigan,http://collegefootball.ap.org/teams/west-virginia,http://collegefootball.ap.org/teams/mississippi-state
rick-wright,http://collegefootball.ap.org/teams/alabama,http://collegefootball.ap.org/teams/penn-state,http://collegefootball.ap.org/teams/wisconsin,http://collegefootball.ap.org/teams/ohio-state,http://collegefootball.ap.org/teams/georgia,http://collegefootball.ap.org/teams/miami-fl,http://collegefootball.ap.org/teams/clemson,http://collegefootball.ap.org/teams/tcu,http://collegefootball.ap.org/teams/virginia-tech,http://collegefootball.ap.org/teams/washington,http://collegefootball.ap.org/teams/notre-dame,http://collegefootball.ap.org/teams/oklahoma,http://collegefootball.ap.org/teams/oklahoma-state,http://collegefootball.ap.org/teams/south-florida,http://collegefootball.ap.org/teams/michigan-state,http://collegefootball.ap.org/teams/auburn,http://collegefootball.ap.org/teams/usc,http://collegefootball.ap.org/teams/ucf,http://collegefootball.ap.org/teams/north-carolina-state,http://collegefootball.ap.org/teams/stanford,http://collegefootball.ap.org/teams/washington-state,http://collegefootball.ap.org/teams/memphis,http://collegefootball.ap.org/teams/texas-am,http://collegefootball.ap.org/teams/lsu,http://collegefootball.ap.org/teams/marshall
rob-long,http://collegefootball.ap.org/teams/alabama,http://collegefootball.ap.org/teams/penn-state,http://collegefootball.ap.org/teams/georgia,http://collegefootball.ap.org/teams/wisconsin,http://collegefootball.ap.org/teams/tcu,http://collegefootball.ap.org/teams/clemson,http://collegefootball.ap.org/teams/oklahoma,http://collegefootball.ap.org/teams/ohio-state,http://collegefootball.ap.org/teams/miami-fl,http://collegefootball.ap.org/teams/notre-dame,http://collegefootball.ap.org/teams/washington,http://collegefootball.ap.org/teams/south-florida,http://collegefootball.ap.org/teams/michigan-state,http://collegefootball.ap.org/teams/oklahoma-state,http://collegefootball.ap.org/teams/washington-state,http://collegefootball.ap.org/teams/virginia-tech,http://collegefootball.ap.org/teams/north-carolina-state,http://collegefootball.ap.org/teams/ucf,http://collegefootball.ap.org/teams/usc,http://collegefootball.ap.org/teams/stanford,http://collegefootball.ap.org/teams/west-virginia,http://collegefootball.ap.org/teams/michigan,http://collegefootball.ap.org/teams/auburn,http://collegefootball.ap.org/teams/texas-am,http://collegefootball.ap.org/teams/memphis
robert-cessna,http://collegefootball.ap.org/teams/alabama,http://collegefootball.ap.org/teams/penn-state,http://collegefootball.ap.org/teams/georgia,http://collegefootball.ap.org/teams/tcu,http://collegefootball.ap.org/teams/wisconsin,http://collegefootball.ap.org/teams/miami-fl,http://collegefootball.ap.org/teams/clemson,http://collegefootball.ap.org/teams/ohio-state,http://collegefootball.ap.org/teams/oklahoma,http://collegefootball.ap.org/teams/oklahoma-state,http://collegefootball.ap.org/teams/virginia-tech,http://collegefootball.ap.org/teams/notre-dame,http://collegefootball.ap.org/teams/north-carolina-state,http://collegefootball.ap.org/teams/michigan-state,http://collegefootball.ap.org/teams/washington-state,http://collegefootball.ap.org/teams/washington,http://collegefootball.ap.org/teams/south-florida,http://collegefootball.ap.org/teams/ucf,http://collegefootball.ap.org/teams/stanford,http://collegefootball.ap.org/teams/lsu,http://collegefootball.ap.org/teams/memphis,http://collegefootball.ap.org/teams/auburn,http://collegefootball.ap.org/teams/iowa-state,http://collegefootball.ap.org/teams/usc,http://collegefootball.ap.org/teams/west-virginia
robert-gagliardi,http://collegefootball.ap.org/teams/alabama,http://collegefootball.ap.org/teams/penn-state,http://collegefootball.ap.org/teams/georgia,http://collegefootball.ap.org/teams/tcu,http://collegefootball.ap.org/teams/wisconsin,http://collegefootball.ap.org/teams/ohio-state,http://collegefootball.ap.org/teams/miami-fl,http://collegefootball.ap.org/teams/clemson,http://collegefootball.ap.org/teams/notre-dame,http://collegefootball.ap.org/teams/oklahoma,http://collegefootball.ap.org/teams/oklahoma-state,http://collegefootball.ap.org/teams/virginia-tech,http://collegefootball.ap.org/teams/washington,http://collegefootball.ap.org/teams/north-carolina-state,http://collegefootball.ap.org/teams/washington-state,http://collegefootball.ap.org/teams/south-florida,http://collegefootball.ap.org/teams/michigan-state,http://collegefootball.ap.org/teams/ucf,http://collegefootball.ap.org/teams/usc,http://collegefootball.ap.org/teams/stanford,http://collegefootball.ap.org/teams/lsu,http://collegefootball.ap.org/teams/auburn,http://collegefootball.ap.org/teams/texas-am,http://collegefootball.ap.org/teams/west-virginia,http://collegefootball.ap.org/teams/memphis
ross-dellenger,http://collegefootball.ap.org/teams/alabama,http://collegefootball.ap.org/teams/penn-state,http://collegefootball.ap.org/teams/georgia,http://collegefootball.ap.org/teams/wisconsin,http://collegefootball.ap.org/teams/oklahoma,http://collegefootball.ap.org/teams/tcu,http://collegefootball.ap.org/teams/ohio-state,http://collegefootball.ap.org/teams/clemson,http://collegefootball.ap.org/teams/washington,http://collegefootball.ap.org/teams/miami-fl,http://collegefootball.ap.org/teams/south-florida,http://collegefootball.ap.org/teams/notre-dame,http://collegefootball.ap.org/teams/oklahoma-state,http://collegefootball.ap.org/teams/north-carolina-state,http://collegefootball.ap.org/teams/washington-state,http://collegefootball.ap.org/teams/virginia-tech,http://collegefootball.ap.org/teams/michigan-state,http://collegefootball.ap.org/teams/west-virginia,http://collegefootball.ap.org/teams/usc,http://collegefootball.ap.org/teams/lsu,http://collegefootball.ap.org/teams/auburn,http://collegefootball.ap.org/teams/ucf,http://collegefootball.ap.org/teams/stanford,http://collegefootball.ap.org/teams/texas-am,http://collegefootball.ap.org/teams/memphis
ryan-aber,http://collegefootball.ap.org/teams/alabama,http://collegefootball.ap.org/teams/georgia,http://collegefootball.ap.org/teams/tcu,http://collegefootball.ap.org/teams/penn-state,http://collegefootball.ap.org/teams/wisconsin,http://collegefootball.ap.org/teams/miami-fl,http://collegefootball.ap.org/teams/clemson,http://collegefootball.ap.org/teams/notre-dame,http://collegefootball.ap.org/teams/oklahoma,http://collegefootball.ap.org/teams/ohio-state,http://collegefootball.ap.org/teams/oklahoma-state,http://collegefootball.ap.org/teams/michigan-state,http://collegefootball.ap.org/teams/washington-state,http://collegefootball.ap.org/teams/virginia-tech,http://collegefootball.ap.org/teams/washington,http://collegefootball.ap.org/teams/south-florida,http://collegefootball.ap.org/teams/north-carolina-state,http://collegefootball.ap.org/teams/auburn,http://collegefootball.ap.org/teams/ucf,http://collegefootball.ap.org/teams/west-virginia,http://collegefootball.ap.org/teams/usc,http://collegefootball.ap.org/teams/mississippi-state,http://collegefootball.ap.org/teams/stanford,http://collegefootball.ap.org/teams/iowa-state,http://collegefootball.ap.org/teams/memphis
safid-deen,http://collegefootball.ap.org/teams/alabama,http://collegefootball.ap.org/teams/penn-state,http://collegefootball.ap.org/teams/georgia,http://collegefootball.ap.org/teams/tcu,http://collegefootball.ap.org/teams/wisconsin,http://collegefootball.ap.org/teams/miami-fl,http://collegefootball.ap.org/teams/clemson,http://collegefootball.ap.org/teams/oklahoma,http://collegefootball.ap.org/teams/ohio-state,http://collegefootball.ap.org/teams/notre-dame,http://collegefootball.ap.org/teams/oklahoma-state,http://collegefootball.ap.org/teams/washington,http://collegefootball.ap.org/teams/virginia-tech,http://collegefootball.ap.org/teams/ucf,http://collegefootball.ap.org/teams/north-carolina-state,http://collegefootball.ap.org/teams/washington-state,http://collegefootball.ap.org/teams/michigan-state,http://collegefootball.ap.org/teams/auburn,http://collegefootball.ap.org/teams/usc,http://collegefootball.ap.org/teams/michigan,http://collegefootball.ap.org/teams/south-florida,http://collegefootball.ap.org/teams/stanford,http://collegefootball.ap.org/teams/west-virginia,http://collegefootball.ap.org/teams/memphis,http://collegefootball.ap.org/teams/mississippi-state
sam-mckewon,http://collegefootball.ap.org/teams/alabama,http://collegefootball.ap.org/teams/georgia,http://collegefootball.ap.org/teams/penn-state,http://collegefootball.ap.org/teams/wisconsin,http://collegefootball.ap.org/teams/tcu,http://collegefootball.ap.org/teams/ohio-state,http://collegefootball.ap.org/teams/notre-dame,http://collegefootball.ap.org/teams/oklahoma,http://collegefootball.ap.org/teams/miami-fl,http://collegefootball.ap.org/teams/clemson,http://collegefootball.ap.org/teams/oklahoma-state,http://collegefootball.ap.org/teams/washington,http://collegefootball.ap.org/teams/virginia-tech,http://collegefootball.ap.org/teams/washington-state,http://collegefootball.ap.org/teams/michigan-state,http://collegefootball.ap.org/teams/north-carolina-state,http://collegefootball.ap.org/teams/ucf,http://collegefootball.ap.org/teams/south-florida,http://collegefootball.ap.org/teams/usc,http://collegefootball.ap.org/teams/stanford,http://collegefootball.ap.org/teams/auburn,http://collegefootball.ap.org/teams/west-virginia,http://collegefootball.ap.org/teams/texas-am,http://collegefootball.ap.org/teams/mississippi-state,http://collegefootball.ap.org/teams/iowa-state
sammy-batten,http://collegefootball.ap.org/teams/alabama,http://collegefootball.ap.org/teams/penn-state,http://collegefootball.ap.org/teams/georgia,http://collegefootball.ap.org/teams/wisconsin,http://collegefootball.ap.org/teams/tcu,http://collegefootball.ap.org/teams/ohio-state,http://collegefootball.ap.org/teams/miami-fl,http://collegefootball.ap.org/teams/oklahoma,http://collegefootball.ap.org/teams/clemson,http://collegefootball.ap.org/teams/north-carolina-state,http://collegefootball.ap.org/teams/notre-dame,http://collegefootball.ap.org/teams/oklahoma-state,http://collegefootball.ap.org/teams/washington,http://collegefootball.ap.org/teams/virginia-tech,http://collegefootball.ap.org/teams/michigan-state,http://collegefootball.ap.org/teams/south-florida,http://collegefootball.ap.org/teams/washington-state,http://collegefootball.ap.org/teams/michigan,http://collegefootball.ap.org/teams/ucf,http://collegefootball.ap.org/teams/usc,http://collegefootball.ap.org/teams/west-virginia,http://collegefootball.ap.org/teams/auburn,http://collegefootball.ap.org/teams/stanford,http://collegefootball.ap.org/teams/lsu,http://collegefootball.ap.org/teams/san-diego-state
scott-hamilton,http://collegefootball.ap.org/teams/alabama,http://collegefootball.ap.org/teams/georgia,http://collegefootball.ap.org/teams/penn-state,http://collegefootball.ap.org/teams/tcu,http://collegefootball.ap.org/teams/wisconsin,http://collegefootball.ap.org/teams/ohio-state,http://collegefootball.ap.org/teams/miami-fl,http://collegefootball.ap.org/teams/clemson,http://collegefootball.ap.org/teams/notre-dame,http://collegefootball.ap.org/teams/oklahoma-state,http://collegefootball.ap.org/teams/oklahoma,http://collegefootball.ap.org/teams/washington,http://collegefootball.ap.org/teams/washington-state,http://collegefootball.ap.org/teams/virginia-tech,http://collegefootball.ap.org/teams/south-florida,http://collegefootball.ap.org/teams/north-carolina-state,http://collegefootball.ap.org/teams/michigan-state,http://collegefootball.ap.org/teams/ucf,http://collegefootball.ap.org/teams/usc,http://collegefootball.ap.org/teams/stanford,http://collegefootball.ap.org/teams/west-virginia,http://collegefootball.ap.org/teams/lsu,http://collegefootball.ap.org/teams/auburn,http://collegefootball.ap.org/teams/memphis,http://collegefootball.ap.org/teams/iowa-state
scott-wolf,http://collegefootball.ap.org/teams/alabama,http://collegefootball.ap.org/teams/georgia,http://collegefootball.ap.org/teams/penn-state,http://collegefootball.ap.org/teams/tcu,http://collegefootball.ap.org/teams/wisconsin,http://collegefootball.ap.org/teams/ohio-state,http://collegefootball.ap.org/teams/clemson,http://collegefootball.ap.org/teams/miami-fl,http://collegefootball.ap.org/teams/notre-dame,http://collegefootball.ap.org/teams/oklahoma-state,http://collegefootball.ap.org/teams/south-florida,http://collegefootball.ap.org/teams/oklahoma,http://collegefootball.ap.org/teams/washington,http://collegefootball.ap.org/teams/washington-state,http://collegefootball.ap.org/teams/virginia-tech,http://collegefootball.ap.org/teams/auburn,http://collegefootball.ap.org/teams/north-carolina-state,http://collegefootball.ap.org/teams/michigan-state,http://collegefootball.ap.org/teams/stanford,http://collegefootball.ap.org/teams/ucf,http://collegefootball.ap.org/teams/usc,http://collegefootball.ap.org/teams/memphis,http://collegefootball.ap.org/teams/west-virginia,http://collegefootball.ap.org/teams/iowa-state,http://collegefootball.ap.org/teams/lsu
soren-petro,http://collegefootball.ap.org/teams/alabama,http://collegefootball.ap.org/teams/penn-state,http://collegefootball.ap.org/teams/georgia,http://collegefootball.ap.org/teams/ohio-state,http://collegefootball.ap.org/teams/tcu,http://collegefootball.ap.org/teams/clemson,http://collegefootball.ap.org/teams/oklahoma,http://collegefootball.ap.org/teams/wisconsin,http://collegefootball.ap.org/teams/miami-fl,http://collegefootball.ap.org/teams/notre-dame,http://collegefootball.ap.org/teams/oklahoma-state,http://collegefootball.ap.org/teams/washington,http://collegefootball.ap.org/teams/auburn,http://collegefootball.ap.org/teams/north-carolina-state,http://collegefootball.ap.org/teams/virginia-tech,http://collegefootball.ap.org/teams/washington-state,http://collegefootball.ap.org/teams/michigan-state,http://collegefootball.ap.org/teams/usc,http://collegefootball.ap.org/teams/stanford,http://collegefootball.ap.org/teams/michigan,http://collegefootball.ap.org/teams/ucf,http://collegefootball.ap.org/teams/south-florida,http://collegefootball.ap.org/teams/west-virginia,http://collegefootball.ap.org/teams/texas-am,http://collegefootball.ap.org/teams/lsu
steve-batterson,http://collegefootball.ap.org/teams/alabama,http://collegefootball.ap.org/teams/penn-state,http://collegefootball.ap.org/teams/georgia,http://collegefootball.ap.org/teams/tcu,http://collegefootball.ap.org/teams/wisconsin,http://collegefootball.ap.org/teams/ohio-state,http://collegefootball.ap.org/teams/miami-fl,http://collegefootball.ap.org/teams/oklahoma-state,http://collegefootball.ap.org/teams/notre-dame,http://collegefootball.ap.org/teams/washington,http://collegefootball.ap.org/teams/oklahoma,http://collegefootball.ap.org/teams/clemson,http://collegefootball.ap.org/teams/virginia-tech,http://collegefootball.ap.org/teams/michigan-state,http://collegefootball.ap.org/teams/south-florida,http://collegefootball.ap.org/teams/washington-state,http://collegefootball.ap.org/teams/north-carolina-state,http://collegefootball.ap.org/teams/ucf,http://collegefootball.ap.org/teams/auburn,http://collegefootball.ap.org/teams/west-virginia,http://collegefootball.ap.org/teams/stanford,http://collegefootball.ap.org/teams/usc,http://collegefootball.ap.org/teams/memphis,http://collegefootball.ap.org/teams/texas-am,http://collegefootball.ap.org/teams/iowa-state
terry-hutchens,http://collegefootball.ap.org/teams/alabama,http://collegefootball.ap.org/teams/penn-state,http://collegefootball.ap.org/teams/georgia,http://collegefootball.ap.org/teams/tcu,http://collegefootball.ap.org/teams/wisconsin,http://collegefootball.ap.org/teams/ohio-state,http://collegefootball.ap.org/teams/clemson,http://collegefootball.ap.org/teams/miami-fl,http://collegefootball.ap.org/teams/notre-dame,http://collegefootball.ap.org/teams/oklahoma,http://collegefootball.ap.org/teams/oklahoma-state,http://collegefootball.ap.org/teams/washington,http://collegefootball.ap.org/teams/virginia-tech,http://collegefootball.ap.org/teams/washington-state,http://collegefootball.ap.org/teams/north-carolina-state,http://collegefootball.ap.org/teams/michigan-state,http://collegefootball.ap.org/teams/south-florida,http://collegefootball.ap.org/teams/ucf,http://collegefootball.ap.org/teams/auburn,http://collegefootball.ap.org/teams/usc,http://collegefootball.ap.org/teams/stanford,http://collegefootball.ap.org/teams/west-virginia,http://collegefootball.ap.org/teams/memphis,http://collegefootball.ap.org/teams/lsu,http://collegefootball.ap.org/teams/iowa-state
tom-murphy,http://collegefootball.ap.org/teams/alabama,http://collegefootball.ap.org/teams/penn-state,http://collegefootball.ap.org/teams/georgia,http://collegefootball.ap.org/teams/tcu,http://collegefootball.ap.org/teams/clemson,http://collegefootball.ap.org/teams/wisconsin,http://collegefootball.ap.org/teams/miami-fl,http://collegefootball.ap.org/teams/ohio-state,http://collegefootball.ap.org/teams/washington,http://collegefootball.ap.org/teams/virginia-tech,http://collegefootball.ap.org/teams/notre-dame,http://collegefootball.ap.org/teams/oklahoma,http://collegefootball.ap.org/teams/oklahoma-state,http://collegefootball.ap.org/teams/auburn,http://collegefootball.ap.org/teams/north-carolina-state,http://collegefootball.ap.org/teams/south-florida,http://collegefootball.ap.org/teams/michigan-state,http://collegefootball.ap.org/teams/ucf,http://collegefootball.ap.org/teams/washington-state,http://collegefootball.ap.org/teams/iowa-state,http://collegefootball.ap.org/teams/stanford,http://collegefootball.ap.org/teams/texas-am,http://collegefootball.ap.org/teams/usc,http://collegefootball.ap.org/teams/lsu,http://collegefootball.ap.org/teams/memphis
tony-parks,http://collegefootball.ap.org/teams/alabama,http://collegefootball.ap.org/teams/georgia,http://collegefootball.ap.org/teams/penn-state,http://collegefootball.ap.org/teams/tcu,http://collegefootball.ap.org/teams/wisconsin,http://collegefootball.ap.org/teams/clemson,http://collegefootball.ap.org/teams/miami-fl,http://collegefootball.ap.org/teams/notre-dame,http://collegefootball.ap.org/teams/oklahoma,http://collegefootball.ap.org/teams/ohio-state,http://collegefootball.ap.org/teams/oklahoma-state,http://collegefootball.ap.org/teams/washington,http://collegefootball.ap.org/teams/virginia-tech,http://collegefootball.ap.org/teams/washington-state,http://collegefootball.ap.org/teams/south-florida,http://collegefootball.ap.org/teams/north-carolina-state,http://collegefootball.ap.org/teams/ucf,http://collegefootball.ap.org/teams/michigan-state,http://collegefootball.ap.org/teams/auburn,http://collegefootball.ap.org/teams/iowa-state,http://collegefootball.ap.org/teams/west-virginia,http://collegefootball.ap.org/teams/usc,http://collegefootball.ap.org/teams/stanford,http://collegefootball.ap.org/teams/mississippi-state,http://collegefootball.ap.org/teams/memphis
