ferreri01,1933,1,1,2
gehrilo01,1933,1,1,3
gehrich01,1933,1,1,4
dykesji01,1933,1,1,5
cronijo01,1933,1,1,6
chapmbe01,1933,1,1,7
simmoal01,1933,1,1,8
ruthba01,1933,1,1,9
averiea01,1933,1,0,0
dickebi01,1933,1,0,0
foxxji01,1933,1,0,0
lazzeto01,1933,1,0,0
westsa01,1933,1,0,0
wilsoji01,1933,1,1,2
terrybi01,1933,1,1,3
friscfr01,1933,1,1,4
martipe01,1933,1,1,5
bartedi01,1933,1,1,6
hafeych01,1933,1,1,7
bergewa01,1933,1,1,8
kleinch01,1933,1,1,9
cuccito01,1933,1,0,0
engliwo01,1933,1,0,0
hartnga01,1933,1,0,0
odoulle01,1933,1,0,0
traynpi01,1933,1,0,0
wanerpa01,1933,1,0,0
dickebi01,1934,1,1,2
gehrilo01,1934,1,1,3
gehrich01,1934,1,1,4
foxxji01,1934,1,1,5
cronijo01,1934,1,1,6
manushe01,1934,1,1,7
simmoal01,1934,1,1,8
ruthba01,1934,1,1,9
averiea01,1934,1,0,0
chapmbe01,1934,1,0,0
cochrmi01,1934,1,0,0
dykesji01,1934,1,0,0
ferreri01,1934,1,0,0
higgipi01,1934,1,0,0
westsa01,1934,1,0,0
hartnga01,1934,1,1,2
terrybi01,1934,1,1,3
friscfr01,1934,1,1,4
traynpi01,1934,1,1,5
jackstr01,1934,1,1,6
medwijo01,1934,1,1,7
bergewa01,1934,1,1,8
cuyleki01,1934,1,1,9
hermabi01,1934,1,0,0
kleinch01,1934,1,0,0
lopezal01,1934,1,0,0
martipe01,1934,1,0,0
moorejo02,1934,1,0,0
ottme01,1934,1,0,0
vaughar01,1934,1,0,0
wanerpa01,1934,1,0,0
hemslro01,1935,1,1,2
gehrilo01,1935,1,1,3
gehrich01,1935,1,1,4
foxxji01,1935,1,1,5
cronijo01,1935,1,1,6
johnsbo01,1935,1,1,7
simmoal01,1935,1,1,8
vosmijo01,1935,1,1,9
averiea01,1935,1,0,0
bluegos01,1935,1,0,0
chapmbe01,1935,1,0,0
cochrmi01,1935,1,0,0
cramedo01,1935,1,0,0
ferreri01,1935,1,0,0
myerbu01,1935,1,0,0
westsa01,1935,1,0,0
wilsoji01,1935,1,1,2
terrybi01,1935,1,1,3
hermabi01,1935,1,1,4
martipe01,1935,1,1,5
vaughar01,1935,1,1,6
medwijo01,1935,1,1,7
bergewa01,1935,1,1,8
ottme01,1935,1,1,9
colliri02,1935,1,0,0
friscfr01,1935,1,0,0
hartnga01,1935,1,0,0
mancugu01,1935,1,0,0
moorejo02,1935,1,0,0
wanerpa01,1935,1,0,0
whitebu01,1935,1,0,0
ferreri01,1936,1,1,2
gehrilo01,1936,1,1,3
gehrich01,1936,1,1,4
higgipi01,1936,1,1,5
applilu01,1936,1,1,6
radclri01,1936,1,1,7
averiea01,1936,1,1,8
dimagjo01,1936,1,1,9
chapmbe01,1936,1,0,0
crosefr01,1936,1,0,0
dickebi01,1936,1,0,0
foxxji01,1936,1,0,0
gosligo01,1936,1,0,0
hemslro01,1936,1,0,0
selkige01,1936,1,0,0
hartnga01,1936,1,1,2
colliri02,1936,1,1,3
hermabi01,1936,1,1,4
whitnpi01,1936,1,1,5
durocle01,1936,1,1,6
medwijo01,1936,1,1,7
galanau01,1936,1,1,8
demarfr02,1936,1,1,9
bergewa01,1936,1,0,0
lombaer01,1936,1,0,0
martist01,1936,1,0,0
moorejo02,1936,1,0,0
ottme01,1936,1,0,0
riggsle01,1936,1,0,0
suhrgu01,1936,1,0,0
vaughar01,1936,1,0,0
dickebi01,1937,1,1,2
gehrilo01,1937,1,1,3
gehrich01,1937,1,1,4
rolfere01,1937,1,1,5
cronijo01,1937,1,1,6
westsa01,1937,1,1,7
averiea01,1937,1,1,8
dimagjo01,1937,1,1,9
bellbe01,1937,1,0,0
cliftha01,1937,1,0,0
cramedo01,1937,1,0,0
ferreri01,1937,1,0,0
foxxji01,1937,1,0,0
greenha01,1937,1,0,0
moseswa01,1937,1,0,0
myerbu01,1937,1,0,0
sewellu01,1937,1,0,0
walkege02,1937,1,0,0
hartnga01,1937,1,1,2
mizejo01,1937,1,1,3
hermabi01,1937,1,1,4
vaughar01,1937,1,1,5
bartedi01,1937,1,1,6
medwijo01,1937,1,1,7
demarfr02,1937,1,1,8
wanerpa01,1937,1,1,9
colliri02,1937,1,0,0
jurgebi01,1937,1,0,0
lombaer01,1937,1,0,0
mancugu01,1937,1,0,0
martipe01,1937,1,0,0
moorege03,1937,1,0,0
moorejo02,1937,1,0,0
ottme01,1937,1,0,0
whitebu01,1937,1,0,0
dickebi01,1938,1,1,2
foxxji01,1938,1,1,3
gehrich01,1938,1,1,4
lewisbu01,1938,1,1,5
cronijo01,1938,1,1,6
kreevmi01,1938,1,1,7
averiea01,1938,1,1,8
dimagjo01,1938,1,1,9
cramedo01,1938,1,0,0
ferreri01,1938,1,0,0
gehrilo01,1938,1,0,0
greenha01,1938,1,0,0
johnsbo01,1938,1,0,0
rolfere01,1938,1,0,0
travice01,1938,1,0,0
yorkru01,1938,1,0,0
lombaer01,1938,1,1,2
mccorfr01,1938,1,1,3
hermabi01,1938,1,1,4
hackst01,1938,1,1,5
durocle01,1938,1,1,6
medwijo01,1938,1,1,7
ottme01,1938,1,1,8
goodmiv01,1938,1,1,9
cuccito01,1938,1,0,0
danniha01,1938,1,0,0
hartnga01,1938,1,0,0
lavagco01,1938,1,0,0
leibeha01,1938,1,0,0
martihe01,1938,1,0,0
moorejo02,1938,1,0,0
phelpba01,1938,1,0,0
vaughar01,1938,1,0,0
wanerll01,1938,1,0,0
dickebi01,1939,1,1,2
greenha01,1939,1,1,3
gordojo01,1939,1,1,4
rolfere01,1939,1,1,5
cronijo01,1939,1,1,6
selkige01,1939,1,1,7
dimagjo01,1939,1,1,8
cramedo01,1939,1,1,9
applilu01,1939,1,0,0
casege01,1939,1,0,0
crosefr01,1939,1,0,0
foxxji01,1939,1,0,0
gehrilo01,1939,1,0,0
hayesfr01,1939,1,0,0
hemslro01,1939,1,0,0
hoagmy01,1939,1,0,0
johnsbo01,1939,1,0,0
mcquige02,1939,1,0,0
lombaer01,1939,1,1,2
mccorfr01,1939,1,1,3
freylo01,1939,1,1,4
hackst01,1939,1,1,5
vaughar01,1939,1,1,6
medwijo01,1939,1,1,7
ottme01,1939,1,1,8
goodmiv01,1939,1,1,9
arnovmo01,1939,1,0,0
camildo01,1939,1,0,0
danniha01,1939,1,0,0
hermabi01,1939,1,0,0
jurgebi01,1939,1,0,0
lavagco01,1939,1,0,0
mizejo01,1939,1,0,0
moorete01,1939,1,0,0
phelpba01,1939,1,0,0
dickebi01,1940,1,1,2
foxxji01,1940,1,1,3
gordojo01,1940,1,1,4
travice01,1940,1,1,5
applilu01,1940,1,1,6
willite01,1940,1,1,7
dimagjo01,1940,1,1,8
kellech01,1940,1,1,9
boudrlo01,1940,1,0,0
cramedo01,1940,1,0,0
finnelo01,1940,1,0,0
greenha01,1940,1,0,0
hayesfr01,1940,1,0,0
hemslro01,1940,1,0,0
johnsbo01,1940,1,0,0
keltnke01,1940,1,0,0
mackra01,1940,1,0,0
mcquige02,1940,1,0,0
rolfere01,1940,1,0,0
lombaer01,1940,1,1,2
mizejo01,1940,1,1,3
hermabi01,1940,1,1,4
lavagco01,1940,1,1,5
vaughar01,1940,1,1,6
medwijo01,1940,1,1,7
moorete01,1940,1,1,8
westma02,1940,1,1,9
coscape01,1940,1,0,0
danniha01,1940,1,0,0
durocle01,1940,1,0,0
jurgebi01,1940,1,0,0
leibeha01,1940,1,0,0
maypi01,1940,1,0,0
mccorfr01,1940,1,0,0
milleed03,1940,1,0,0
moorejo02,1940,1,0,0
nichobi01,1940,1,0,0
ottme01,1940,1,0,0
phelpba01,1940,1,0,0
dickebi01,1941,1,1,2
yorkru01,1941,1,1,3
doerrbo01,1941,1,1,4
travice01,1941,1,1,5
cronijo01,1941,1,1,6
willite01,1941,1,1,7
dimagjo01,1941,1,1,8
heathje01,1941,1,1,9
applilu01,1941,1,0,0
boudrlo01,1941,1,0,0
cullero01,1941,1,0,0
dimagdo01,1941,1,0,0
foxxji01,1941,1,0,0
gordojo01,1941,1,0,0
hayesfr01,1941,1,0,0
kellech01,1941,1,0,0
keltnke01,1941,1,0,0
tebbebi01,1941,1,0,0
owenmi01,1941,1,1,2
mizejo01,1941,1,1,3
freylo01,1941,1,1,4
hackst01,1941,1,1,5
vaughar01,1941,1,1,6
moorete01,1941,1,1,7
reisepe01,1941,1,1,8
nichobi01,1941,1,1,9
camildo01,1941,1,0,0
danniha01,1941,1,0,0
elliobo01,1941,1,0,0
hermabi01,1941,1,0,0
lavagco01,1941,1,0,0
leibeha01,1941,1,0,0
lopezal01,1941,1,0,0
mccorfr01,1941,1,0,0
medwijo01,1941,1,0,0
milleed03,1941,1,0,0
ottme01,1941,1,0,0
slaugen01,1941,1,0,0
tebbebi01,1942,1,1,2
yorkru01,1942,1,1,3
gordojo01,1942,1,1,4
keltnke01,1942,1,1,5
boudrlo01,1942,1,1,6
willite01,1942,1,1,7
dimagjo01,1942,1,1,8
henrito01,1942,1,1,9
dickebi01,1942,1,0,0
dimagdo01,1942,1,0,0
doerrbo01,1942,1,0,0
johnsbo01,1942,1,0,0
mcquige02,1942,1,0,0
rizzuph01,1942,1,0,0
rosarbu01,1942,1,0,0
spencst01,1942,1,0,0
wagneha01,1942,1,0,0
coopewa01,1942,1,1,2
mizejo01,1942,1,1,3
brownji03,1942,1,1,4
vaughar01,1942,1,1,5
milleed03,1942,1,1,6
medwijo01,1942,1,1,7
reisepe01,1942,1,1,8
ottme01,1942,1,1,9
elliobo01,1942,1,0,0
hermabi01,1942,1,0,0
litwhda01,1942,1,0,0
lombaer01,1942,1,0,0
marshwi01,1942,1,0,0
mccorfr01,1942,1,0,0
moorete01,1942,1,0,0
owenmi01,1942,1,0,0
reesepe01,1942,1,0,0
slaugen01,1942,1,0,0
earlyja01,1943,1,1,2
siebedi01,1943,1,1,3
doerrbo01,1943,1,1,4
keltnke01,1943,1,1,5
stephve01,1943,1,1,6
wakefdi01,1943,1,1,7
laabsch01,1943,1,1,8
casege01,1943,1,1,9
applilu01,1943,1,0,0
boudrlo01,1943,1,0,0
dickebi01,1943,1,0,0
gordojo01,1943,1,0,0
heathje01,1943,1,0,0
johnsbo01,1943,1,0,0
kellech01,1943,1,0,0
lindejo01,1943,1,0,0
rosarbu01,1943,1,0,0
yorkru01,1943,1,0,0
coopewa01,1943,1,1,2
fletcel01,1943,1,1,3
hermabi01,1943,1,1,4
hackst01,1943,1,1,5
marioma01,1943,1,1,6
musiast01,1943,1,1,7
walkeha01,1943,1,1,8
nichobi01,1943,1,1,9
dahlgba01,1943,1,0,0
dimagvi01,1943,1,0,0
freylo01,1943,1,0,0
galanau01,1943,1,0,0
kurowwh01,1943,1,0,0
lombaer01,1943,1,0,0
mccorfr01,1943,1,0,0
milleed03,1943,1,0,0
ottme01,1943,1,0,0
owenmi01,1943,1,0,0
walkedi02,1943,1,0,0
hemslro01,1944,1,1,2
mcquige02,1944,1,1,3
doerrbo01,1944,1,1,4
keltnke01,1944,1,1,5
stephve01,1944,1,1,6
johnsbo01,1944,1,1,7
tucketh01,1944,1,1,8
spencst01,1944,1,1,9
boudrlo01,1944,1,0,0
casege01,1944,1,0,0
cullero01,1944,1,0,0
ferreri01,1944,1,0,0
foxpe01,1944,1,0,0
hayesfr01,1944,1,0,0
higgipi01,1944,1,0,0
hockeor01,1944,1,0,0
yorkru01,1944,1,0,0
coopewa01,1944,1,1,2
cavarph01,1944,1,1,3
ryanco01,1944,1,1,4
elliobo01,1944,1,1,5
marioma01,1944,1,1,6
galanau01,1944,1,1,7
musiast01,1944,1,1,8
walkedi02,1944,1,1,9
dimagvi01,1944,1,0,0
johnsdo02,1944,1,0,0
kurowwh01,1944,1,0,0
mccorfr01,1944,1,0,0
medwijo01,1944,1,0,0
milleed03,1944,1,0,0
muellra01,1944,1,0,0
nichobi01,1944,1,0,0
ottme01,1944,1,0,0
owenmi01,1944,1,0,0
boudrlo01,1945,1,0,0
casege01,1945,1,0,0
cuccito01,1945,1,0,0
ettenni01,1945,1,0,0
ferreri01,1945,1,0,0
greenha01,1945,1,0,0
grimeos01,1945,1,0,0
hayesfr01,1945,1,0,0
johnsbo01,1945,1,0,0
mayoed01,1945,1,0,0
mcquige02,1945,1,0,0
moseswa01,1945,1,0,0
stephve01,1945,1,0,0
stirnsn01,1945,1,0,0
treshmi01,1945,1,0,0
cavarph01,1945,1,0,0
elliobo01,1945,1,0,0
hackst01,1945,1,0,0
holmeto01,1945,1,0,0
johnsdo02,1945,1,0,0
kurowwh01,1945,1,0,0
lombaer01,1945,1,0,0
marioma01,1945,1,0,0
masiph01,1945,1,0,0
mccorfr01,1945,1,0,0
nichobi01,1945,1,0,0
odeake01,1945,1,0,0
ottme01,1945,1,0,0
pafkoan01,1945,1,0,0
rosengo01,1945,1,0,0
verbaem01,1945,1,0,0
walkedi02,1945,1,0,0
hayesfr01,1946,1,1,2
vernomi01,1946,1,1,3
doerrbo01,1946,1,1,4
keltnke01,1946,1,1,5
peskyjo01,1946,1,1,6
willite01,1946,1,1,7
dimagdo01,1946,1,1,8
kellech01,1946,1,1,9
applilu01,1946,1,0,0
chapmsa01,1946,1,0,0
dickebi01,1946,1,0,0
dimagjo01,1946,1,0,0
gordojo01,1946,1,0,0
rosarbu01,1946,1,0,0
spencst01,1946,1,0,0
stephve01,1946,1,0,0
stirnsn01,1946,1,0,0
wagneha01,1946,1,0,0
yorkru01,1946,1,0,0
coopewa01,1946,1,1,2
mizejo01,1946,1,1,3
schoere01,1946,1,1,4
kurowwh01,1946,1,1,5
marioma01,1946,1,1,6
musiast01,1946,1,1,7
hoppjo01,1946,1,1,8
walkedi02,1946,1,1,9
cavarph01,1946,1,0,0
ennisde01,1946,1,0,0
gustifr01,1946,1,0,0
lamanra01,1946,1,0,0
lowrepe01,1946,1,0,0
masiph01,1946,1,0,0
mccorfr01,1946,1,0,0
milleed03,1946,1,0,0
reesepe01,1946,1,0,0
reisepe01,1946,1,0,0
slaugen01,1946,1,0,0
verbaem01,1946,1,0,0
rosarbu01,1947,1,1,2
mcquige02,1947,1,1,3
gordojo01,1947,1,1,4
kellge01,1947,1,1,5
boudrlo01,1947,1,1,6
willite01,1947,1,1,7
dimagjo01,1947,1,1,8
lewisbu01,1947,1,1,9
applilu01,1947,1,0,0
doerrbo01,1947,1,0,0
heganji01,1947,1,0,0
henrito01,1947,1,0,0
johnsbi03,1947,1,0,0
kellech01,1947,1,0,0
mullipa01,1947,1,0,0
robinaa01,1947,1,0,0
spencst01,1947,1,0,0
yorkru01,1947,1,0,0
coopewa01,1947,1,1,2
mizejo01,1947,1,1,3
verbaem01,1947,1,1,4
gustifr01,1947,1,1,5
marioma01,1947,1,1,6
slaugen01,1947,1,1,7
walkeha01,1947,1,1,8
walkedi02,1947,1,1,9
cavarph01,1947,1,0,0
edwarbr01,1947,1,0,0
elliobo01,1947,1,0,0
haasbe01,1947,1,0,0
kurowwh01,1947,1,0,0
marshwi01,1947,1,0,0
masiph01,1947,1,0,0
milleed03,1947,1,0,0
musiast01,1947,1,0,0
pafkoan01,1947,1,0,0
reesepe01,1947,1,0,0
stanked01,1947,1,0,0
rosarbu01,1948,1,1,2
mcquige02,1948,1,1,3
gordojo01,1948,1,1,4
keltnke01,1948,1,1,5
boudrlo01,1948,1,1,6
henrito01,1948,1,1,7
eversho01,1948,1,1,8
mullipa01,1948,1,1,9
berrayo01,1948,1,0,0
dimagjo01,1948,1,0,0
doerrbo01,1948,1,0,0
kellge01,1948,1,0,0
stephve01,1948,1,0,0
tebbebi01,1948,1,0,0
vernomi01,1948,1,0,0
willite01,1948,1,0,0
zarilal01,1948,1,0,0
coopewa01,1948,1,1,2
mizejo01,1948,1,1,3
schoere01,1948,1,1,4
pafkoan01,1948,1,1,5
reesepe01,1948,1,1,6
musiast01,1948,1,1,7
ashburi01,1948,1,1,8
slaugen01,1948,1,1,9
elliobo01,1948,1,0,0
gordosi01,1948,1,0,0
gustifr01,1948,1,0,0
holmeto01,1948,1,0,0
kerrbu01,1948,1,0,0
kinerra01,1948,1,0,0
marioma01,1948,1,0,0
masiph01,1948,1,0,0
mcculcl01,1948,1,0,0
rignebi01,1948,1,0,0
stanked01,1948,1,0,0
thomsbo01,1948,1,0,0
waitked01,1948,1,0,0
tebbebi01,1949,1,1,2
robined01,1949,1,1,3
michaca01,1949,1,1,4
kellge01,1949,1,1,5
joosted01,1949,1,1,6
willite01,1949,1,1,7
dimagjo01,1949,1,1,8
dimagdo01,1949,1,1,9
berrayo01,1949,1,0,0
dillibo01,1949,1,0,0
dobyla01,1949,1,0,0
goodmbi01,1949,1,0,0
gordojo01,1949,1,0,0
heganji01,1949,1,0,0
henrito01,1949,1,0,0
mitchda01,1949,1,0,0
stephve01,1949,1,0,0
wertzvi01,1949,1,0,0
seminan01,1949,1,1,2
mizejo01,1949,1,1,3
robinja02,1949,1,1,4
reesepe01,1949,1,1,6
kinerra01,1949,1,1,7
musiast01,1949,1,1,8
marshwi01,1949,1,1,9
camparo01,1949,1,0,0
coopewa01,1949,1,0,0
gordosi01,1949,1,0,0
hodgegi01,1949,1,0,0
marioma01,1949,1,0,0
pafkoan01,1949,1,0,0
schoere01,1949,1,0,0
slaugen01,1949,1,0,0
thomsbo01,1949,1,0,0
waitked01,1949,1,0,0
berrayo01,1950,1,1,2
dropowa01,1950,1,1,3
doerrbo01,1950,1,1,4
kellge01,1950,1,1,5
rizzuph01,1950,1,1,6
willite01,1950,1,1,7
dobyla01,1950,1,1,8
eversho01,1950,1,1,9
colemje01,1950,1,0,0
dimagdo01,1950,1,0,0
dimagjo01,1950,1,0,0
fainfe01,1950,1,0,0
heganji01,1950,1,0,0
henrito01,1950,1,0,0
lollash01,1950,1,0,0
michaca01,1950,1,0,0
stephve01,1950,1,0,0
camparo01,1950,1,1,2
musiast01,1950,1,1,3
robinja02,1950,1,1,4
joneswi01,1950,1,1,5
marioma01,1950,1,1,6
kinerra01,1950,1,1,7
slaugen01,1950,1,1,8
sauerha01,1950,1,1,9
coopewa01,1950,1,0,0
hodgegi01,1950,1,0,0
pafkoan01,1950,1,0,0
reesepe01,1950,1,0,0
schoere01,1950,1,0,0
sisledi01,1950,1,0,0
snidedu01,1950,1,0,0
stanked01,1950,1,0,0
wyrosjo01,1950,1,0,0
berrayo01,1951,1,1,2
fainfe01,1951,1,1,3
foxne01,1951,1,1,4
kellge01,1951,1,1,5
carrach01,1951,1,1,6
willite01,1951,1,1,7
dimagdo01,1951,1,1,8
wertzvi01,1951,1,1,9
busbyji01,1951,1,0,0
dimagjo01,1951,1,0,0
dobyla01,1951,1,0,0
doerrbo01,1951,1,0,0
heganji01,1951,1,0,0
minosmi01,1951,1,0,0
rizzuph01,1951,1,0,0
robined01,1951,1,0,0
stephve01,1951,1,0,0
camparo01,1951,1,1,2
hodgegi01,1951,1,1,3
robinja02,1951,1,1,4
elliobo01,1951,1,1,5
darkal01,1951,1,1,6
musiast01,1951,1,1,7
ashburi01,1951,1,1,8
ennisde01,1951,1,1,9
edwarbr01,1951,1,0,0
joneswi01,1951,1,0,0
kinerra01,1951,1,0,0
reesepe01,1951,1,0,0
schoere01,1951,1,0,0
slaugen01,1951,1,0,0
snidedu01,1951,1,0,0
westlwa01,1951,1,0,0
wyrosjo01,1951,1,0,0
berrayo01,1952,1,1,2
robined01,1952,1,1,3
avilabo01,1952,1,1,4
rosenal01,1952,1,1,5
rizzuph01,1952,1,1,6
mitchda01,1952,1,1,7
dimagdo01,1952,1,1,8
bauerha01,1952,1,1,9
dobyla01,1952,1,0,0
fainfe01,1952,1,0,0
foxne01,1952,1,0,0
heganji01,1952,1,0,0
jenseja01,1952,1,0,0
joosted01,1952,1,0,0
kellge01,1952,1,0,0
mantlmi01,1952,1,0,0
mcdougi01,1952,1,0,0
minosmi01,1952,1,0,0
wertzvi01,1952,1,0,0
yosted01,1952,1,0,0
camparo01,1952,1,1,2
lockmwh01,1952,1,1,3
robinja02,1952,1,1,4
thomsbo01,1952,1,1,5
hamnegr01,1952,1,1,6
sauerha01,1952,1,1,7
musiast01,1952,1,1,8
slaugen01,1952,1,1,9
atwelto01,1952,1,0,0
darkal01,1952,1,0,0
furilca01,1952,1,0,0
hattogr01,1952,1,0,0
hodgegi01,1952,1,0,0
irvinmo01,1952,1,0,0
kinerra01,1952,1,0,0
reesepe01,1952,1,0,0
schoere01,1952,1,0,0
snidedu01,1952,1,0,0
westrwe01,1952,1,0,0
berrayo01,1953,1,1,2
vernomi01,1953,1,1,3
goodmbi01,1953,1,1,4
rosenal01,1953,1,1,5
carrach01,1953,1,1,6
zernigu01,1953,1,1,7
mantlmi01,1953,1,1,8
bauerha01,1953,1,1,9
dobyla01,1953,1,0,0
fainfe01,1953,1,0,0
foxne01,1953,1,0,0
huntebi03,1953,1,0,0
kellge01,1953,1,0,0
kuennha01,1953,1,0,0
minosmi01,1953,1,0,0
mizejo01,1953,1,0,0
rizzuph01,1953,1,0,0
robined01,1953,1,0,0
whitesa02,1953,1,0,0
willite01,1953,1,0,0
camparo01,1953,1,1,2
kluszte01,1953,1,1,3
schoere01,1953,1,1,4
matheed01,1953,1,1,5
reesepe01,1953,1,1,6
musiast01,1953,1,1,7
bellgu01,1953,1,1,8
slaugen01,1953,1,1,9
ashburi01,1953,1,0,0
crandde01,1953,1,0,0
furilca01,1953,1,0,0
hamnegr01,1953,1,0,0
hodgegi01,1953,1,0,0
kinerra01,1953,1,0,0
mcculcl01,1953,1,0,0
ricede01,1953,1,0,0
robinja02,1953,1,0,0
snidedu01,1953,1,0,0
westrwe01,1953,1,0,0
willida03,1953,1,0,0
berrayo01,1954,1,1,2
rosenal01,1954,1,1,3
avilabo01,1954,1,1,4
boonera01,1954,1,1,5
carrach01,1954,1,1,6
minosmi01,1954,1,1,7
mantlmi01,1954,1,1,8
bauerha01,1954,1,1,9
dobyla01,1954,1,0,0
fainfe01,1954,1,0,0
finigji01,1954,1,0,0
foxne01,1954,1,0,0
kellge01,1954,1,0,0
kuennha01,1954,1,0,0
lollash01,1954,1,0,0
norenir01,1954,1,0,0
piersji01,1954,1,0,0
vernomi01,1954,1,0,0
willite01,1954,1,0,0
camparo01,1954,1,1,2
kluszte01,1954,1,1,3
hamnegr01,1954,1,1,4
jablora01,1954,1,1,5
darkal01,1954,1,1,6
robinja02,1954,1,1,7
snidedu01,1954,1,1,8
musiast01,1954,1,1,9
bellgu01,1954,1,0,0
burgesm01,1954,1,0,0
crandde01,1954,1,0,0
hodgegi01,1954,1,0,0
jacksra01,1954,1,0,0
mayswi01,1954,1,0,0
muelldo01,1954,1,0,0
reesepe01,1954,1,0,0
schoere01,1954,1,0,0
thomafr03,1954,1,0,0
berrayo01,1955,1,1,2
vernomi01,1955,1,1,3
foxne01,1955,1,1,4
finigji01,1955,1,1,5
kuennha01,1955,1,1,6
willite01,1955,1,1,7
mantlmi01,1955,1,1,8
kalinal01,1955,1,1,9
avilabo01,1955,1,0,0
carrach01,1955,1,0,0
dobyla01,1955,1,0,0
jenseja01,1955,1,0,0
lollash01,1955,1,0,0
powervi01,1955,1,0,0
rosenal01,1955,1,0,0
smithal04,1955,1,0,0
crandde01,1955,1,1,2
kluszte01,1955,1,1,3
schoere01,1955,1,1,4
matheed01,1955,1,1,5
bankser01,1955,1,1,6
ennisde01,1955,1,1,7
snidedu01,1955,1,1,8
muelldo01,1955,1,1,9
aaronha01,1955,1,0,0
bakerge02,1955,1,0,0
burgesm01,1955,1,0,0
camparo01,1955,1,0,0
hodgegi01,1955,1,0,0
jacksra01,1955,1,0,0
loganjo01,1955,1,0,0
lopatst01,1955,1,0,0
mayswi01,1955,1,0,0
musiast01,1955,1,0,0
thomafr03,1955,1,0,0
berrayo01,1956,1,1,2
vernomi01,1956,1,1,3
foxne01,1956,1,1,4
kellge01,1956,1,1,5
kuennha01,1956,1,1,6
willite01,1956,1,1,7
mantlmi01,1956,1,1,8
kalinal01,1956,1,1,9
boonera01,1956,1,0,0
lollash01,1956,1,0,0
martibi02,1956,1,0,0
maxwech01,1956,1,0,0
mcdougi01,1956,1,0,0
piersji01,1956,1,0,0
powervi01,1956,1,0,0
sievero01,1956,1,0,0
simpsha01,1956,1,0,0
baileed01,1956,1,1,2
longda02,1956,1,1,3
templjo01,1956,1,1,4
boyerke01,1956,1,1,5
mcmilro01,1956,1,1,6
robinfr02,1956,1,1,7
bellgu01,1956,1,1,8
musiast01,1956,1,1,9
aaronha01,1956,1,0,0
bankser01,1956,1,0,0
camparo01,1956,1,0,0
crandde01,1956,1,0,0
gilliji01,1956,1,0,0
kluszte01,1956,1,0,0
lopatst01,1956,1,0,0
matheed01,1956,1,0,0
mayswi01,1956,1,0,0
repulri01,1956,1,0,0
snidedu01,1956,1,0,0
berrayo01,1957,1,1,2
wertzvi01,1957,1,1,3
foxne01,1957,1,1,4
kellge01,1957,1,1,5
kuennha01,1957,1,1,6
willite01,1957,1,1,7
mantlmi01,1957,1,1,8
kalinal01,1957,1,1,9
demaejo01,1957,1,0,0
howarel01,1957,1,0,0
malzofr01,1957,1,0,0
maxwech01,1957,1,0,0
mcdougi01,1957,1,0,0
minosmi01,1957,1,0,0
richabo01,1957,1,0,0
sievero01,1957,1,0,0
skowrbi01,1957,1,0,0
triangu01,1957,1,0,0
baileed01,1957,1,1,2
musiast01,1957,1,1,3
templjo01,1957,1,1,4
hoakdo01,1957,1,1,5
mcmilro01,1957,1,1,6
robinfr02,1957,1,1,7
mayswi01,1957,1,1,8
aaronha01,1957,1,1,9
bankser01,1957,1,0,0
bellgu01,1957,1,0,0
cimolgi01,1957,1,0,0
foileha01,1957,1,0,0
hodgegi01,1957,1,0,0
loganjo01,1957,1,0,0
matheed01,1957,1,0,0
moonwa01,1957,1,0,0
schoere01,1957,1,0,0
smithha09,1957,1,0,0
triangu01,1958,1,1,2
skowrbi01,1958,1,1,3
foxne01,1958,1,1,4
malzofr01,1958,1,1,5
aparilu01,1958,1,1,6
cervbo01,1958,1,1,7
mantlmi01,1958,1,1,8
jenseja01,1958,1,1,9
berrayo01,1958,1,0,0
bridgro01,1958,1,0,0
howarel01,1958,1,0,0
kalinal01,1958,1,0,0
kubekto01,1958,1,0,0
kuennha01,1958,1,0,0
lollash01,1958,1,0,0
mcdougi01,1958,1,0,0
vernomi01,1958,1,0,0
willite01,1958,1,0,0
crandde01,1958,1,1,2
musiast01,1958,1,1,3
mazerbi01,1958,1,1,4
thomafr03,1958,1,1,5
bankser01,1958,1,1,6
skinnbo01,1958,1,1,7
mayswi01,1958,1,1,8
aaronha01,1958,1,1,9
ashburi01,1958,1,0,0
blasido01,1958,1,0,0
crowege01,1958,1,0,0
loganjo01,1958,1,0,0
matheed01,1958,1,0,0
morynwa01,1958,1,0,0
rosebjo01,1958,1,0,0
schmibo02,1958,1,0,0
wallsle01,1958,1,0,0
berrayo01,1959,2,1,2
triangu01,1959,2,1,2
runnepe01,1959,2,1,3
skowrbi01,1959,2,1,3
foxne01,1959,2,2,4
killeha01,1959,2,1,5
malzofr01,1959,2,1,5
aparilu01,1959,2,2,6
minosmi01,1959,2,1,7
willite01,1959,2,1,7
kalinal01,1959,2,1,8
mantlmi01,1959,2,1,8
colavro01,1959,2,1,9
marisro01,1959,1,1,9
allisbo01,1959,1,0,0
howarel01,1959,1,0,0
kubekto01,1959,1,0,0
kuennha01,1959,1,0,0
lollash01,1959,1,0,0
mcdougi01,1959,1,0,0
powervi01,1959,1,0,0
richabo01,1959,1,0,0
sievero01,1959,1,0,0
woodlge01,1959,1,0,0
crandde01,1959,2,2,2
cepedor01,1959,2,1,3
musiast01,1959,2,1,3
templjo01,1959,2,2,4
boyerke01,1959,2,1,5
matheed01,1959,2,1,5
bankser01,1959,2,2,6
moonwa01,1959,2,2,7
mayswi01,1959,2,2,8
aaronha01,1959,2,2,9
burgesm01,1959,1,0,0
cunnijo01,1959,1,0,0
gilliji01,1959,1,0,0
groatdi01,1959,1,0,0
loganjo01,1959,1,0,0
mazerbi01,1959,1,0,0
nealch01,1959,1,0,0
pinsova01,1959,1,0,0
robinfr02,1959,1,0,0
smithha09,1959,1,0,0
whitebi03,1959,1,0,0
berrayo01,1960,2,2,2
skowrbi01,1960,2,2,3
runnepe01,1960,2,2,4
malzofr01,1960,2,2,5
hansero02,1960,2,2,6
minosmi01,1960,2,2,7
mantlmi01,1960,2,2,8
marisro01,1960,2,2,9
aparilu01,1960,1,0,0
foxne01,1960,1,0,0
gentiji01,1960,1,0,0
howarel01,1960,1,0,0
kalinal01,1960,1,0,0
kuennha01,1960,1,0,0
lemonji01,1960,1,0,0
lollash01,1960,1,0,0
powervi01,1960,1,0,0
robinbr01,1960,1,0,0
smithal04,1960,1,0,0
willite01,1960,1,0,0
crandde01,1960,2,2,2
adcocjo01,1960,2,2,3
mazerbi01,1960,2,2,4
matheed01,1960,2,2,5
bankser01,1960,2,2,6
skinnbo01,1960,2,2,7
mayswi01,1960,2,2,8
aaronha01,1960,2,2,9
baileed01,1960,1,0,0
boyerke01,1960,1,0,0
burgesm01,1960,1,0,0
cepedor01,1960,1,0,0
clemero01,1960,1,0,0
groatdi01,1960,1,0,0
larkeno01,1960,1,0,0
musiast01,1960,1,0,0
nealch01,1960,1,0,0
pinsova01,1960,1,0,0
tayloto02,1960,1,0,0
whitebi03,1960,1,0,0
romanjo01,1961,2,2,2
cashno01,1961,2,2,3
templjo01,1961,2,2,4
robinbr01,1961,2,2,5
aparilu01,1961,1,1,6
kubekto01,1961,2,1,6
colavro01,1961,2,2,7
mantlmi01,1961,2,2,8
kalinal01,1961,2,1,9
marisro01,1961,2,1,9
berrayo01,1961,1,0,0
brandja01,1961,1,0,0
foxne01,1961,1,0,0
francti01,1961,1,0,0
gentiji01,1961,1,0,0
howarel01,1961,1,0,0
howsedi01,1961,1,0,0
killeha01,1961,1,0,0
sievero01,1961,1,0,0
skowrbi01,1961,1,0,0
burgesm01,1961,2,2,2
whitebi03,1961,2,2,3
bollifr01,1961,2,2,4
matheed01,1961,2,2,5
willsma01,1961,2,2,6
cepedor01,1961,2,2,7
mayswi01,1961,2,2,8
clemero01,1961,2,2,9
aaronha01,1961,1,0,0
altmage01,1961,1,0,0
baileed01,1961,1,0,0
bankser01,1961,1,0,0
boyerke01,1961,1,0,0
kaskoed01,1961,1,0,0
musiast01,1961,1,0,0
robinfr02,1961,1,0,0
rosebjo01,1961,1,0,0
stuardi01,1961,1,0,0
zimmedo01,1961,1,0,0
batteea01,1962,2,2,2
gentiji01,1962,2,2,3
moranbi02,1962,2,2,4
rolliri01,1962,2,2,5
aparilu01,1962,2,2,6
wagnele01,1962,2,2,7
marisro01,1962,2,2,8
colavro01,1962,2,1,9
mantlmi01,1962,2,1,9
berrayo01,1962,1,0,0
howarel01,1962,1,0,0
kalinal01,1962,1,0,0
landiji01,1962,1,0,0
richabo01,1962,1,0,0
robinbr01,1962,1,0,0
romanjo01,1962,1,0,0
runnepe01,1962,1,0,0
siebeno01,1962,1,0,0
thomale03,1962,1,0,0
treshto01,1962,1,0,0
crandde01,1962,2,2,2
cepedor01,1962,2,2,3
mazerbi01,1962,2,2,4
boyerke01,1962,2,2,5
groatdi01,1962,2,2,6
davisto02,1962,2,2,7
mayswi01,1962,2,2,8
clemero01,1962,2,2,9
aaronha01,1962,1,0,0
aloufe01,1962,1,0,0
altmage01,1962,1,0,0
ashburi01,1962,1,0,0
bankser01,1962,1,0,0
bollifr01,1962,1,0,0
callijo01,1962,1,0,0
davenji01,1962,1,0,0
matheed01,1962,1,0,0
musiast01,1962,1,0,0
robinfr02,1962,1,0,0
rosebjo01,1962,1,0,0
willibi01,1962,1,0,0
willsma01,1962,1,0,0
batteea01,1963,1,1,2
pepitjo01,1963,1,1,3
foxne01,1963,1,1,4
malzofr01,1963,1,1,5
versazo01,1963,1,1,6
wagnele01,1963,1,1,7
pearsal02,1963,1,1,8
kalinal01,1963,1,1,9
allisbo01,1963,1,0,0
aparilu01,1963,1,0,0
howarel01,1963,1,0,0
killeha01,1963,1,0,0
mantlmi01,1963,1,0,0
richabo01,1963,1,0,0
robinbr01,1963,1,0,0
siebeno01,1963,1,0,0
treshto01,1963,1,0,0
yastrca01,1963,1,0,0
baileed01,1963,1,1,2
whitebi03,1963,1,1,3
javieju01,1963,1,1,4
boyerke01,1963,1,1,5
groatdi01,1963,1,1,6
davisto02,1963,1,1,7
mayswi01,1963,1,1,8
aaronha01,1963,1,1,9
cepedor01,1963,1,0,0
clemero01,1963,1,0,0
edwarjo01,1963,1,0,0
mazerbi01,1963,1,0,0
mccovwi01,1963,1,0,0
musiast01,1963,1,0,0
santoro01,1963,1,0,0
snidedu01,1963,1,0,0
torrejo01,1963,1,0,0
willsma01,1963,1,0,0
howarel01,1964,1,1,2
allisbo01,1964,1,1,3
richabo01,1964,1,1,4
robinbr01,1964,1,1,5
fregoji01,1964,1,1,6
killeha01,1964,1,1,7
mantlmi01,1964,1,1,8
olivato01,1964,1,1,9
aparilu01,1964,1,0,0
bressed01,1964,1,0,0
colavro01,1964,1,0,0
freehbi01,1964,1,0,0
hallji02,1964,1,0,0
hintoch01,1964,1,0,0
kalinal01,1964,1,0,0
lumpeje01,1964,1,0,0
malzofr01,1964,1,0,0
pepitjo01,1964,1,0,0
siebeno01,1964,1,0,0
torrejo01,1964,1,1,2
cepedor01,1964,1,1,3
huntro01,1964,1,1,4
boyerke01,1964,1,1,5
groatdi01,1964,1,1,6
willibi01,1964,1,1,7
mayswi01,1964,1,1,8
clemero01,1964,1,1,9
aaronha01,1964,1,0,0
burgesm01,1964,1,0,0
callijo01,1964,1,0,0
cardele01,1964,1,0,0
edwarjo01,1964,1,0,0
floodcu01,1964,1,0,0
mazerbi01,1964,1,0,0
santoro01,1964,1,0,0
stargwi01,1964,1,0,0
whitebi03,1964,1,0,0
batteea01,1965,1,1,2
killeha01,1965,1,1,3
mantife01,1965,1,1,4
robinbr01,1965,1,1,5
mcauldi01,1965,1,1,6
hortowi01,1965,1,1,7
davalvi01,1965,1,1,8
colavro01,1965,1,1,9
alvisma01,1965,1,0,0
freehbi01,1965,1,0,0
hallji02,1965,1,0,0
howarel01,1965,1,0,0
kalinal01,1965,1,0,0
mantlmi01,1965,1,0,0
olivato01,1965,1,0,0
pepitjo01,1965,1,0,0
richabo01,1965,1,0,0
skowrbi01,1965,1,0,0
versazo01,1965,1,0,0
yastrca01,1965,1,0,0
torrejo01,1965,1,1,2
bankser01,1965,1,1,3
rosepe01,1965,1,1,4
allendi01,1965,1,1,5
willsma01,1965,1,1,6
stargwi01,1965,1,1,7
mayswi01,1965,1,1,8
aaronha01,1965,1,1,9
callijo01,1965,1,0,0
cardele01,1965,1,0,0
clemero01,1965,1,0,0
edwarjo01,1965,1,0,0
kraneed01,1965,1,0,0
robinfr02,1965,1,0,0
rojasco01,1965,1,0,0
santoro01,1965,1,0,0
willibi01,1965,1,0,0
freehbi01,1966,1,1,2
scottge02,1966,1,1,3
knoopbo01,1966,1,1,4
robinbr01,1966,1,1,5
mcauldi01,1966,1,1,6
robinfr02,1966,1,1,7
kalinal01,1966,1,1,8
olivato01,1966,1,1,9
ageeto01,1966,1,0,0
batteea01,1966,1,0,0
cashno01,1966,1,0,0
colavro01,1966,1,0,0
etchean01,1966,1,0,0
fregoji01,1966,1,0,0
killeha01,1966,1,0,0
richabo01,1966,1,0,0
yastrca01,1966,1,0,0
torrejo01,1966,1,1,2
mccovwi01,1966,1,1,3
lefebji01,1966,1,1,4
santoro01,1966,1,1,5
cardele01,1966,1,1,6
aaronha01,1966,1,1,7
mayswi01,1966,1,1,8
clemero01,1966,1,1,9
allendi01,1966,1,0,0
aloufe01,1966,1,0,0
floodcu01,1966,1,0,0
halleto01,1966,1,0,0
hartji01,1966,1,0,0
huntro01,1966,1,0,0
mccarti01,1966,1,0,0
morgajo02,1966,1,0,0
stargwi01,1966,1,0,0
willsma01,1966,1,0,0
freehbi01,1967,1,1,2
killeha01,1967,1,1,3
carewro01,1967,1,1,4
robinbr01,1967,1,1,5
petrori01,1967,1,1,6
yastrca01,1967,1,1,7
olivato01,1967,1,1,8
conigto01,1967,1,1,9
ageeto01,1967,1,0,0
alvisma01,1967,1,0,0
berryke01,1967,1,0,0
casanpa01,1967,1,0,0
etchean01,1967,1,0,0
fregoji01,1967,1,0,0
kalinal01,1967,1,0,0
mantlmi01,1967,1,0,0
mcauldi01,1967,1,0,0
minchdo01,1967,1,0,0
robinfr02,1967,1,0,0
torrejo01,1967,1,1,2
cepedor01,1967,1,1,3
mazerbi01,1967,1,1,4
allendi01,1967,1,1,5
alleyge01,1967,1,1,6
brocklo01,1967,1,1,7
aaronha01,1967,1,1,8
clemero01,1967,1,1,9
bankser01,1967,1,0,0
halleto01,1967,1,0,0
helmsto01,1967,1,0,0
mayswi01,1967,1,0,0
mccarti01,1967,1,0,0
perezto01,1967,1,0,0
rosepe01,1967,1,0,0
staubru01,1967,1,0,0
wynnji01,1967,1,0,0
freehbi01,1968,1,1,2
killeha01,1968,1,1,3
carewro01,1968,1,1,4
robinbr01,1968,1,1,5
fregoji01,1968,1,1,6
hortowi01,1968,1,1,7
yastrca01,1968,1,1,8
howarfr01,1968,1,1,9
azcuejo01,1968,1,0,0
campabe01,1968,1,0,0
harreke01,1968,1,0,0
johnsda02,1968,1,0,0
josepdu01,1968,1,0,0
mantlmi01,1968,1,0,0
mondari01,1968,1,0,0
olivato01,1968,1,0,0
powelbo01,1968,1,0,0
wertdo01,1968,1,0,0
groteje01,1968,1,1,2
mccovwi01,1968,1,1,3
helmsto01,1968,1,1,4
santoro01,1968,1,1,5
kessido01,1968,1,1,6
floodcu01,1968,1,1,7
mayswi01,1968,1,1,8
aaronha01,1968,1,1,9
alleyge01,1968,1,0,0
aloufe01,1968,1,0,0
alouma01,1968,1,0,0
benchjo01,1968,1,0,0
cardele01,1968,1,0,0
halleto01,1968,1,0,0
javieju01,1968,1,0,0
perezto01,1968,1,0,0
rosepe01,1968,1,0,0
staubru01,1968,1,0,0
willibi01,1968,1,0,0
freehbi01,1969,1,1,2
powelbo01,1969,1,1,3
carewro01,1969,1,1,4
bandosa01,1969,1,1,5
petrori01,1969,1,1,6
howarfr01,1969,1,1,7
jacksre01,1969,1,1,8
robinfr02,1969,1,1,9
andremi01,1969,1,0,0
blairpa01,1969,1,0,0
fregoji01,1969,1,0,0
heganmi01,1969,1,0,0
johnsda02,1969,1,0,0
killeha01,1969,1,0,0
mayca01,1969,1,0,0
minchdo01,1969,1,0,0
olivato01,1969,1,0,0
robinbr01,1969,1,0,0
rodriel01,1969,1,0,0
rosebjo01,1969,1,0,0
smithre06,1969,1,0,0
whitero01,1969,1,0,0
yastrca01,1969,1,0,0
benchjo01,1969,1,1,2
mccovwi01,1969,1,1,3
millafe01,1969,1,1,4
santoro01,1969,1,1,5
kessido01,1969,1,1,6
jonescl01,1969,1,1,7
alouma01,1969,1,1,8
aaronha01,1969,1,1,9
bankser01,1969,1,0,0
beckegl01,1969,1,0,0
cannich01,1969,1,0,0
clemero01,1969,1,0,0
hundlra01,1969,1,0,0
mayle01,1969,1,0,0
mayswi01,1969,1,0,0
menkede01,1969,1,0,0
perezto01,1969,1,0,0
rosepe01,1969,1,0,0
staubru01,1969,1,0,0
freehbi01,1970,1,1,2
powelbo01,1970,1,1,3
johnsda02,1970,1,1,4
killeha01,1970,1,1,5
aparilu01,1970,1,1,6
howarfr01,1970,1,1,7
yastrca01,1970,1,1,8
robinfr02,1970,1,1,9
alomasa01,1970,1,0,0
carewro01,1970,1,0,0
fossera01,1970,1,0,0
fregoji01,1970,1,0,0
harpeto01,1970,1,0,0
hortowi01,1970,1,0,0
johnsal01,1970,1,0,0
mosesje01,1970,1,0,0
olivato01,1970,1,0,0
otisam01,1970,1,0,0
robinbr01,1970,1,0,0
whitero01,1970,1,0,0
benchjo01,1970,1,1,2
allendi01,1970,1,1,3
beckegl01,1970,1,1,4
perezto01,1970,1,1,5
kessido01,1970,1,1,6
cartyri01,1970,1,1,7
mayswi01,1970,1,1,8
aaronha01,1970,1,1,9
clemero01,1970,1,0,0
dietzdi01,1970,1,0,0
gastoci01,1970,1,0,0
grababi01,1970,1,0,0
harrebu01,1970,1,0,0
hickmji02,1970,1,0,0
mccovwi01,1970,1,0,0
menkede01,1970,1,0,0
millafe01,1970,1,0,0
morgajo02,1970,1,0,0
rosepe01,1970,1,0,0
staubru01,1970,1,0,0
torrejo01,1970,1,0,0
freehbi01,1971,1,1,2
cashno01,1971,1,1,3
carewro01,1971,1,1,4
robinbr01,1971,1,1,5
aparilu01,1971,1,1,6
yastrca01,1971,1,1,7
murcebo01,1971,1,1,8
robinfr02,1971,1,1,9
bufordo01,1971,1,0,0
cardele01,1971,1,0,0
duncada01,1971,1,0,0
fossera01,1971,1,0,0
howarfr01,1971,1,0,0
jacksre01,1971,1,0,0
kalinal01,1971,1,0,0
killeha01,1971,1,0,0
meltobi01,1971,1,0,0
munsoth01,1971,1,0,0
olivato01,1971,1,0,0
otisam01,1971,1,0,0
powelbo01,1971,1,0,0
rojasco01,1971,1,0,0
benchjo01,1971,1,1,2
mccovwi01,1971,1,1,3
beckegl01,1971,1,1,4
torrejo01,1971,1,1,5
harrebu01,1971,1,1,6
stargwi01,1971,1,1,7
mayswi01,1971,1,1,8
aaronha01,1971,1,1,9
bondsbo01,1971,1,0,0
brocklo01,1971,1,0,0
clemero01,1971,1,0,0
colbena01,1971,1,0,0
daviswi02,1971,1,0,0
kessido01,1971,1,0,0
mayle01,1971,1,0,0
millafe01,1971,1,0,0
rosepe01,1971,1,0,0
sanguma01,1971,1,0,0
santoro01,1971,1,0,0
staubru01,1971,1,0,0
freehbi01,1972,1,1,2
allendi01,1972,1,1,3
carewro01,1972,1,1,4
robinbr01,1972,1,1,5
grichbo01,1972,1,1,6
yastrca01,1972,1,1,7
murcebo01,1972,1,1,8
jacksre01,1972,1,1,9
aparilu01,1972,1,0,0
bandosa01,1972,1,0,0
campabe01,1972,1,0,0
cashno01,1972,1,0,0
fiskca01,1972,1,0,0
harrato01,1972,1,0,0
mayca01,1972,1,0,0
otisam01,1972,1,0,0
patekfr01,1972,1,0,0
pinielo01,1972,1,0,0
rodriel01,1972,1,0,0
rojasco01,1972,1,0,0
rudijo01,1972,1,0,0
scheiri01,1972,1,0,0
smithre06,1972,1,0,0
benchjo01,1972,1,1,2
mayle01,1972,1,1,3
morgajo02,1972,1,1,4
torrejo01,1972,1,1,5
kessido01,1972,1,1,6
stargwi01,1972,1,1,7
mayswi01,1972,1,1,8
aaronha01,1972,1,1,9
beckegl01,1972,1,0,0
brocklo01,1972,1,0,0
cedence01,1972,1,0,0
clemero01,1972,1,0,0
colbena01,1972,1,0,0
oliveal01,1972,1,0,0
sanguma01,1972,1,0,0
santoro01,1972,1,0,0
simmote01,1972,1,0,0
speiech01,1972,1,0,0
willibi01,1972,1,0,0
fiskca01,1973,1,1,2
maybejo01,1973,1,1,3
carewro01,1973,1,1,4
robinbr01,1973,1,1,5
campabe01,1973,1,1,6
murcebo01,1973,1,1,7
otisam01,1973,1,1,8
jacksre01,1973,1,1,9
allendi01,1973,1,0,0
bandosa01,1973,1,0,0
bellbu01,1973,1,0,0
blairpa01,1973,1,0,0
brinked01,1973,1,0,0
freehbi01,1973,1,0,0
hortowi01,1973,1,0,0
kellypa01,1973,1,0,0
mayda01,1973,1,0,0
munsoth01,1973,1,0,0
nelsoda01,1973,1,0,0
rojasco01,1973,1,0,0
spencji01,1973,1,0,0
yastrca01,1973,1,0,0
benchjo01,1973,1,1,2
aaronha01,1973,1,1,3
morgajo02,1973,1,1,4
santoro01,1973,1,1,5
speiech01,1973,1,1,6
rosepe01,1973,1,1,7
cedence01,1973,1,1,8
willibi01,1973,1,1,9
bondsbo01,1973,1,0,0
colbena01,1973,1,0,0
conceda01,1973,1,0,0
daviswi02,1973,1,0,0
evansda01,1973,1,0,0
fairlro01,1973,1,0,0
johnsda02,1973,1,0,0
mayswi01,1973,1,0,0
motama01,1973,1,0,0
russebi01,1973,1,0,0
simmote01,1973,1,0,0
stargwi01,1973,1,0,0
torrejo01,1973,1,0,0
watsobo01,1973,1,0,0
munsoth01,1974,1,1,2
allendi01,1974,1,1,3
carewro01,1974,1,1,4
robinbr01,1974,1,1,5
campabe01,1974,1,1,6
burroje01,1974,1,1,7
murcebo01,1974,1,1,8
jacksre01,1974,1,1,9
bandosa01,1974,1,0,0
chalkda01,1974,1,0,0
fiskca01,1974,1,0,0
grichbo01,1974,1,0,0
hendrge01,1974,1,0,0
herrmed01,1974,1,0,0
kalinal01,1974,1,0,0
maybejo01,1974,1,0,0
moneydo01,1974,1,0,0
porteda02,1974,1,0,0
robinfr02,1974,1,0,0
rojasco01,1974,1,0,0
rudijo01,1974,1,0,0
sundbji01,1974,1,0,0
yastrca01,1974,1,0,0
benchjo01,1974,1,1,2
garvest01,1974,1,1,3
morgajo02,1974,1,1,4
ceyro01,1974,1,1,5
bowala01,1974,1,1,6
rosepe01,1974,1,1,7
wynnji01,1974,1,1,8
aaronha01,1974,1,1,9
brocklo01,1974,1,0,0
cashda01,1974,1,0,0
cedence01,1974,1,0,0
garrra01,1974,1,0,0
groteje01,1974,1,0,0
grubbjo01,1974,1,0,0
kessido01,1974,1,0,0
perezto01,1974,1,0,0
schmimi01,1974,1,0,0
simmote01,1974,1,0,0
smithre06,1974,1,0,0
speiech01,1974,1,0,0
munsoth01,1975,1,1,2
tenacge01,1975,1,1,3
carewro01,1975,1,1,4
nettlgr01,1975,1,1,5
campabe01,1975,1,1,6
rudijo01,1975,1,1,7
bondsbo01,1975,1,1,8
jacksre01,1975,1,1,9
aaronha01,1975,1,0,0
chalkda01,1975,1,0,0
dentbu01,1975,1,0,0
freehbi01,1975,1,0,0
hargrmi01,1975,1,0,0
harrato01,1975,1,0,0
hendrge01,1975,1,0,0
lynnfr01,1975,1,0,0
mcraeha01,1975,1,0,0
ortajo01,1975,1,0,0
scottge02,1975,1,0,0
washicl01,1975,1,0,0
yastrca01,1975,1,0,0
benchjo01,1975,1,1,2
garvest01,1975,1,1,3
morgajo02,1975,1,1,4
ceyro01,1975,1,1,5
conceda01,1975,1,1,6
brocklo01,1975,1,1,7
wynnji01,1975,1,1,8
rosepe01,1975,1,1,9
bowala01,1975,1,0,0
cartega01,1975,1,0,0
cashda01,1975,1,0,0
luzingr01,1975,1,0,0
madlobi01,1975,1,0,0
murcebo01,1975,1,0,0
oliveal01,1975,1,0,0
perezto01,1975,1,0,0
sanguma01,1975,1,0,0
smithre06,1975,1,0,0
watsobo01,1975,1,0,0
munsoth01,1976,1,1,2
carewro01,1976,1,1,3
grichbo01,1976,1,1,4
brettge01,1976,1,1,5
harrato01,1976,1,1,6
lefloro01,1976,1,1,7
lynnfr01,1976,1,1,8
staubru01,1976,1,1,9
belanma01,1976,1,0,0
chambch01,1976,1,0,0
fiskca01,1976,1,0,0
garneph01,1976,1,0,0
mcraeha01,1976,1,0,0
moneydo01,1976,1,0,0
otisam01,1976,1,0,0
patekfr01,1976,1,0,0
randowi01,1976,1,0,0
rivermi01,1976,1,0,0
wynegbu01,1976,1,0,0
yastrca01,1976,1,0,0
benchjo01,1976,1,1,2
garvest01,1976,1,1,3
morgajo02,1976,1,1,4
rosepe01,1976,1,1,5
conceda01,1976,1,1,6
luzingr01,1976,1,1,7
fostege01,1976,1,1,8
kingmda01,1976,1,1,9
boonebo01,1976,1,0,0
bowala01,1976,1,0,0
cashda01,1976,1,0,0
cedence01,1976,1,0,0
ceyro01,1976,1,0,0
griffke01,1976,1,0,0
mcbriba01,1976,1,0,0
oliveal01,1976,1,0,0
perezto01,1976,1,0,0
russebi01,1976,1,0,0
schmimi01,1976,1,0,0
swishst01,1976,1,0,0
fiskca01,1977,1,1,2
carewro01,1977,1,1,3
randowi01,1977,1,1,4
brettge01,1977,1,1,5
burleri01,1977,1,1,6
ziskri01,1977,1,1,7
yastrca01,1977,1,1,8
jacksre01,1977,1,1,9
campabe01,1977,1,0,0
fairlro01,1977,1,0,0
grosswa01,1977,1,0,0
hislela01,1977,1,0,0
jonesru01,1977,1,0,0
lynnfr01,1977,1,0,0
moneydo01,1977,1,0,0
munsoth01,1977,1,0,0
nettlgr01,1977,1,0,0
riceji01,1977,1,0,0
scottge02,1977,1,0,0
singlke01,1977,1,0,0
thompja01,1977,1,0,0
wynegbu01,1977,1,0,0
benchjo01,1977,1,1,2
garvest01,1977,1,1,3
morgajo02,1977,1,1,4
ceyro01,1977,1,1,5
conceda01,1977,1,1,6
luzingr01,1977,1,1,7
fostege01,1977,1,1,8
parkeda01,1977,1,1,9
griffke01,1977,1,0,0
montawi01,1977,1,0,0
moralje01,1977,1,0,0
rosepe01,1977,1,0,0
schmimi01,1977,1,0,0
simmote01,1977,1,0,0
smithre06,1977,1,0,0
stearjo01,1977,1,0,0
templga01,1977,1,0,0
trillma01,1977,1,0,0
valenel01,1977,1,0,0
winfida01,1977,1,0,0
fiskca01,1978,1,1,2
carewro01,1978,1,1,3
moneydo01,1978,1,1,4
brettge01,1978,1,1,5
patekfr01,1978,1,1,6
riceji01,1978,1,1,7
lynnfr01,1978,1,1,8
ziskri01,1978,1,1,9
burleri01,1978,1,0,0
evansdw01,1978,1,0,0
hislela01,1978,1,0,0
howelro02,1978,1,0,0
jacksre01,1978,1,0,0
lemonch01,1978,1,0,0
munsoth01,1978,1,0,0
murraed02,1978,1,0,0
nettlgr01,1978,1,0,0
porteda02,1978,1,0,0
remyje01,1978,1,0,0
reynocr01,1978,1,0,0
sundbji01,1978,1,0,0
thompja01,1978,1,0,0
whitefr01,1978,1,0,0
yastrca01,1978,1,0,0
simmote01,1978,1,1,2
garvest01,1978,1,1,3
morgajo02,1978,1,1,4
rosepe01,1978,1,1,5
bowala01,1978,1,1,6
luzingr01,1978,1,1,7
fostege01,1978,1,1,8
mondari01,1978,1,1,9
benchjo01,1978,1,0,0
boonebo01,1978,1,0,0
burroje01,1978,1,0,0
ceyro01,1978,1,0,0
clarkja01,1978,1,0,0
conceda01,1978,1,0,0
lopesda01,1978,1,0,0
pocorbi01,1978,1,0,0
puhlte01,1978,1,0,0
smithre06,1978,1,0,0
stargwi01,1978,1,0,0
winfida01,1978,1,0,0
porteda02,1979,1,1,2
yastrca01,1979,1,1,3
whitefr01,1979,1,1,4
brettge01,1979,1,1,5
smallro02,1979,1,1,6
baylodo01,1979,1,1,7
lynnfr01,1979,1,1,8
riceji01,1979,1,1,9
bochtbr01,1979,1,0,0
burleri01,1979,1,0,0
carewro01,1979,1,0,0
coopece01,1979,1,0,0
downibr01,1979,1,0,0
grichbo01,1979,1,0,0
jacksre01,1979,1,0,0
kempst01,1979,1,0,0
lemonch01,1979,1,0,0
nettlgr01,1979,1,0,0
newmaje01,1979,1,0,0
singlke01,1979,1,0,0
boonebo01,1979,1,1,2
garvest01,1979,1,1,3
lopesda01,1979,1,1,4
schmimi01,1979,1,1,5
bowala01,1979,1,1,6
fostege01,1979,1,1,7
winfida01,1979,1,1,8
parkeda01,1979,1,1,9
benchjo01,1979,1,0,0
brocklo01,1979,1,0,0
cartega01,1979,1,0,0
ceyro01,1979,1,0,0
clarkja01,1979,1,0,0
conceda01,1979,1,0,0
hernake01,1979,1,0,0
kingmda01,1979,1,0,0
matthga01,1979,1,0,0
mazzile01,1979,1,0,0
morgajo02,1979,1,0,0
parrila01,1979,1,0,0
reynocr01,1979,1,0,0
rosepe01,1979,1,0,0
simmote01,1979,1,0,0
stearjo01,1979,1,0,0
templga01,1979,1,0,0
fiskca01,1980,1,1,2
carewro01,1980,1,1,3
randowi01,1980,1,1,4
nettlgr01,1980,1,1,5
dentbu01,1980,1,1,6
oglivbe01,1980,1,1,7
lynnfr01,1980,1,1,8
jacksre01,1980,1,1,9
bellbu01,1980,1,0,0
brettge01,1980,1,0,0
bumbral01,1980,1,0,0
coopece01,1980,1,0,0
grichbo01,1980,1,0,0
henderi01,1980,1,0,0
landrke01,1980,1,0,0
molitpa01,1980,1,0,0
oliveal01,1980,1,0,0
ortajo01,1980,1,0,0
parrila02,1980,1,0,0
porteda02,1980,1,0,0
riceji01,1980,1,0,0
trammal01,1980,1,0,0
yountro01,1980,1,0,0
benchjo01,1980,1,1,2
garvest01,1980,1,1,3
lopesda01,1980,1,1,4
reitzke01,1980,1,1,5
russebi01,1980,1,1,6
kingmda01,1980,1,1,7
smithre06,1980,1,1,8
parkeda01,1980,1,1,9
cartega01,1980,1,0,0
conceda01,1980,1,0,0
cruzjo01,1980,1,0,0
garneph01,1980,1,0,0
griffke01,1980,1,0,0
hendrge01,1980,1,0,0
hernake01,1980,1,0,0
knighra01,1980,1,0,0
murphda05,1980,1,0,0
rosepe01,1980,1,0,0
schmimi01,1980,1,0,0
stearjo01,1980,1,0,0
winfida01,1980,1,0,0
fiskca01,1981,1,1,2
carewro01,1981,1,1,3
randowi01,1981,1,1,4
brettge01,1981,1,1,5
dentbu01,1981,1,1,6
singlke01,1981,1,1,7
winfida01,1981,1,1,8
jacksre01,1981,1,1,9
armasto01,1981,1,0,0
bellbu01,1981,1,0,0
burleri01,1981,1,0,0
diazbo01,1981,1,0,0
evansdw01,1981,1,0,0
lynnfr01,1981,1,0,0
murraed02,1981,1,0,0
oliveal01,1981,1,0,0
pacioto01,1981,1,0,0
simmote01,1981,1,0,0
thomago01,1981,1,0,0
whitefr01,1981,1,0,0
cartega01,1981,1,1,2
rosepe01,1981,1,1,3
lopesda01,1981,1,1,4
schmimi01,1981,1,1,5
conceda01,1981,1,1,6
fostege01,1981,1,1,7
dawsoan01,1981,1,1,8
parkeda01,1981,1,1,9
bakerdu01,1981,1,0,0
benedbr01,1981,1,0,0
bucknbi01,1981,1,0,0
easlemi01,1981,1,0,0
garneph01,1981,1,0,0
garvest01,1981,1,0,0
guerrpe01,1981,1,0,0
kennete02,1981,1,0,0
madlobi01,1981,1,0,0
raineti01,1981,1,0,0
smithoz01,1981,1,0,0
trillma01,1981,1,0,0
youngjo02,1981,1,0,0
fiskca01,1982,1,1,2
coopece01,1982,1,1,3
grichbo01,1982,1,1,4
brettge01,1982,1,1,5
yountro01,1982,1,1,6
henderi01,1982,1,1,7
lynnfr01,1982,1,1,8
jacksre01,1982,1,1,9
bellbu01,1982,1,0,0
carewro01,1982,1,0,0
harrato01,1982,1,0,0
hrbekke01,1982,1,0,0
mcraeha01,1982,1,0,0
murraed02,1982,1,0,0
oglivbe01,1982,1,0,0
parrila02,1982,1,0,0
thornan01,1982,1,0,0
whitefr01,1982,1,0,0
wilsowi02,1982,1,0,0
winfida01,1982,1,0,0
yastrca01,1982,1,0,0
cartega01,1982,1,1,2
rosepe01,1982,1,1,3
trillma01,1982,1,1,4
schmimi01,1982,1,1,5
conceda01,1982,1,1,6
raineti01,1982,1,1,7
dawsoan01,1982,1,1,8
murphda05,1982,1,1,9
bakerdu01,1982,1,0,0
durhale01,1982,1,0,0
hornebo01,1982,1,0,0
jonesru01,1982,1,0,0
knighra01,1982,1,0,0
oliveal01,1982,1,0,0
penato01,1982,1,0,0
saxst01,1982,1,0,0
smithlo01,1982,1,0,0
smithoz01,1982,1,0,0
stearjo01,1982,1,0,0
thompja01,1982,1,0,0
simmote01,1983,1,1,2
carewro01,1983,1,1,3
trillma01,1983,1,1,4
brettge01,1983,1,1,5
yountro01,1983,1,1,6
riceji01,1983,1,1,7
lynnfr01,1983,1,1,8
winfida01,1983,1,1,9
boonebo01,1983,1,0,0
coopece01,1983,1,0,0
decindo01,1983,1,0,0
henderi01,1983,1,0,0
jacksre01,1983,1,0,0
kittlro01,1983,1,0,0
murraed02,1983,1,0,0
oglivbe01,1983,1,0,0
parrila02,1983,1,0,0
ripkeca01,1983,1,0,0
wardga01,1983,1,0,0
whitalo01,1983,1,0,0
wilsowi02,1983,1,0,0
yastrca01,1983,1,0,0
cartega01,1983,1,1,2
oliveal01,1983,1,1,3
saxst01,1983,1,1,4
schmimi01,1983,1,1,5
smithoz01,1983,1,1,6
raineti01,1983,1,1,7
dawsoan01,1983,1,1,8
murphda05,1983,1,1,9
benchjo01,1983,1,0,0
benedbr01,1983,1,0,0
durhale01,1983,1,0,0
evansda01,1983,1,0,0
guerrpe01,1983,1,0,0
hendrge01,1983,1,0,0
hubbagl01,1983,1,0,0
kennete02,1983,1,0,0
madlobi01,1983,1,0,0
mcgeewi01,1983,1,0,0
thondi01,1983,1,0,0
parrila02,1984,1,1,2
carewro01,1984,1,1,3
whitalo01,1984,1,1,4
brettge01,1984,1,1,5
ripkeca01,1984,1,1,6
winfida01,1984,1,1,7
lemonch01,1984,1,1,8
jacksre01,1984,1,1,9
armasto01,1984,1,0,0
bellbu01,1984,1,0,0
davisal01,1984,1,0,0
engleda01,1984,1,0,0
garcida01,1984,1,0,0
griffal01,1984,1,0,0
henderi01,1984,1,0,0
mattido01,1984,1,0,0
murraed02,1984,1,0,0
riceji01,1984,1,0,0
sundbji01,1984,1,0,0
thornan01,1984,1,0,0
trammal01,1984,1,0,0
cartega01,1984,1,1,2
garvest01,1984,1,1,3
sandbry01,1984,1,1,4
schmimi01,1984,1,1,5
smithoz01,1984,1,1,6
gwynnto01,1984,1,1,7
murphda05,1984,1,1,8
strawda01,1984,1,1,9
brenlbo01,1984,1,0,0
davisch01,1984,1,0,0
davisjo02,1984,1,0,0
hernake01,1984,1,0,0
marshmi02,1984,1,0,0
mumphje01,1984,1,0,0
penato01,1984,1,0,0
raineti01,1984,1,0,0
ramirra01,1984,1,0,0
samueju01,1984,1,0,0
wallati01,1984,1,0,0
washicl01,1984,1,0,0
fiskca01,1985,1,1,2
murraed02,1985,1,1,3
whitalo01,1985,1,1,4
brettge01,1985,1,1,5
ripkeca01,1985,1,1,6
riceji01,1985,1,1,7
henderi01,1985,1,1,8
winfida01,1985,1,1,9
baineha01,1985,1,0,0
boggswa01,1985,1,0,0
bradlph01,1985,1,0,0
brunato01,1985,1,0,0
coopece01,1985,1,0,0
garcida01,1985,1,0,0
gedmari01,1985,1,0,0
mattido01,1985,1,0,0
molitpa01,1985,1,0,0
parrila02,1985,1,0,0
trammal01,1985,1,0,0
wardga01,1985,1,0,0
whitter01,1985,1,0,0
kennete02,1985,1,1,2
garvest01,1985,1,1,3
herrto01,1985,1,1,4
nettlgr01,1985,1,1,5
smithoz01,1985,1,1,6
gwynnto01,1985,1,1,7
murphda05,1985,1,1,8
strawda01,1985,1,1,9
cartega01,1985,1,0,0
clarkja01,1985,1,0,0
cruzjo01,1985,1,0,0
guerrpe01,1985,1,0,0
mcgeewi01,1985,1,0,0
parkeda01,1985,1,0,0
penato01,1985,1,0,0
raineti01,1985,1,0,0
rosepe01,1985,1,0,0
sandbry01,1985,1,0,0
templga01,1985,1,0,0
virgioz02,1985,1,0,0
wallati01,1985,1,0,0
wilsogl01,1985,1,0,0
parrila02,1986,1,1,2
joynewa01,1986,1,1,3
whitalo01,1986,1,1,4
boggswa01,1986,1,1,5
ripkeca01,1986,1,1,6
henderi01,1986,1,1,7
puckeki01,1986,1,1,8
winfida01,1986,1,1,9
baineha01,1986,1,0,0
barfije01,1986,1,0,0
brettge01,1986,1,0,0
cansejo01,1986,1,0,0
fernato01,1986,1,0,0
gedmari01,1986,1,0,0
jacobbr01,1986,1,0,0
mattido01,1986,1,0,0
mosebll01,1986,1,0,0
murraed02,1986,1,0,0
preslji01,1986,1,0,0
riceji01,1986,1,0,0
whitefr01,1986,1,0,0
cartega01,1986,1,1,2
hernake01,1986,1,1,3
sandbry01,1986,1,1,4
schmimi01,1986,1,1,5
smithoz01,1986,1,1,6
gwynnto01,1986,1,1,7
murphda05,1986,1,1,8
strawda01,1986,1,1,9
basske01,1986,1,0,0
brookhu01,1986,1,0,0
brownch02,1986,1,0,0
davisch01,1986,1,0,0
davisgl01,1986,1,0,0
davisjo02,1986,1,0,0
parkeda01,1986,1,0,0
penato01,1986,1,0,0
raineti01,1986,1,0,0
saxst01,1986,1,0,0
kennete02,1987,1,1,2
mattido01,1987,1,1,3
randowi01,1987,1,1,4
boggswa01,1987,1,1,5
ripkeca01,1987,1,1,6
bellge02,1987,1,1,7
henderi01,1987,1,1,8
winfida01,1987,1,1,9
baineha01,1987,1,0,0
brettge01,1987,1,0,0
evansdw01,1987,1,0,0
fernato01,1987,1,0,0
mcgwima01,1987,1,0,0
nokesma01,1987,1,0,0
parrila01,1987,1,0,0
puckeki01,1987,1,0,0
reynoha01,1987,1,0,0
seitzke01,1987,1,0,0
tablepa01,1987,1,0,0
trammal01,1987,1,0,0
whitalo01,1987,1,0,0
cartega01,1987,1,1,2
clarkja01,1987,1,1,3
sandbry01,1987,1,1,4
schmimi01,1987,1,1,5
smithoz01,1987,1,1,6
daviser01,1987,1,1,7
dawsoan01,1987,1,1,8
strawda01,1987,1,1,9
brookhu01,1987,1,0,0
diazbo01,1987,1,0,0
guerrpe01,1987,1,0,0
gwynnto01,1987,1,0,0
hernake01,1987,1,0,0
leonaje01,1987,1,0,0
mcgeewi01,1987,1,0,0
murphda05,1987,1,0,0
raineti01,1987,1,0,0
samueju01,1987,1,0,0
virgioz02,1987,1,0,0
wallati01,1987,1,0,0
steinte01,1988,1,1,2
mcgwima01,1988,1,1,3
molitpa01,1988,1,1,4
boggswa01,1988,1,1,5
ripkeca01,1988,1,1,6
cansejo01,1988,1,1,7
henderi01,1988,1,1,8
winfida01,1988,1,1,9
brettge01,1988,1,0,0
gaettga01,1988,1,0,0
greenmi01,1988,1,0,0
guilloz01,1988,1,0,0
lansfca01,1988,1,0,0
laudnti01,1988,1,0,0
mattido01,1988,1,0,0
puckeki01,1988,1,0,0
rayjo01,1988,1,0,0
reynoha01,1988,1,0,0
stillku01,1988,1,0,0
trammal01,1988,1,0,0
cartega01,1988,1,1,2
clarkwi02,1988,1,1,3
sandbry01,1988,1,1,4
bonilbo01,1988,1,1,5
smithoz01,1988,1,1,6
colemvi01,1988,1,1,7
dawsoan01,1988,1,1,8
strawda01,1988,1,1,9
dunstsh01,1988,1,0,0
galaran01,1988,1,0,0
larkiba01,1988,1,0,0
lawva01,1988,1,0,0
mcgeewi01,1988,1,0,0
palmera01,1988,1,0,0
parrila02,1988,1,0,0
perryge01,1988,1,0,0
saboch01,1988,1,0,0
thompro01,1988,1,0,0
vanslan01,1988,1,0,0
steinte01,1989,1,1,2
mcgwima01,1989,1,1,3
francju01,1989,1,1,4
boggswa01,1989,1,1,5
ripkeca01,1989,1,1,6
jacksbo01,1989,1,1,7
puckeki01,1989,1,1,8
sierrru01,1989,1,1,9
baineha01,1989,1,1,10
cansejo01,1989,1,0,0
fernato01,1989,1,0,0
gaettga01,1989,1,0,0
greenmi01,1989,1,0,0
grubeke01,1989,1,0,0
leonaje01,1989,1,0,0
mattido01,1989,1,0,0
saxst01,1989,1,0,0
tettlmi01,1989,1,0,0
whitede03,1989,1,0,0
santibe01,1989,1,1,2
clarkwi02,1989,1,1,3
sandbry01,1989,1,1,4
johnsho01,1989,1,1,5
smithoz01,1989,1,1,6
mitchke01,1989,1,1,7
daviser01,1989,1,1,8
gwynnto01,1989,1,1,9
guerrpe01,1989,1,1,10
bonilbo01,1989,1,0,0
colemvi01,1989,1,0,0
davisgl01,1989,1,0,0
dawsoan01,1989,1,0,0
hayesvo01,1989,1,0,0
larkiba01,1989,1,0,0
penato01,1989,1,0,0
randowi01,1989,1,0,0
schmimi01,1989,1,0,0
sciosmi01,1989,1,0,0
strawda01,1989,1,0,0
wallati01,1989,1,0,0
alomasa02,1990,1,1,2
mcgwima01,1990,1,1,3
saxst01,1990,1,1,4
boggswa01,1990,1,1,5
ripkeca01,1990,1,1,6
henderi01,1990,1,1,7
griffke02,1990,1,1,8
cansejo01,1990,1,1,9
bellge02,1990,1,0,0
burksel01,1990,1,0,0
fieldce01,1990,1,0,0
francju01,1990,1,0,0
grubeke01,1990,1,0,0
guilloz01,1990,1,0,0
jacobbr01,1990,1,0,0
parkeda01,1990,1,0,0
parrila02,1990,1,0,0
puckeki01,1990,1,0,0
trammal01,1990,1,0,0
sciosmi01,1990,1,1,2
clarkwi02,1990,1,1,3
sandbry01,1990,1,1,4
saboch01,1990,1,1,5
smithoz01,1990,1,1,6
mitchke01,1990,1,1,7
dykstle01,1990,1,1,8
dawsoan01,1990,1,1,9
alomaro01,1990,1,0,0
bondsba01,1990,1,0,0
bonilbo01,1990,1,0,0
dunstsh01,1990,1,0,0
gwynnto01,1990,1,0,0
larkiba01,1990,1,0,0
olsongr02,1990,1,0,0
santibe01,1990,1,0,0
strawda01,1990,1,0,0
wallati01,1990,1,0,0
willima04,1990,1,0,0
alomasa02,1991,1,1,2
fieldce01,1991,1,1,3
alomaro01,1991,1,1,4
boggswa01,1991,1,1,5
ripkeca01,1991,1,1,6
henderi01,1991,1,1,7
griffke02,1991,1,1,8
hendeda01,1991,1,1,9
tartada01,1991,1,1,10
baineha01,1991,1,0,0
cartejo01,1991,1,0,0
fiskca01,1991,1,0,0
francju01,1991,1,0,0
guilloz01,1991,1,0,0
mcgwima01,1991,1,0,0
molitpa01,1991,1,0,0
palmera01,1991,1,0,0
puckeki01,1991,1,0,0
sierrru01,1991,1,0,0
santibe01,1991,1,1,2
clarkwi02,1991,1,1,3
sandbry01,1991,1,1,4
saboch01,1991,1,1,5
smithoz01,1991,1,1,6
caldeiv01,1991,1,1,7
gwynnto01,1991,1,1,8
dawsoan01,1991,1,1,9
bonilbo01,1991,1,1,10
bellge02,1991,1,0,0
biggicr01,1991,1,0,0
butlebr01,1991,1,0,0
johnsho01,1991,1,0,0
josefe01,1991,1,0,0
krukjo01,1991,1,0,0
larkiba01,1991,1,0,0
murraed02,1991,1,0,0
oneilpa01,1991,1,0,0
samueju01,1991,1,0,0
strawda01,1991,1,0,0
alomasa02,1992,1,1,2
mcgwima01,1992,1,1,3
alomaro01,1992,1,1,4
boggswa01,1992,1,1,5
ripkeca01,1992,1,1,6
puckeki01,1992,1,1,7
griffke02,1992,1,1,8
cartejo01,1992,1,1,9
anderbr01,1992,1,0,0
baergca01,1992,1,0,0
cansejo01,1992,1,0,0
frymatr01,1992,1,0,0
kellyro01,1992,1,0,0
knoblch01,1992,1,0,0
martied01,1992,1,0,0
molitpa01,1992,1,0,0
rodriiv01,1992,1,0,0
sierrru01,1992,1,0,0
venturo01,1992,1,0,0
santibe01,1992,1,1,2
mcgrifr01,1992,1,1,3
sandbry01,1992,1,1,4
pendlte01,1992,1,1,5
smithoz01,1992,1,1,6
bondsba01,1992,1,1,7
vanslan01,1992,1,1,8
gwynnto01,1992,1,1,9
biggicr01,1992,1,0,0
clarkwi02,1992,1,0,0
daultda01,1992,1,0,0
fernato01,1992,1,0,0
gantro01,1992,1,0,0
krukjo01,1992,1,0,0
pagnoto01,1992,1,0,0
roberbi01,1992,1,0,0
sharpmi01,1992,1,0,0
sheffga01,1992,1,0,0
walkela01,1992,1,0,0
rodriiv01,1993,1,1,2
olerujo01,1993,1,1,3
alomaro01,1993,1,1,4
boggswa01,1993,1,1,5
ripkeca01,1993,1,1,6
puckeki01,1993,1,1,7
griffke02,1993,1,1,8
cartejo01,1993,1,1,9
molitpa01,1993,1,1,10
baergca01,1993,1,0,0
belleal01,1993,1,0,0
coopesc01,1993,1,0,0
fieldce01,1993,1,0,0
frymatr01,1993,1,0,0
gonzaju03,1993,1,0,0
steinte01,1993,1,0,0
thomafr04,1993,1,0,0
vaughgr01,1993,1,0,0
whitede03,1993,1,0,0
daultda01,1993,1,1,2
krukjo01,1993,1,1,3
sandbry01,1993,1,1,4
sheffga01,1993,1,1,5
larkiba01,1993,1,1,6
bondsba01,1993,1,1,7
grissma02,1993,1,1,8
justida01,1993,1,1,9
gracema01,1993,1,1,10
bellja01,1993,1,0,0
blausje01,1993,1,0,0
bonilbo01,1993,1,0,0
galaran01,1993,1,0,0
gwynnto01,1993,1,0,0
hollida01,1993,1,0,0
jeffegr01,1993,1,0,0
kellyro01,1993,1,0,0
piazzmi01,1993,1,0,0
thompro01,1993,1,0,0
vanslan01,1993,1,0,0
rodriiv01,1994,1,1,2
thomafr04,1994,1,1,3
alomaro01,1994,1,1,4
boggswa01,1994,1,1,5
ripkeca01,1994,1,1,6
cartejo01,1994,1,1,7
griffke02,1994,1,1,8
puckeki01,1994,1,1,9
belleal01,1994,1,0,0
clarkwi02,1994,1,0,0
coopesc01,1994,1,0,0
davisch01,1994,1,0,0
frymatr01,1994,1,0,0
knoblch01,1994,1,0,0
loftoke01,1994,1,0,0
molitpa01,1994,1,0,0
oneilpa01,1994,1,0,0
sierrru01,1994,1,0,0
tettlmi01,1994,1,0,0
piazzmi01,1994,1,1,2
jeffegr01,1994,1,1,3
duncama01,1994,1,1,4
willima04,1994,1,1,5
smithoz01,1994,1,1,6
bondsba01,1994,1,1,7
gwynnto01,1994,1,1,8
justida01,1994,1,1,9
aloumo01,1994,1,0,0
bagweje01,1994,1,0,0
bicheda01,1994,1,0,0
biggicr01,1994,1,0,0
caminke01,1994,1,0,0
coninje01,1994,1,0,0
cordewi01,1994,1,0,0
dykstle01,1994,1,0,0
fletcda01,1994,1,0,0
garcica01,1994,1,0,0
grissma02,1994,1,0,0
larkiba01,1994,1,0,0
mcgrifr01,1994,1,0,0
rodriiv01,1995,1,1,2
thomafr04,1995,1,1,3
baergca01,1995,1,1,4
boggswa01,1995,1,1,5
ripkeca01,1995,1,1,6
belleal01,1995,1,1,7
loftoke01,1995,1,1,8
puckeki01,1995,1,1,9
martied01,1995,1,1,10
alomaro01,1995,1,0,0
disarga01,1995,1,0,0
edmonji01,1995,1,0,0
griffke02,1995,1,0,0
martiti02,1995,1,0,0
mcgwima01,1995,1,0,0
oneilpa01,1995,1,0,0
ramirma02,1995,1,0,0
seitzke01,1995,1,0,0
stanlmi02,1995,1,0,0
vaughmo01,1995,1,0,0
piazzmi01,1995,1,1,2
mcgrifr01,1995,1,1,3
biggicr01,1995,1,1,4
castivi02,1995,1,1,5
larkiba01,1995,1,1,6
bondsba01,1995,1,1,7
dykstle01,1995,1,1,8
gwynnto01,1995,1,1,9
gantro01,1995,1,1,10
bicheda01,1995,1,0,0
bonilbo01,1995,1,0,0
coninje01,1995,1,0,0
daultda01,1995,1,0,0
gracema01,1995,1,0,0
mondera01,1995,1,0,0
moranmi01,1995,1,0,0
offerjo01,1995,1,0,0
sandere02,1995,1,0,0
smithoz01,1995,1,0,0
sosasa01,1995,1,0,0
willima04,1995,1,0,0
rodriiv01,1996,1,1,2
vaughmo01,1996,1,1,3
alomaro01,1996,1,1,4
boggswa01,1996,1,1,5
ripkeca01,1996,1,1,6
belleal01,1996,1,1,7
loftoke01,1996,1,1,8
anderbr01,1996,1,1,9
alomasa02,1996,1,0,0
buhneja01,1996,1,0,0
cartejo01,1996,1,0,0
frymatr01,1996,1,0,0
griffke02,1996,1,0,0
knoblch01,1996,1,0,0
martied01,1996,1,0,0
mcgwima01,1996,1,0,0
rodrial01,1996,1,0,0
thomafr04,1996,1,0,0
vaughgr01,1996,1,0,0
wilsoda01,1996,1,0,0
piazzmi01,1996,1,1,2
mcgrifr01,1996,1,1,3
biggicr01,1996,1,1,4
jonesch06,1996,1,1,5
larkiba01,1996,1,1,6
bondsba01,1996,1,1,7
johnsla03,1996,1,1,8
bicheda01,1996,1,1,9
bagweje01,1996,1,0,0
burksel01,1996,1,0,0
caminke01,1996,1,0,0
grudzma01,1996,1,0,0
gwynnto01,1996,1,0,0
hundlto01,1996,1,0,0
kendaja01,1996,1,0,0
rodrihe02,1996,1,0,0
sheffga01,1996,1,0,0
smithoz01,1996,1,0,0
willima04,1996,1,0,0
younger01,1996,1,0,0
rodriiv01,1997,1,1,2
martiti02,1997,1,1,3
alomaro01,1997,1,1,4
ripkeca01,1997,1,1,5
rodrial01,1997,1,1,6
anderbr01,1997,1,1,7
griffke02,1997,1,1,8
oneilpa01,1997,1,1,9
martied01,1997,1,1,10
alomasa02,1997,1,0,0
belleal01,1997,1,0,0
cirilje01,1997,1,0,0
corajo01,1997,1,0,0
garcino01,1997,1,0,0
justida01,1997,1,0,0
knoblch01,1997,1,0,0
mcgwima01,1997,1,0,0
thomafr04,1997,1,0,0
thomeji01,1997,1,0,0
willibe02,1997,1,0,0
piazzmi01,1997,1,1,2
bagweje01,1997,1,1,3
biggicr01,1997,1,1,4
caminke01,1997,1,1,5
blausje01,1997,1,1,6
bondsba01,1997,1,1,7
lankfra01,1997,1,1,8
walkela01,1997,1,1,9
gwynnto01,1997,1,1,10
aloumo01,1997,1,0,0
claytro01,1997,1,0,0
finlest01,1997,1,0,0
galaran01,1997,1,0,0
gracema01,1997,1,0,0
hundlto01,1997,1,0,0
johnsch04,1997,1,0,0
jonesch06,1997,1,0,0
larkiba01,1997,1,0,0
loftoke01,1997,1,0,0
lopezja01,1997,1,0,0
womacto01,1997,1,0,0
rodriiv01,1998,1,1,2
thomeji01,1998,1,1,3
alomaro01,1998,1,1,4
ripkeca01,1998,1,1,5
rodrial01,1998,1,1,6
loftoke01,1998,1,1,7
griffke02,1998,1,1,8
gonzaju03,1998,1,1,9
alomasa02,1998,1,0,0
brosisc01,1998,1,0,0
durhara01,1998,1,0,0
easleda01,1998,1,0,0
erstada01,1998,1,0,0
grievbe01,1998,1,0,0
jeterde01,1998,1,0,0
oneilpa01,1998,1,0,0
palmede01,1998,1,0,0
palmera01,1998,1,0,0
ramirma02,1998,1,0,0
vaughmo01,1998,1,0,0
vizquom01,1998,1,0,0
willibe02,1998,1,0,0
piazzmi01,1998,1,1,2
mcgwima01,1998,1,1,3
biggicr01,1998,1,1,4
jonesch06,1998,1,1,5
weisswa01,1998,1,1,6
bondsba01,1998,1,1,7
walkela01,1998,1,1,8
gwynnto01,1998,1,1,9
aloumo01,1998,1,0,0
bicheda01,1998,1,0,0
boonebr01,1998,1,0,0
castivi02,1998,1,0,0
galaran01,1998,1,0,0
kendaja01,1998,1,0,0
lopezja01,1998,1,0,0
renteed01,1998,1,0,0
sheffga01,1998,1,0,0
sosasa01,1998,1,0,0
vaughgr01,1998,1,0,0
vinafe01,1998,1,0,0
whitede03,1998,1,0,0
rodriiv01,1999,1,1,2
thomeji01,1999,1,1,3
alomaro01,1999,1,1,4
ripkeca01,1999,1,1,5
garcino01,1999,1,1,6
loftoke01,1999,1,1,7
griffke02,1999,1,1,8
ramirma02,1999,1,1,9
palmera01,1999,1,1,10
ausmubr01,1999,1,0,0
baineha01,1999,1,0,0
cansejo01,1999,1,0,0
coomero01,1999,1,0,0
fernato01,1999,1,0,0
greensh01,1999,1,0,0
jahajo01,1999,1,0,0
jeterde01,1999,1,0,0
offerjo01,1999,1,0,0
ordonma01,1999,1,0,0
surhobj01,1999,1,0,0
vizquom01,1999,1,0,0
willibe02,1999,1,0,0
piazzmi01,1999,1,1,2
mcgwima01,1999,1,1,3
bellja01,1999,1,1,4
willima04,1999,1,1,5
larkiba01,1999,1,1,6
burnije01,1999,1,1,7
sosasa01,1999,1,1,8
walkela01,1999,1,1,9
bagweje01,1999,1,1,10
caseyse01,1999,1,0,0
gonzaal02,1999,1,0,0
gonzalu01,1999,1,0,0
guerrvl01,1999,1,0,0
gwynnto01,1999,1,0,0
jordabr01,1999,1,0,0
kentje01,1999,1,0,0
liebemi01,1999,1,0,0
nilssda01,1999,1,0,0
sheffga01,1999,1,0,0
spraged02,1999,1,0,0
rodriiv01,2000,1,1,2
giambja01,2000,1,1,3
alomaro01,2000,1,1,4
frymatr01,2000,1,1,5
jeterde01,2000,1,1,6
evereca01,2000,1,1,7
willibe02,2000,1,1,8
dyeje01,2000,1,1,9
batisto01,2000,1,0,0
bordimi01,2000,1,0,0
delgaca01,2000,1,0,0
durhara01,2000,1,0,0
erstada01,2000,1,0,0
garcino01,2000,1,0,0
glaustr01,2000,1,0,0
lawtoma02,2000,1,0,0
martied01,2000,1,0,0
mcgrifr01,2000,1,0,0
ordonma01,2000,1,0,0
posadjo01,2000,1,0,0
ramirma02,2000,1,0,0
ripkeca01,2000,1,0,0
rodrial01,2000,1,0,0
sweenmi01,2000,1,0,0
kendaja01,2000,1,1,2
galaran01,2000,1,1,3
kentje01,2000,1,1,4
jonesch06,2000,1,1,5
larkiba01,2000,1,1,6
guerrvl01,2000,1,1,7
edmonji01,2000,1,1,8
sosasa01,2000,1,1,9
alfoned01,2000,1,0,0
bondsba01,2000,1,0,0
cirilje01,2000,1,0,0
finlest01,2000,1,0,0
gilesbr02,2000,1,0,0
girarjo01,2000,1,0,0
griffke02,2000,1,0,0
hammoje01,2000,1,0,0
heltoto01,2000,1,0,0
jonesan01,2000,1,0,0
liebemi01,2000,1,0,0
mcgwima01,2000,1,0,0
piazzmi01,2000,1,0,0
renteed01,2000,1,0,0
sheffga01,2000,1,0,0
vidrojo01,2000,1,0,0
rodriiv01,2001,1,1,2
olerujo01,2001,1,1,3
boonebr01,2001,1,1,4
rodrial01,2001,1,1,5
ripkeca01,2001,1,1,6
ramirma02,2001,1,1,7
suzukic01,2001,1,1,8
gonzaju03,2001,1,1,9
martied01,2001,1,1,10
alomaro01,2001,1,0,0
camermi01,2001,1,0,0
clarkto02,2001,1,0,0
giambja01,2001,1,0,0
glaustr01,2001,1,0,0
guzmacr01,2001,1,0,0
jeterde01,2001,1,0,0
ordonma01,2001,1,0,0
posadjo01,2001,1,0,0
sweenmi01,2001,1,0,0
vaughgr01,2001,1,0,0
willibe02,2001,1,0,0
piazzmi01,2001,1,1,2
heltoto01,2001,1,1,3
kentje01,2001,1,1,4
jonesch06,2001,1,1,5
aurilri01,2001,1,1,6
bondsba01,2001,1,1,7
gonzalu01,2001,1,1,8
sosasa01,2001,1,1,9
walkela01,2001,1,1,10
aloumo01,2001,1,0,0
berkmla01,2001,1,0,0
caseyse01,2001,1,0,0
floydcl01,2001,1,0,0
gilesbr02,2001,1,0,0
guerrvl01,2001,1,0,0
johnsch04,2001,1,0,0
kleskry01,2001,1,0,0
nevinph01,2001,1,0,0
pujolal01,2001,1,0,0
rolliji01,2001,1,0,0
posadjo01,2002,1,1,2
giambja01,2002,1,1,3
soriaal01,2002,1,1,4
hillesh02,2002,1,1,5
rodrial01,2002,1,1,6
ramirma02,2002,1,1,7
hunteto01,2002,1,1,8
suzukic01,2002,1,1,9
anderga01,2002,1,0,0
batisto01,2002,1,0,0
damonjo01,2002,1,0,0
fickro01,2002,1,0,0
garcino01,2002,1,0,0
jeterde01,2002,1,0,0
konerpa01,2002,1,0,0
pierzaj01,2002,1,0,0
sweenmi01,2002,1,0,0
tejadmi01,2002,1,0,0
venturo01,2002,1,0,0
vizquom01,2002,1,0,0
winnra01,2002,1,0,0
piazzmi01,2002,1,1,2
heltoto01,2002,1,1,3
vidrojo01,2002,1,1,4
rolensc01,2002,1,1,5
rolliji01,2002,1,1,6
bondsba01,2002,1,1,7
guerrvl01,2002,1,1,8
sosasa01,2002,1,1,9
berkmla01,2002,1,0,0
castilu01,2002,1,0,0
dunnad01,2002,1,0,0
gonzalu01,2002,1,0,0
greensh01,2002,1,0,0
hernajo01,2002,1,0,0
jonesan01,2002,1,0,0
lowelmi01,2002,1,0,0
milleda02,2002,1,0,0
santibe01,2002,1,0,0
sexsori01,2002,1,0,0
spiveju01,2002,1,0,0
posadjo01,2003,1,1,2
delgaca01,2003,1,1,3
soriaal01,2003,1,1,4
glaustr01,2003,1,1,5
rodrial01,2003,1,1,6
anderga01,2003,1,1,7
matsuhi01,2003,1,1,8
suzukic01,2003,1,1,9
martied01,2003,1,1,10
blaloha01,2003,1,0,0
boonebr01,2003,1,0,0
evereca01,2003,1,0,0
garcino01,2003,1,0,0
giambja01,2003,1,0,0
hernara02,2003,1,0,0
morame01,2003,1,0,0
ordonma01,2003,1,0,0
ramirma02,2003,1,0,0
sweenmi01,2003,1,0,0
varitja01,2003,1,0,0
wellsve01,2003,1,0,0
youngdm01,2003,1,0,0
lopezja01,2003,1,1,2
heltoto01,2003,1,1,3
vidrojo01,2003,1,1,4
rolensc01,2003,1,1,5
renteed01,2003,1,1,6
pujolal01,2003,1,1,7
edmonji01,2003,1,1,8
sheffga01,2003,1,1,9
bondsba01,2003,1,1,10
booneaa01,2003,1,0,0
castilu01,2003,1,0,0
furcara01,2003,1,0,0
gilesma01,2003,1,0,0
gonzalu01,2003,1,0,0
jenkige01,2003,1,0,0
jonesan01,2003,1,0,0
loducpa01,2003,1,0,0
lowelmi01,2003,1,0,0
sexsori01,2003,1,0,0
whitero02,2003,1,0,0
wilsopr01,2003,1,0,0
rodriiv01,2004,1,1,2
giambja01,2004,1,1,3
soriaal01,2004,1,1,4
rodrial01,2004,1,1,5
jeterde01,2004,1,1,6
ramirma02,2004,1,1,7
suzukic01,2004,1,1,8
guerrvl01,2004,1,1,9
belliro01,2004,1,0,0
blaloha01,2004,1,0,0
crawfca02,2004,1,0,0
guillca01,2004,1,0,0
harveke01,2004,1,0,0
lawtoma02,2004,1,0,0
martivi01,2004,1,0,0
matsuhi01,2004,1,0,0
ortizda01,2004,1,0,0
sheffga01,2004,1,0,0
tejadmi01,2004,1,0,0
youngmi02,2004,1,0,0
piazzmi01,2004,1,1,2
pujolal01,2004,1,1,3
kentje01,2004,1,1,4
rolensc01,2004,1,1,5
renteed01,2004,1,1,6
bondsba01,2004,1,1,7
berkmla01,2004,1,1,8
sosasa01,2004,1,1,9
abreubo01,2004,1,0,0
aloumo01,2004,1,0,0
beltrca01,2004,1,0,0
cabremi01,2004,1,0,0
caseyse01,2004,1,0,0
estrajo01,2004,1,0,0
griffke02,2004,1,0,0
heltoto01,2004,1,0,0
larkiba01,2004,1,0,0
loducpa01,2004,1,0,0
loretma01,2004,1,0,0
lowelmi01,2004,1,0,0
thomeji01,2004,1,0,0
wilsoja02,2004,1,0,0
varitja01,2005,1,1,2
teixema01,2005,1,1,3
roberbr01,2005,1,1,4
rodrial01,2005,1,1,5
tejadmi01,2005,1,1,6
ramirma02,2005,1,1,7
damonjo01,2005,1,1,8
guerrvl01,2005,1,1,9
ortizda01,2005,1,1,10
anderga01,2005,1,0,0
hillesh02,2005,1,0,0
konerpa01,2005,1,0,0
morame01,2005,1,0,0
podsesc01,2005,1,0,0
rodriiv01,2005,1,0,0
sheffga01,2005,1,0,0
soriaal01,2005,1,0,0
suzukic01,2005,1,0,0
sweenmi01,2005,1,0,0
youngmi02,2005,1,0,0
piazzmi01,2005,1,1,2
leede02,2005,1,1,3
kentje01,2005,1,1,4
ramirar01,2005,1,1,5
eckstda01,2005,1,1,6
beltrca01,2005,1,1,7
edmonji01,2005,1,1,8
abreubo01,2005,1,1,9
pujolal01,2005,1,1,10
aloumo01,2005,1,0,0
bayja01,2005,1,0,0
cabremi01,2005,1,0,0
castilu01,2005,1,0,0
ensbemo01,2005,1,0,0
gonzalu01,2005,1,0,0
izturce01,2005,1,0,0
jonesan01,2005,1,0,0
leeca01,2005,1,0,0
loducpa01,2005,1,0,0
lopezfe01,2005,1,0,0
rolensc01,2005,1,0,0
rolliji01,2005,1,0,0
rodriiv01,2006,1,1,2
ortizda01,2006,1,1,3
loretma01,2006,1,1,4
rodrial01,2006,1,1,5
jeterde01,2006,1,1,6
guerrvl01,2006,1,1,7
wellsve01,2006,1,1,8
suzukic01,2006,1,1,9
canoro01,2006,1,0,0
dyeje01,2006,1,0,0
glaustr01,2006,1,0,0
konerpa01,2006,1,0,0
lopezjo01,2006,1,0,0
matthga02,2006,1,0,0
mauerjo01,2006,1,0,0
ordonma01,2006,1,0,0
pierzaj01,2006,1,0,0
ramirma02,2006,1,0,0
riosal01,2006,1,0,0
sizemgr01,2006,1,0,0
tejadmi01,2006,1,0,0
thomeji01,2006,1,0,0
youngmi02,2006,1,0,0
loducpa01,2006,1,1,2
pujolal01,2006,1,1,3
utleych01,2006,1,1,4
wrighda03,2006,1,1,5
renteed01,2006,1,1,6
soriaal01,2006,1,1,7
beltrca01,2006,1,1,8
bayja01,2006,1,1,9
berkmla01,2006,1,0,0
cabremi01,2006,1,0,0
eckstda01,2006,1,0,0
garcino01,2006,1,0,0
hollima01,2006,1,0,0
howarry01,2006,1,0,0
jonesan01,2006,1,0,0
leeca01,2006,1,0,0
mccanbr01,2006,1,0,0
reyesjo01,2006,1,0,0
rolensc01,2006,1,0,0
sanchfr01,2006,1,0,0
ugglada01,2006,1,0,0
rodriiv01,2007,1,1,2
ortizda01,2007,1,1,3
polanpl01,2007,1,1,4
rodrial01,2007,1,1,5
jeterde01,2007,1,1,6
ordonma01,2007,1,1,7
suzukic01,2007,1,1,8
guerrvl01,2007,1,1,9
crawfca02,2007,1,0,0
guillca01,2007,1,0,0
hunteto01,2007,1,0,0
lowelmi01,2007,1,0,0
martivi01,2007,1,0,0
morneju01,2007,1,0,0
posadjo01,2007,1,0,0
ramirma02,2007,1,0,0
riosal01,2007,1,0,0
roberbr01,2007,1,0,0
sizemgr01,2007,1,0,0
youngmi02,2007,1,0,0
martiru01,2007,1,1,2
fieldpr01,2007,1,1,3
utleych01,2007,1,1,4
wrighda03,2007,1,1,5
reyesjo01,2007,1,1,6
bondsba01,2007,1,1,7
beltrca01,2007,1,1,8
griffke02,2007,1,1,9
cabremi01,2007,1,0,0
hardyjj01,2007,1,0,0
hollima01,2007,1,0,0
hudsoor01,2007,1,0,0
leeca01,2007,1,0,0
leede02,2007,1,0,0
mccanbr01,2007,1,0,0
pujolal01,2007,1,0,0
rowanaa01,2007,1,0,0
sanchfr01,2007,1,0,0
soriaal01,2007,1,0,0
youngdm01,2007,1,0,0
mauerjo01,2008,1,1,2
youklke01,2008,1,1,3
pedrodu01,2008,1,1,4
rodrial01,2008,1,1,5
jeterde01,2008,1,1,6
ramirma02,2008,1,1,7
hamiljo03,2008,1,1,8
suzukic01,2008,1,1,9
bradlmi01,2008,1,1,10
credejo01,2008,1,0,0
drewjd01,2008,1,0,0
guillca01,2008,1,0,0
kinslia01,2008,1,0,0
longoev01,2008,1,0,0
morneju01,2008,1,0,0
navardi01,2008,1,0,0
ortizda01,2008,1,0,0
quentca01,2008,1,0,0
sizemgr01,2008,1,0,0
varitja01,2008,1,0,0
youngmi02,2008,1,0,0
sotoge01,2008,1,1,2
berkmla01,2008,1,1,3
utleych01,2008,1,1,4
jonesch06,2008,1,1,5
ramirha01,2008,1,1,6
braunry02,2008,1,1,7
fukudko01,2008,1,1,8
hollima01,2008,1,1,9
pujolal01,2008,1,1,10
gonzaad01,2008,1,0,0
guzmacr01,2008,1,0,0
hartco01,2008,1,0,0
ludwiry01,2008,1,0,0
martiru01,2008,1,0,0
mccanbr01,2008,1,0,0
mclouna01,2008,1,0,0
ramirar01,2008,1,0,0
soriaal01,2008,1,0,0
tejadmi01,2008,1,0,0
ugglada01,2008,1,0,0
wrighda03,2008,1,0,0
mauerjo01,2009,1,1,2
teixema01,2009,1,1,3
hillaa01,2009,1,1,4
youngmi02,2009,1,1,5
jeterde01,2009,1,1,6
bayja01,2009,1,1,7
hamiljo03,2009,1,1,8
suzukic01,2009,1,1,9
bartlja01,2009,1,0,0
crawfca02,2009,1,0,0
cruzne02,2009,1,0,0
figgich01,2009,1,0,0
grandcu01,2009,1,0,0
hunteto01,2009,1,0,0
ingebr01,2009,1,0,0
jonesad01,2009,1,0,0
longoev01,2009,1,0,0
martivi01,2009,1,0,0
morneju01,2009,1,0,0
pedrodu01,2009,1,0,0
penaca01,2009,1,0,0
youklke01,2009,1,0,0
zobribe01,2009,1,0,0
molinya01,2009,1,1,2
pujolal01,2009,1,1,3
utleych01,2009,1,1,4
wrighda03,2009,1,1,5
ramirha01,2009,1,1,6
ibanera01,2009,1,1,7
victosh01,2009,1,1,8
braunry02,2009,1,1,9
beltrca01,2009,1,0,0
fieldpr01,2009,1,0,0
gonzaad01,2009,1,0,0
hawpebr01,2009,1,0,0
howarry01,2009,1,0,0
hudsoor01,2009,1,0,0
mccanbr01,2009,1,0,0
pencehu01,2009,1,0,0
sanchfr01,2009,1,0,0
tejadmi01,2009,1,0,0
uptonju01,2009,1,0,0
werthja01,2009,1,0,0
zimmery01,2009,1,0,0
mauerjo01,2010,1,1,2
cabremi01,2010,1,1,3
canoro01,2010,1,1,4
longoev01,2010,1,1,5
jeterde01,2010,1,1,6
crawfca02,2010,1,1,7
hamiljo03,2010,1,1,8
suzukic01,2010,1,1,9
guerrvl01,2010,1,1,10
andruel01,2010,1,0,0
bautijo02,2010,1,0,0
beltrad01,2010,1,0,0
buckjo01,2010,1,0,0
hunteto01,2010,1,0,0
kinslia01,2010,1,0,0
konerpa01,2010,1,0,0
martivi01,2010,1,0,0
morneju01,2010,1,0,0
ortizda01,2010,1,0,0
pedrodu01,2010,1,0,0
rodrial01,2010,1,0,0
swishni01,2010,1,0,0
wellsve01,2010,1,0,0
wiggity01,2010,1,0,0
molinya01,2010,1,1,2
pujolal01,2010,1,1,3
pradoma01,2010,1,1,4
wrighda03,2010,1,1,5
ramirha01,2010,1,1,6
braunry02,2010,1,1,7
ethiean01,2010,1,1,8
hartco01,2010,1,1,9
howarry01,2010,1,1,10
bournmi01,2010,1,0,0
byrdma01,2010,1,0,0
furcara01,2010,1,0,0
gonzaad01,2010,1,0,0
heywaja01,2010,1,0,0
hollima01,2010,1,0,0
infanom01,2010,1,0,0
mccanbr01,2010,1,0,0
phillbr01,2010,1,0,0
reyesjo01,2010,1,0,0
rolensc01,2010,1,0,0
tulowtr01,2010,1,0,0
utleych01,2010,1,0,0
vottojo01,2010,1,0,0
youngch04,2010,1,0,0
ortizda01,2011,1,1,0
avilaal01,2011,1,1,2
gonzaad01,2011,1,1,3
canoro01,2011,1,1,4
beltrad01,2011,1,1,5
cabreas01,2011,1,1,6
hamiljo03,2011,1,1,7
grandcu01,2011,1,1,8
bautijo02,2011,1,1,9
cabremi01,2011,1,0,0
cuddymi01,2011,1,0,0
ellsbja01,2011,1,0,0
jeterde01,2011,1,0,0
joycema01,2011,1,0,0
kendrho01,2011,1,0,0
konerpa01,2011,1,0,0
martiru01,2011,1,0,0
peraljh01,2011,1,0,0
quentca01,2011,1,0,0
rodrial01,2011,1,0,0
wietema01,2011,1,0,0
youklke01,2011,1,0,0
youngmi02,2011,1,0,0
beltrca01,2011,1,1,0
mccanbr01,2011,1,1,2
fieldpr01,2011,1,1,3
weeksri01,2011,1,1,4
rolensc01,2011,1,1,5
tulowtr01,2011,1,1,6
hollima01,2011,1,1,7
kempma01,2011,1,1,8
berkmla01,2011,1,1,9
braunry02,2011,1,0,0
bruceja01,2011,1,0,0
castrst01,2011,1,0,0
ethiean01,2011,1,0,0
jonesch06,2011,1,0,0
mccutan01,2011,1,0,0
molinya01,2011,1,0,0
montemi01,2011,1,0,0
pencehu01,2011,1,0,0
phillbr01,2011,1,0,0
polanpl01,2011,1,0,0
reyesjo01,2011,1,0,0
sanchga01,2011,1,0,0
sandopa01,2011,1,0,0
uptonju01,2011,1,0,0
victosh01,2011,1,0,0
vottojo01,2011,1,0,0
ortizda01,2012,1,1,0
napolmi01,2012,1,1,2
fieldpr01,2012,1,1,3
canoro01,2012,1,1,4
beltrad01,2012,1,1,5
jeterde01,2012,1,1,6
hamiljo03,2012,1,1,7
grandcu01,2012,1,1,8
bautijo02,2012,1,1,9
andruel01,2012,1,0,0
butlebi03,2012,1,0,0
cabreas01,2012,1,0,0
cabremi01,2012,1,0,0
dunnad01,2012,1,0,0
jonesad01,2012,1,0,0
kinslia01,2012,1,0,0
konerpa01,2012,1,0,0
mauerjo01,2012,1,0,0
troutmi01,2012,1,0,0
trumbma01,2012,1,0,0
wietema01,2012,1,0,0
gonzaca01,2012,1,1,0
poseybu01,2012,1,1,2
vottojo01,2012,1,1,3
ugglada01,2012,1,1,4
sandopa01,2012,1,1,5
furcara01,2012,1,1,6
braunry02,2012,1,1,7
cabreme01,2012,1,1,8
beltrca01,2012,1,1,9
altuvjo01,2012,1,0,0
bournmi01,2012,1,0,0
bruceja01,2012,1,0,0
castrst01,2012,1,0,0
desmoia01,2012,1,0,0
freesda01,2012,1,0,0
harpebr03,2012,1,0,0
hollima01,2012,1,0,0
jonesch06,2012,1,0,0
kempma01,2012,1,0,0
mccutan01,2012,1,0,0
molinya01,2012,1,0,0
ruizca01,2012,1,0,0
stantmi03,2012,1,0,0
wrighda03,2012,1,0,0
ortizda01,2013,1,1,0
mauerjo01,2013,1,1,2
davisch02,2013,1,1,3
canoro01,2013,1,1,4
cabremi01,2013,1,1,5
hardyjj01,2013,1,1,6
troutmi01,2013,1,1,7
jonesad01,2013,1,1,8
bautijo02,2013,1,1,9
castrja01,2013,1,0,0
cruzne02,2013,1,0,0
encared01,2013,1,0,0
fieldpr01,2013,1,0,0
gordoal01,2013,1,0,0
hunteto01,2013,1,0,0
kipnija01,2013,1,0,0
machama01,2013,1,0,0
pedrodu01,2013,1,0,0
peraljh01,2013,1,0,0
perezsa02,2013,1,0,0
zobribe01,2013,1,0,0
cuddymi01,2013,1,1,0
molinya01,2013,1,1,2
vottojo01,2013,1,1,3
phillbr01,2013,1,1,4
wrighda03,2013,1,1,5
tulowtr01,2013,1,1,6
gonzaca01,2013,1,1,7
harpebr03,2013,1,1,8
beltrca01,2013,1,1,9
alvarpe01,2013,1,0,0
browndo01,2013,1,0,0
cabreev01,2013,1,0,0
carpema01,2013,1,0,0
craigal01,2013,1,0,0
freemfr01,2013,1,0,0
goldspa01,2013,1,0,0
gomezca01,2013,1,0,0
mccanbr01,2013,1,0,0
mccutan01,2013,1,0,0
poseybu01,2013,1,0,0
scutama01,2013,1,0,0
segurje01,2013,1,0,0
cruzne02,2014,1,1,0
perezsa02,2014,1,1,2
cabremi01,2014,1,1,3
canoro01,2014,1,1,4
donaljo02,2014,1,1,5
jeterde01,2014,1,1,6
troutmi01,2014,1,1,7
jonesad01,2014,1,1,8
bautijo02,2014,1,1,9
abreujo02,2014,1,0,0
altuvjo01,2014,1,0,0
aybarer01,2014,1,0,0
beltrad01,2014,1,0,0
brantmi02,2014,1,0,0
cespeyo01,2014,1,0,0
encared01,2014,1,0,0
gordoal01,2014,1,0,0
kinslia01,2014,1,0,0
martivi01,2014,1,0,0
mossbr01,2014,1,0,0
norride01,2014,1,0,0
ramiral03,2014,1,0,0
seageky01,2014,1,0,0
suzukku01,2014,1,0,0
wietema01,2014,1,0,0
utleych01,2014,1,1,1
freemfr01,2014,1,1,3
tulowtr01,2014,1,1,4
puigya01,2014,1,1,5
goldspa01,2014,1,1,7
lucrojo01,2014,1,1,8
pencehu01,2014,1,1,9
blackch02,2014,1,0,0
carpema01,2014,1,0,0
castrst01,2014,1,0,0
frazito01,2014,1,0,0
gomezca01,2014,1,0,0
gordode01,2014,1,0,0
harrijo05,2014,1,0,0
mccutan01,2014,1,0,0
mesorde01,2014,1,0,0
molinya01,2014,1,0,0
montemi01,2014,1,0,0
murphda08,2014,1,0,0
ramirar01,2014,1,0,0
rizzoan01,2014,1,0,0
stantmi03,2014,1,0,0
pujolal01,2015,1,1,3
troutmi01,2015,1,1,8
altuvjo01,2015,1,1,4
vogtst01,2015,1,0,0
donaljo02,2015,1,1,5
martiru01,2015,1,0,0
kipnija01,2015,1,0,0
cruzne02,2015,1,1,0
jonesad01,2015,1,1,7
machama01,2015,1,0,0
fieldpr01,2015,1,0,0
holtbr01,2015,1,0,0
perezsa02,2015,1,1,2
escobal02,2015,1,1,6
cainlo01,2015,1,1,9
moustmi01,2015,1,0,0
martijd02,2015,1,0,0
iglesjo01,2015,1,0,0
doziebr01,2015,1,0,0
gardnbr01,2015,1,0,0
teixema01,2015,1,0,0
braunry02,2015,1,0,0
peraljh01,2015,1,1,6
molinya01,2015,1,0,0
rizzoan01,2015,1,1,0
bryankr01,2015,1,0,0
goldspa01,2015,1,1,3
polloaj01,2015,1,0,0
pederjo01,2015,1,1,7
gonzaad01,2015,1,0,0
grandya01,2015,1,0,0
poseybu01,2015,1,1,2
crawfbr01,2015,1,0,0
panikjo01,2015,1,0,0
harpebr03,2015,1,1,9
uptonju01,2015,1,0,0
mccutan01,2015,1,1,8
frazito01,2015,1,1,5
lemahdj01,2015,1,1,4
arenano01,2015,1,0,0
tulowtr01,2015,1,0,0
bautijo02,2015,1,0,0
hollima01,2015,1,0,0
gordode01,2015,1,0,0
stantmi03,2015,1,0,0
gordoal01,2015,1,0,0
cabremi01,2015,1,0,0
altuvjo01,2016,1,1,4
bettsmo01,2016,1,1,9
bogaexa01,2016,1,1,6
bradlja02,2016,1,1,7
beltrca01,2016,1,0,0
cabremi01,2016,1,0,0
canoro01,2016,1,0,0
desmoia01,2016,1,0,0
donaljo02,2016,1,0,0
encared01,2016,1,0,0
hosmeer01,2016,1,1,3
lindofr01,2016,1,0,0
machama01,2016,1,1,5
nunezed02,2016,1,0,0
ortizda01,2016,1,1,0
perezsa02,2016,1,1,2
saundmi01,2016,1,0,0
troutmi01,2016,1,1,8
trumbma01,2016,1,0,0
vogtst01,2016,1,0,0
wietema01,2016,1,0,0
arenano01,2016,1,0,0
bryankr01,2016,1,1,5
fowlede01,2016,1,0,0
beltbr01,2016,1,0,0
bruceja01,2016,1,0,0
carpema01,2016,1,0,0
cespeyo01,2016,1,0,0
goldspa01,2016,1,0,0
gonzaca01,2016,1,1,7
harpebr03,2016,1,1,9
herreod01,2016,1,0,0
lucrojo01,2016,1,0,0
martest01,2016,1,0,0
murphda08,2016,1,0,0
myerswi01,2016,1,1,0
ozunama01,2016,1,1,8
poseybu01,2016,1,1,2
ramoswi01,2016,1,0,0
rizzoan01,2016,1,1,3
russead02,2016,1,1,6
zobribe01,2016,1,1,4
