aaron-suttles,http://collegefootball.ap.org/teams/alabama,http://collegefootball.ap.org/teams/clemson,http://collegefootball.ap.org/teams/oklahoma,http://collegefootball.ap.org/teams/penn-state,http://collegefootball.ap.org/teams/washington,http://collegefootball.ap.org/teams/usc,http://collegefootball.ap.org/teams/ohio-state,http://collegefootball.ap.org/teams/wisconsin,http://collegefootball.ap.org/teams/michigan,http://collegefootball.ap.org/teams/georgia,http://collegefootball.ap.org/teams/tcu,http://collegefootball.ap.org/teams/virginia-tech,http://collegefootball.ap.org/teams/oklahoma-state,http://collegefootball.ap.org/teams/miami-fl,http://collegefootball.ap.org/teams/auburn,http://collegefootball.ap.org/teams/washington-state,http://collegefootball.ap.org/teams/louisville,http://collegefootball.ap.org/teams/south-florida,http://collegefootball.ap.org/teams/utah,http://collegefootball.ap.org/teams/west-virginia,http://collegefootball.ap.org/teams/notre-dame,http://collegefootball.ap.org/teams/texas-tech,http://collegefootball.ap.org/teams/lsu,http://collegefootball.ap.org/teams/san-diego-state,http://collegefootball.ap.org/teams/iowa
adam-jude,http://collegefootball.ap.org/teams/alabama,http://collegefootball.ap.org/teams/clemson,http://collegefootball.ap.org/teams/oklahoma,http://collegefootball.ap.org/teams/usc,http://collegefootball.ap.org/teams/washington,http://collegefootball.ap.org/teams/penn-state,http://collegefootball.ap.org/teams/wisconsin,http://collegefootball.ap.org/teams/tcu,http://collegefootball.ap.org/teams/ohio-state,http://collegefootball.ap.org/teams/michigan,http://collegefootball.ap.org/teams/virginia-tech,http://collegefootball.ap.org/teams/georgia,http://collegefootball.ap.org/teams/auburn,http://collegefootball.ap.org/teams/south-florida,http://collegefootball.ap.org/teams/miami-fl,http://collegefootball.ap.org/teams/louisville,http://collegefootball.ap.org/teams/washington-state,http://collegefootball.ap.org/teams/oklahoma-state,http://collegefootball.ap.org/teams/utah,http://collegefootball.ap.org/teams/mississippi-state,http://collegefootball.ap.org/teams/north-carolina-state,http://collegefootball.ap.org/teams/memphis,http://collegefootball.ap.org/teams/san-diego-state,http://collegefootball.ap.org/teams/lsu,http://collegefootball.ap.org/teams/florida
adam-zucker,http://collegefootball.ap.org/teams/alabama,http://collegefootball.ap.org/teams/clemson,http://collegefootball.ap.org/teams/oklahoma,http://collegefootball.ap.org/teams/penn-state,http://collegefootball.ap.org/teams/usc,http://collegefootball.ap.org/teams/georgia,http://collegefootball.ap.org/teams/washington,http://collegefootball.ap.org/teams/michigan,http://collegefootball.ap.org/teams/wisconsin,http://collegefootball.ap.org/teams/virginia-tech,http://collegefootball.ap.org/teams/tcu,http://collegefootball.ap.org/teams/ohio-state,http://collegefootball.ap.org/teams/oklahoma-state,http://collegefootball.ap.org/teams/miami-fl,http://collegefootball.ap.org/teams/south-florida,http://collegefootball.ap.org/teams/washington-state,http://collegefootball.ap.org/teams/louisville,http://collegefootball.ap.org/teams/san-diego-state,http://collegefootball.ap.org/teams/utah,http://collegefootball.ap.org/teams/notre-dame,http://collegefootball.ap.org/teams/auburn,http://collegefootball.ap.org/teams/west-virginia,http://collegefootball.ap.org/teams/minnesota,http://collegefootball.ap.org/teams/florida,http://collegefootball.ap.org/teams/wake-forest
andy-bitter,http://collegefootball.ap.org/teams/alabama,http://collegefootball.ap.org/teams/oklahoma,http://collegefootball.ap.org/teams/clemson,http://collegefootball.ap.org/teams/penn-state,http://collegefootball.ap.org/teams/usc,http://collegefootball.ap.org/teams/georgia,http://collegefootball.ap.org/teams/tcu,http://collegefootball.ap.org/teams/michigan,http://collegefootball.ap.org/teams/washington,http://collegefootball.ap.org/teams/virginia-tech,http://collegefootball.ap.org/teams/ohio-state,http://collegefootball.ap.org/teams/wisconsin,http://collegefootball.ap.org/teams/oklahoma-state,http://collegefootball.ap.org/teams/auburn,http://collegefootball.ap.org/teams/miami-fl,http://collegefootball.ap.org/teams/louisville,http://collegefootball.ap.org/teams/notre-dame,http://collegefootball.ap.org/teams/washington-state,http://collegefootball.ap.org/teams/west-virginia,http://collegefootball.ap.org/teams/san-diego-state,http://collegefootball.ap.org/teams/utah,http://collegefootball.ap.org/teams/florida,http://collegefootball.ap.org/teams/memphis,http://collegefootball.ap.org/teams/north-carolina-state,http://collegefootball.ap.org/teams/mississippi-state
andy-greder,http://collegefootball.ap.org/teams/alabama,http://collegefootball.ap.org/teams/clemson,http://collegefootball.ap.org/teams/oklahoma,http://collegefootball.ap.org/teams/georgia,http://collegefootball.ap.org/teams/penn-state,http://collegefootball.ap.org/teams/ohio-state,http://collegefootball.ap.org/teams/washington,http://collegefootball.ap.org/teams/tcu,http://collegefootball.ap.org/teams/usc,http://collegefootball.ap.org/teams/wisconsin,http://collegefootball.ap.org/teams/michigan,http://collegefootball.ap.org/teams/oklahoma-state,http://collegefootball.ap.org/teams/miami-fl,http://collegefootball.ap.org/teams/auburn,http://collegefootball.ap.org/teams/louisville,http://collegefootball.ap.org/teams/south-florida,http://collegefootball.ap.org/teams/virginia-tech,http://collegefootball.ap.org/teams/washington-state,http://collegefootball.ap.org/teams/florida,http://collegefootball.ap.org/teams/notre-dame,http://collegefootball.ap.org/teams/mississippi-state,http://collegefootball.ap.org/teams/lsu,http://collegefootball.ap.org/teams/utah,http://collegefootball.ap.org/teams/san-diego-state,http://collegefootball.ap.org/teams/west-virginia
bill-landis,http://collegefootball.ap.org/teams/alabama,http://collegefootball.ap.org/teams/oklahoma,http://collegefootball.ap.org/teams/clemson,http://collegefootball.ap.org/teams/georgia,http://collegefootball.ap.org/teams/penn-state,http://collegefootball.ap.org/teams/usc,http://collegefootball.ap.org/teams/michigan,http://collegefootball.ap.org/teams/tcu,http://collegefootball.ap.org/teams/ohio-state,http://collegefootball.ap.org/teams/wisconsin,http://collegefootball.ap.org/teams/washington,http://collegefootball.ap.org/teams/virginia-tech,http://collegefootball.ap.org/teams/notre-dame,http://collegefootball.ap.org/teams/miami-fl,http://collegefootball.ap.org/teams/auburn,http://collegefootball.ap.org/teams/oklahoma-state,http://collegefootball.ap.org/teams/washington-state,http://collegefootball.ap.org/teams/utah,http://collegefootball.ap.org/teams/san-diego-state,http://collegefootball.ap.org/teams/west-virginia,http://collegefootball.ap.org/teams/florida,http://collegefootball.ap.org/teams/north-carolina-state,http://collegefootball.ap.org/teams/duke,http://collegefootball.ap.org/teams/mississippi-state,http://collegefootball.ap.org/teams/florida-state
bob-asmussen,http://collegefootball.ap.org/teams/alabama,http://collegefootball.ap.org/teams/clemson,http://collegefootball.ap.org/teams/oklahoma,http://collegefootball.ap.org/teams/usc,http://collegefootball.ap.org/teams/michigan,http://collegefootball.ap.org/teams/penn-state,http://collegefootball.ap.org/teams/washington,http://collegefootball.ap.org/teams/wisconsin,http://collegefootball.ap.org/teams/ohio-state,http://collegefootball.ap.org/teams/georgia,http://collegefootball.ap.org/teams/tcu,http://collegefootball.ap.org/teams/auburn,http://collegefootball.ap.org/teams/south-florida,http://collegefootball.ap.org/teams/miami-fl,http://collegefootball.ap.org/teams/virginia-tech,http://collegefootball.ap.org/teams/oklahoma-state,http://collegefootball.ap.org/teams/washington-state,http://collegefootball.ap.org/teams/florida,http://collegefootball.ap.org/teams/louisville,http://collegefootball.ap.org/teams/san-diego-state,http://collegefootball.ap.org/teams/utah,http://collegefootball.ap.org/teams/notre-dame,http://collegefootball.ap.org/teams/mississippi-state,http://collegefootball.ap.org/teams/lsu,http://collegefootball.ap.org/teams/west-virginia
brent-axe,http://collegefootball.ap.org/teams/alabama,http://collegefootball.ap.org/teams/clemson,http://collegefootball.ap.org/teams/oklahoma,http://collegefootball.ap.org/teams/penn-state,http://collegefootball.ap.org/teams/washington,http://collegefootball.ap.org/teams/georgia,http://collegefootball.ap.org/teams/usc,http://collegefootball.ap.org/teams/michigan,http://collegefootball.ap.org/teams/ohio-state,http://collegefootball.ap.org/teams/tcu,http://collegefootball.ap.org/teams/wisconsin,http://collegefootball.ap.org/teams/virginia-tech,http://collegefootball.ap.org/teams/auburn,http://collegefootball.ap.org/teams/south-florida,http://collegefootball.ap.org/teams/miami-fl,http://collegefootball.ap.org/teams/washington-state,http://collegefootball.ap.org/teams/louisville,http://collegefootball.ap.org/teams/oklahoma-state,http://collegefootball.ap.org/teams/san-diego-state,http://collegefootball.ap.org/teams/utah,http://collegefootball.ap.org/teams/north-carolina-state,http://collegefootball.ap.org/teams/duke,http://collegefootball.ap.org/teams/florida,http://collegefootball.ap.org/teams/west-virginia,http://collegefootball.ap.org/teams/lsu
bret-bloomquist,http://collegefootball.ap.org/teams/alabama,http://collegefootball.ap.org/teams/clemson,http://collegefootball.ap.org/teams/oklahoma,http://collegefootball.ap.org/teams/washington,http://collegefootball.ap.org/teams/penn-state,http://collegefootball.ap.org/teams/georgia,http://collegefootball.ap.org/teams/tcu,http://collegefootball.ap.org/teams/usc,http://collegefootball.ap.org/teams/michigan,http://collegefootball.ap.org/teams/ohio-state,http://collegefootball.ap.org/teams/wisconsin,http://collegefootball.ap.org/teams/miami-fl,http://collegefootball.ap.org/teams/virginia-tech,http://collegefootball.ap.org/teams/oklahoma-state,http://collegefootball.ap.org/teams/south-florida,http://collegefootball.ap.org/teams/auburn,http://collegefootball.ap.org/teams/washington-state,http://collegefootball.ap.org/teams/utah,http://collegefootball.ap.org/teams/louisville,http://collegefootball.ap.org/teams/florida,http://collegefootball.ap.org/teams/notre-dame,http://collegefootball.ap.org/teams/san-diego-state,http://collegefootball.ap.org/teams/mississippi-state,http://collegefootball.ap.org/teams/west-virginia,http://collegefootball.ap.org/teams/lsu
brian-howell,http://collegefootball.ap.org/teams/alabama,http://collegefootball.ap.org/teams/clemson,http://collegefootball.ap.org/teams/usc,http://collegefootball.ap.org/teams/oklahoma,http://collegefootball.ap.org/teams/penn-state,http://collegefootball.ap.org/teams/washington,http://collegefootball.ap.org/teams/georgia,http://collegefootball.ap.org/teams/ohio-state,http://collegefootball.ap.org/teams/michigan,http://collegefootball.ap.org/teams/tcu,http://collegefootball.ap.org/teams/wisconsin,http://collegefootball.ap.org/teams/virginia-tech,http://collegefootball.ap.org/teams/oklahoma-state,http://collegefootball.ap.org/teams/auburn,http://collegefootball.ap.org/teams/miami-fl,http://collegefootball.ap.org/teams/louisville,http://collegefootball.ap.org/teams/florida,http://collegefootball.ap.org/teams/south-florida,http://collegefootball.ap.org/teams/washington-state,http://collegefootball.ap.org/teams/notre-dame,http://collegefootball.ap.org/teams/san-diego-state,http://collegefootball.ap.org/teams/utah,http://collegefootball.ap.org/teams/mississippi-state,http://collegefootball.ap.org/teams/lsu,http://collegefootball.ap.org/teams/west-virginia
chris-murray,http://collegefootball.ap.org/teams/alabama,http://collegefootball.ap.org/teams/clemson,http://collegefootball.ap.org/teams/oklahoma,http://collegefootball.ap.org/teams/penn-state,http://collegefootball.ap.org/teams/usc,http://collegefootball.ap.org/teams/georgia,http://collegefootball.ap.org/teams/michigan,http://collegefootball.ap.org/teams/washington,http://collegefootball.ap.org/teams/wisconsin,http://collegefootball.ap.org/teams/ohio-state,http://collegefootball.ap.org/teams/tcu,http://collegefootball.ap.org/teams/miami-fl,http://collegefootball.ap.org/teams/virginia-tech,http://collegefootball.ap.org/teams/auburn,http://collegefootball.ap.org/teams/oklahoma-state,http://collegefootball.ap.org/teams/florida,http://collegefootball.ap.org/teams/san-diego-state,http://collegefootball.ap.org/teams/washington-state,http://collegefootball.ap.org/teams/south-florida,http://collegefootball.ap.org/teams/utah,http://collegefootball.ap.org/teams/louisville,http://collegefootball.ap.org/teams/west-virginia,http://collegefootball.ap.org/teams/notre-dame,http://collegefootball.ap.org/teams/mississippi-state,http://collegefootball.ap.org/teams/lsu
chuck-carlton,http://collegefootball.ap.org/teams/alabama,http://collegefootball.ap.org/teams/clemson,http://collegefootball.ap.org/teams/oklahoma,http://collegefootball.ap.org/teams/washington,http://collegefootball.ap.org/teams/penn-state,http://collegefootball.ap.org/teams/georgia,http://collegefootball.ap.org/teams/usc,http://collegefootball.ap.org/teams/tcu,http://collegefootball.ap.org/teams/michigan,http://collegefootball.ap.org/teams/ohio-state,http://collegefootball.ap.org/teams/wisconsin,http://collegefootball.ap.org/teams/virginia-tech,http://collegefootball.ap.org/teams/miami-fl,http://collegefootball.ap.org/teams/oklahoma-state,http://collegefootball.ap.org/teams/louisville,http://collegefootball.ap.org/teams/washington-state,http://collegefootball.ap.org/teams/san-diego-state,http://collegefootball.ap.org/teams/florida,http://collegefootball.ap.org/teams/notre-dame,http://collegefootball.ap.org/teams/mississippi-state,http://collegefootball.ap.org/teams/south-florida,http://collegefootball.ap.org/teams/lsu,http://collegefootball.ap.org/teams/auburn,http://collegefootball.ap.org/teams/utah,http://collegefootball.ap.org/teams/west-virginia
dave-foster,http://collegefootball.ap.org/teams/alabama,http://collegefootball.ap.org/teams/clemson,http://collegefootball.ap.org/teams/washington,http://collegefootball.ap.org/teams/penn-state,http://collegefootball.ap.org/teams/usc,http://collegefootball.ap.org/teams/oklahoma,http://collegefootball.ap.org/teams/michigan,http://collegefootball.ap.org/teams/wisconsin,http://collegefootball.ap.org/teams/georgia,http://collegefootball.ap.org/teams/ohio-state,http://collegefootball.ap.org/teams/tcu,http://collegefootball.ap.org/teams/virginia-tech,http://collegefootball.ap.org/teams/miami-fl,http://collegefootball.ap.org/teams/auburn,http://collegefootball.ap.org/teams/washington-state,http://collegefootball.ap.org/teams/louisville,http://collegefootball.ap.org/teams/notre-dame,http://collegefootball.ap.org/teams/south-florida,http://collegefootball.ap.org/teams/utah,http://collegefootball.ap.org/teams/oklahoma-state,http://collegefootball.ap.org/teams/texas-tech,http://collegefootball.ap.org/teams/san-diego-state,http://collegefootball.ap.org/teams/west-virginia,http://collegefootball.ap.org/teams/duke,http://collegefootball.ap.org/teams/mississippi-state
dave-reardon,http://collegefootball.ap.org/teams/alabama,http://collegefootball.ap.org/teams/clemson,http://collegefootball.ap.org/teams/oklahoma,http://collegefootball.ap.org/teams/georgia,http://collegefootball.ap.org/teams/tcu,http://collegefootball.ap.org/teams/washington,http://collegefootball.ap.org/teams/penn-state,http://collegefootball.ap.org/teams/michigan,http://collegefootball.ap.org/teams/usc,http://collegefootball.ap.org/teams/wisconsin,http://collegefootball.ap.org/teams/virginia-tech,http://collegefootball.ap.org/teams/ohio-state,http://collegefootball.ap.org/teams/miami-fl,http://collegefootball.ap.org/teams/auburn,http://collegefootball.ap.org/teams/utah,http://collegefootball.ap.org/teams/louisville,http://collegefootball.ap.org/teams/north-carolina-state,http://collegefootball.ap.org/teams/mississippi-state,http://collegefootball.ap.org/teams/lsu,http://collegefootball.ap.org/teams/south-florida,http://collegefootball.ap.org/teams/oklahoma-state,http://collegefootball.ap.org/teams/west-virginia,http://collegefootball.ap.org/teams/texas-tech,http://collegefootball.ap.org/teams/san-diego-state,http://collegefootball.ap.org/teams/florida
dave-southorn,http://collegefootball.ap.org/teams/alabama,http://collegefootball.ap.org/teams/oklahoma,http://collegefootball.ap.org/teams/clemson,http://collegefootball.ap.org/teams/usc,http://collegefootball.ap.org/teams/penn-state,http://collegefootball.ap.org/teams/washington,http://collegefootball.ap.org/teams/georgia,http://collegefootball.ap.org/teams/michigan,http://collegefootball.ap.org/teams/tcu,http://collegefootball.ap.org/teams/ohio-state,http://collegefootball.ap.org/teams/wisconsin,http://collegefootball.ap.org/teams/virginia-tech,http://collegefootball.ap.org/teams/auburn,http://collegefootball.ap.org/teams/washington-state,http://collegefootball.ap.org/teams/oklahoma-state,http://collegefootball.ap.org/teams/miami-fl,http://collegefootball.ap.org/teams/san-diego-state,http://collegefootball.ap.org/teams/south-florida,http://collegefootball.ap.org/teams/louisville,http://collegefootball.ap.org/teams/north-carolina-state,http://collegefootball.ap.org/teams/florida,http://collegefootball.ap.org/teams/utah,http://collegefootball.ap.org/teams/duke,http://collegefootball.ap.org/teams/west-virginia,http://collegefootball.ap.org/teams/mississippi-state
david-briggs,http://collegefootball.ap.org/teams/alabama,http://collegefootball.ap.org/teams/oklahoma,http://collegefootball.ap.org/teams/clemson,http://collegefootball.ap.org/teams/penn-state,http://collegefootball.ap.org/teams/georgia,http://collegefootball.ap.org/teams/usc,http://collegefootball.ap.org/teams/michigan,http://collegefootball.ap.org/teams/washington,http://collegefootball.ap.org/teams/tcu,http://collegefootball.ap.org/teams/ohio-state,http://collegefootball.ap.org/teams/wisconsin,http://collegefootball.ap.org/teams/virginia-tech,http://collegefootball.ap.org/teams/miami-fl,http://collegefootball.ap.org/teams/auburn,http://collegefootball.ap.org/teams/oklahoma-state,http://collegefootball.ap.org/teams/washington-state,http://collegefootball.ap.org/teams/louisville,http://collegefootball.ap.org/teams/utah,http://collegefootball.ap.org/teams/mississippi-state,http://collegefootball.ap.org/teams/duke,http://collegefootball.ap.org/teams/south-florida,http://collegefootball.ap.org/teams/san-diego-state,http://collegefootball.ap.org/teams/notre-dame,http://collegefootball.ap.org/teams/florida,http://collegefootball.ap.org/teams/ucf
ed-daigneault,http://collegefootball.ap.org/teams/alabama,http://collegefootball.ap.org/teams/clemson,http://collegefootball.ap.org/teams/oklahoma,http://collegefootball.ap.org/teams/washington,http://collegefootball.ap.org/teams/penn-state,http://collegefootball.ap.org/teams/usc,http://collegefootball.ap.org/teams/michigan,http://collegefootball.ap.org/teams/ohio-state,http://collegefootball.ap.org/teams/wisconsin,http://collegefootball.ap.org/teams/georgia,http://collegefootball.ap.org/teams/virginia-tech,http://collegefootball.ap.org/teams/tcu,http://collegefootball.ap.org/teams/south-florida,http://collegefootball.ap.org/teams/auburn,http://collegefootball.ap.org/teams/miami-fl,http://collegefootball.ap.org/teams/oklahoma-state,http://collegefootball.ap.org/teams/utah,http://collegefootball.ap.org/teams/washington-state,http://collegefootball.ap.org/teams/lsu,http://collegefootball.ap.org/teams/louisville,http://collegefootball.ap.org/teams/duke,http://collegefootball.ap.org/teams/san-diego-state,http://collegefootball.ap.org/teams/mississippi-state,http://collegefootball.ap.org/teams/florida,http://collegefootball.ap.org/teams/west-virginia
eric-hansen,http://collegefootball.ap.org/teams/clemson,http://collegefootball.ap.org/teams/alabama,http://collegefootball.ap.org/teams/penn-state,http://collegefootball.ap.org/teams/oklahoma,http://collegefootball.ap.org/teams/georgia,http://collegefootball.ap.org/teams/usc,http://collegefootball.ap.org/teams/ohio-state,http://collegefootball.ap.org/teams/washington,http://collegefootball.ap.org/teams/wisconsin,http://collegefootball.ap.org/teams/tcu,http://collegefootball.ap.org/teams/michigan,http://collegefootball.ap.org/teams/auburn,http://collegefootball.ap.org/teams/virginia-tech,http://collegefootball.ap.org/teams/miami-fl,http://collegefootball.ap.org/teams/oklahoma-state,http://collegefootball.ap.org/teams/san-diego-state,http://collegefootball.ap.org/teams/washington-state,http://collegefootball.ap.org/teams/mississippi-state,http://collegefootball.ap.org/teams/utah,http://collegefootball.ap.org/teams/louisville,http://collegefootball.ap.org/teams/florida,http://collegefootball.ap.org/teams/notre-dame,http://collegefootball.ap.org/teams/north-carolina-state,http://collegefootball.ap.org/teams/duke,http://collegefootball.ap.org/teams/lsu
garland-gillen,http://collegefootball.ap.org/teams/alabama,http://collegefootball.ap.org/teams/clemson,http://collegefootball.ap.org/teams/penn-state,http://collegefootball.ap.org/teams/oklahoma,http://collegefootball.ap.org/teams/georgia,http://collegefootball.ap.org/teams/tcu,http://collegefootball.ap.org/teams/usc,http://collegefootball.ap.org/teams/michigan,http://collegefootball.ap.org/teams/wisconsin,http://collegefootball.ap.org/teams/washington,http://collegefootball.ap.org/teams/ohio-state,http://collegefootball.ap.org/teams/virginia-tech,http://collegefootball.ap.org/teams/miami-fl,http://collegefootball.ap.org/teams/oklahoma-state,http://collegefootball.ap.org/teams/auburn,http://collegefootball.ap.org/teams/louisville,http://collegefootball.ap.org/teams/washington-state,http://collegefootball.ap.org/teams/utah,http://collegefootball.ap.org/teams/florida,http://collegefootball.ap.org/teams/san-diego-state,http://collegefootball.ap.org/teams/south-florida,http://collegefootball.ap.org/teams/west-virginia,http://collegefootball.ap.org/teams/texas-tech,http://collegefootball.ap.org/teams/memphis,http://collegefootball.ap.org/teams/duke
gary-horowitz,http://collegefootball.ap.org/teams/alabama,http://collegefootball.ap.org/teams/clemson,http://collegefootball.ap.org/teams/oklahoma,http://collegefootball.ap.org/teams/penn-state,http://collegefootball.ap.org/teams/usc,http://collegefootball.ap.org/teams/michigan,http://collegefootball.ap.org/teams/washington,http://collegefootball.ap.org/teams/georgia,http://collegefootball.ap.org/teams/tcu,http://collegefootball.ap.org/teams/ohio-state,http://collegefootball.ap.org/teams/wisconsin,http://collegefootball.ap.org/teams/virginia-tech,http://collegefootball.ap.org/teams/south-florida,http://collegefootball.ap.org/teams/oklahoma-state,http://collegefootball.ap.org/teams/miami-fl,http://collegefootball.ap.org/teams/washington-state,http://collegefootball.ap.org/teams/san-diego-state,http://collegefootball.ap.org/teams/auburn,http://collegefootball.ap.org/teams/florida,http://collegefootball.ap.org/teams/utah,http://collegefootball.ap.org/teams/notre-dame,http://collegefootball.ap.org/teams/louisville,http://collegefootball.ap.org/teams/west-virginia,http://collegefootball.ap.org/teams/mississippi-state,http://collegefootball.ap.org/teams/north-carolina-state
grace-raynor,http://collegefootball.ap.org/teams/alabama,http://collegefootball.ap.org/teams/clemson,http://collegefootball.ap.org/teams/oklahoma,http://collegefootball.ap.org/teams/georgia,http://collegefootball.ap.org/teams/penn-state,http://collegefootball.ap.org/teams/washington,http://collegefootball.ap.org/teams/usc,http://collegefootball.ap.org/teams/michigan,http://collegefootball.ap.org/teams/tcu,http://collegefootball.ap.org/teams/wisconsin,http://collegefootball.ap.org/teams/ohio-state,http://collegefootball.ap.org/teams/virginia-tech,http://collegefootball.ap.org/teams/oklahoma-state,http://collegefootball.ap.org/teams/miami-fl,http://collegefootball.ap.org/teams/auburn,http://collegefootball.ap.org/teams/washington-state,http://collegefootball.ap.org/teams/louisville,http://collegefootball.ap.org/teams/south-florida,http://collegefootball.ap.org/teams/florida,http://collegefootball.ap.org/teams/utah,http://collegefootball.ap.org/teams/san-diego-state,http://collegefootball.ap.org/teams/mississippi-state,http://collegefootball.ap.org/teams/west-virginia,http://collegefootball.ap.org/teams/lsu,http://collegefootball.ap.org/teams/duke
jason-butt,http://collegefootball.ap.org/teams/alabama,http://collegefootball.ap.org/teams/clemson,http://collegefootball.ap.org/teams/penn-state,http://collegefootball.ap.org/teams/michigan,http://collegefootball.ap.org/teams/washington,http://collegefootball.ap.org/teams/oklahoma,http://collegefootball.ap.org/teams/usc,http://collegefootball.ap.org/teams/georgia,http://collegefootball.ap.org/teams/tcu,http://collegefootball.ap.org/teams/ohio-state,http://collegefootball.ap.org/teams/wisconsin,http://collegefootball.ap.org/teams/virginia-tech,http://collegefootball.ap.org/teams/oklahoma-state,http://collegefootball.ap.org/teams/miami-fl,http://collegefootball.ap.org/teams/utah,http://collegefootball.ap.org/teams/washington-state,http://collegefootball.ap.org/teams/louisville,http://collegefootball.ap.org/teams/auburn,http://collegefootball.ap.org/teams/florida,http://collegefootball.ap.org/teams/west-virginia,http://collegefootball.ap.org/teams/notre-dame,http://collegefootball.ap.org/teams/san-diego-state,http://collegefootball.ap.org/teams/south-florida,http://collegefootball.ap.org/teams/mississippi-state,http://collegefootball.ap.org/teams/lsu
jason-galloway,http://collegefootball.ap.org/teams/alabama,http://collegefootball.ap.org/teams/clemson,http://collegefootball.ap.org/teams/oklahoma,http://collegefootball.ap.org/teams/penn-state,http://collegefootball.ap.org/teams/usc,http://collegefootball.ap.org/teams/ohio-state,http://collegefootball.ap.org/teams/wisconsin,http://collegefootball.ap.org/teams/washington,http://collegefootball.ap.org/teams/georgia,http://collegefootball.ap.org/teams/tcu,http://collegefootball.ap.org/teams/michigan,http://collegefootball.ap.org/teams/auburn,http://collegefootball.ap.org/teams/virginia-tech,http://collegefootball.ap.org/teams/notre-dame,http://collegefootball.ap.org/teams/oklahoma-state,http://collegefootball.ap.org/teams/miami-fl,http://collegefootball.ap.org/teams/washington-state,http://collegefootball.ap.org/teams/west-virginia,http://collegefootball.ap.org/teams/louisville,http://collegefootball.ap.org/teams/mississippi-state,http://collegefootball.ap.org/teams/florida,http://collegefootball.ap.org/teams/lsu,http://collegefootball.ap.org/teams/san-diego-state,http://collegefootball.ap.org/teams/california,http://collegefootball.ap.org/teams/south-florida
jeff-miller,http://collegefootball.ap.org/teams/alabama,http://collegefootball.ap.org/teams/clemson,http://collegefootball.ap.org/teams/oklahoma,http://collegefootball.ap.org/teams/penn-state,http://collegefootball.ap.org/teams/usc,http://collegefootball.ap.org/teams/michigan,http://collegefootball.ap.org/teams/washington,http://collegefootball.ap.org/teams/wisconsin,http://collegefootball.ap.org/teams/georgia,http://collegefootball.ap.org/teams/ohio-state,http://collegefootball.ap.org/teams/tcu,http://collegefootball.ap.org/teams/virginia-tech,http://collegefootball.ap.org/teams/miami-fl,http://collegefootball.ap.org/teams/auburn,http://collegefootball.ap.org/teams/washington-state,http://collegefootball.ap.org/teams/oklahoma-state,http://collegefootball.ap.org/teams/louisville,http://collegefootball.ap.org/teams/utah,http://collegefootball.ap.org/teams/south-florida,http://collegefootball.ap.org/teams/florida,http://collegefootball.ap.org/teams/san-diego-state,http://collegefootball.ap.org/teams/west-virginia,http://collegefootball.ap.org/teams/colorado,http://collegefootball.ap.org/teams/mississippi-state,http://collegefootball.ap.org/teams/lsu
jerry-dipaola,http://collegefootball.ap.org/teams/alabama,http://collegefootball.ap.org/teams/clemson,http://collegefootball.ap.org/teams/oklahoma,http://collegefootball.ap.org/teams/usc,http://collegefootball.ap.org/teams/penn-state,http://collegefootball.ap.org/teams/washington,http://collegefootball.ap.org/teams/michigan,http://collegefootball.ap.org/teams/wisconsin,http://collegefootball.ap.org/teams/ohio-state,http://collegefootball.ap.org/teams/georgia,http://collegefootball.ap.org/teams/tcu,http://collegefootball.ap.org/teams/virginia-tech,http://collegefootball.ap.org/teams/auburn,http://collegefootball.ap.org/teams/oklahoma-state,http://collegefootball.ap.org/teams/florida,http://collegefootball.ap.org/teams/washington-state,http://collegefootball.ap.org/teams/louisville,http://collegefootball.ap.org/teams/miami-fl,http://collegefootball.ap.org/teams/south-florida,http://collegefootball.ap.org/teams/north-carolina-state,http://collegefootball.ap.org/teams/florida-state,http://collegefootball.ap.org/teams/lsu,http://collegefootball.ap.org/teams/utah,http://collegefootball.ap.org/teams/west-virginia,http://collegefootball.ap.org/teams/notre-dame
john-adams,http://collegefootball.ap.org/teams/clemson,http://collegefootball.ap.org/teams/alabama,http://collegefootball.ap.org/teams/oklahoma,http://collegefootball.ap.org/teams/penn-state,http://collegefootball.ap.org/teams/tcu,http://collegefootball.ap.org/teams/georgia,http://collegefootball.ap.org/teams/usc,http://collegefootball.ap.org/teams/michigan,http://collegefootball.ap.org/teams/ohio-state,http://collegefootball.ap.org/teams/washington,http://collegefootball.ap.org/teams/wisconsin,http://collegefootball.ap.org/teams/auburn,http://collegefootball.ap.org/teams/utah,http://collegefootball.ap.org/teams/virginia-tech,http://collegefootball.ap.org/teams/washington-state,http://collegefootball.ap.org/teams/iowa,http://collegefootball.ap.org/teams/notre-dame,http://collegefootball.ap.org/teams/oklahoma-state,http://collegefootball.ap.org/teams/san-diego-state,http://collegefootball.ap.org/teams/south-florida,http://collegefootball.ap.org/teams/louisville,http://collegefootball.ap.org/teams/florida,http://collegefootball.ap.org/teams/west-virginia,http://collegefootball.ap.org/teams/texas-tech,http://collegefootball.ap.org/teams/duke
john-clay,http://collegefootball.ap.org/teams/alabama,http://collegefootball.ap.org/teams/clemson,http://collegefootball.ap.org/teams/oklahoma,http://collegefootball.ap.org/teams/usc,http://collegefootball.ap.org/teams/penn-state,http://collegefootball.ap.org/teams/washington,http://collegefootball.ap.org/teams/georgia,http://collegefootball.ap.org/teams/tcu,http://collegefootball.ap.org/teams/wisconsin,http://collegefootball.ap.org/teams/michigan,http://collegefootball.ap.org/teams/ohio-state,http://collegefootball.ap.org/teams/virginia-tech,http://collegefootball.ap.org/teams/miami-fl,http://collegefootball.ap.org/teams/auburn,http://collegefootball.ap.org/teams/florida,http://collegefootball.ap.org/teams/oklahoma-state,http://collegefootball.ap.org/teams/notre-dame,http://collegefootball.ap.org/teams/washington-state,http://collegefootball.ap.org/teams/south-florida,http://collegefootball.ap.org/teams/san-diego-state,http://collegefootball.ap.org/teams/louisville,http://collegefootball.ap.org/teams/west-virginia,http://collegefootball.ap.org/teams/utah,http://collegefootball.ap.org/teams/mississippi-state,http://collegefootball.ap.org/teams/texas-tech
jon-wilner,http://collegefootball.ap.org/teams/clemson,http://collegefootball.ap.org/teams/oklahoma,http://collegefootball.ap.org/teams/alabama,http://collegefootball.ap.org/teams/georgia,http://collegefootball.ap.org/teams/tcu,http://collegefootball.ap.org/teams/usc,http://collegefootball.ap.org/teams/penn-state,http://collegefootball.ap.org/teams/washington,http://collegefootball.ap.org/teams/michigan,http://collegefootball.ap.org/teams/ohio-state,http://collegefootball.ap.org/teams/virginia-tech,http://collegefootball.ap.org/teams/san-diego-state,http://collegefootball.ap.org/teams/wisconsin,http://collegefootball.ap.org/teams/auburn,http://collegefootball.ap.org/teams/oklahoma-state,http://collegefootball.ap.org/teams/mississippi-state,http://collegefootball.ap.org/teams/florida,http://collegefootball.ap.org/teams/texas-tech,http://collegefootball.ap.org/teams/duke,http://collegefootball.ap.org/teams/louisville,http://collegefootball.ap.org/teams/notre-dame,http://collegefootball.ap.org/teams/lsu,http://collegefootball.ap.org/teams/miami-fl,http://collegefootball.ap.org/teams/utah,http://collegefootball.ap.org/teams/south-florida
jonny-miller,http://collegefootball.ap.org/teams/alabama,http://collegefootball.ap.org/teams/washington,http://collegefootball.ap.org/teams/usc,http://collegefootball.ap.org/teams/clemson,http://collegefootball.ap.org/teams/oklahoma,http://collegefootball.ap.org/teams/penn-state,http://collegefootball.ap.org/teams/michigan,http://collegefootball.ap.org/teams/wisconsin,http://collegefootball.ap.org/teams/ohio-state,http://collegefootball.ap.org/teams/georgia,http://collegefootball.ap.org/teams/virginia-tech,http://collegefootball.ap.org/teams/tcu,http://collegefootball.ap.org/teams/west-virginia,http://collegefootball.ap.org/teams/washington-state,http://collegefootball.ap.org/teams/auburn,http://collegefootball.ap.org/teams/miami-fl,http://collegefootball.ap.org/teams/louisville,http://collegefootball.ap.org/teams/south-florida,http://collegefootball.ap.org/teams/oklahoma-state,http://collegefootball.ap.org/teams/utah,http://collegefootball.ap.org/teams/duke,http://collegefootball.ap.org/teams/lsu,http://collegefootball.ap.org/teams/san-diego-state,http://collegefootball.ap.org/teams/notre-dame,http://collegefootball.ap.org/teams/florida
keith-sargeant,http://collegefootball.ap.org/teams/clemson,http://collegefootball.ap.org/teams/alabama,http://collegefootball.ap.org/teams/oklahoma,http://collegefootball.ap.org/teams/usc,http://collegefootball.ap.org/teams/penn-state,http://collegefootball.ap.org/teams/georgia,http://collegefootball.ap.org/teams/michigan,http://collegefootball.ap.org/teams/washington,http://collegefootball.ap.org/teams/wisconsin,http://collegefootball.ap.org/teams/ohio-state,http://collegefootball.ap.org/teams/tcu,http://collegefootball.ap.org/teams/virginia-tech,http://collegefootball.ap.org/teams/miami-fl,http://collegefootball.ap.org/teams/auburn,http://collegefootball.ap.org/teams/louisville,http://collegefootball.ap.org/teams/washington-state,http://collegefootball.ap.org/teams/florida,http://collegefootball.ap.org/teams/oklahoma-state,http://collegefootball.ap.org/teams/san-diego-state,http://collegefootball.ap.org/teams/south-florida,http://collegefootball.ap.org/teams/duke,http://collegefootball.ap.org/teams/utah,http://collegefootball.ap.org/teams/west-virginia,http://collegefootball.ap.org/teams/notre-dame,http://collegefootball.ap.org/teams/texas-tech
kellis-robinett,http://collegefootball.ap.org/teams/oklahoma,http://collegefootball.ap.org/teams/alabama,http://collegefootball.ap.org/teams/clemson,http://collegefootball.ap.org/teams/usc,http://collegefootball.ap.org/teams/penn-state,http://collegefootball.ap.org/teams/washington,http://collegefootball.ap.org/teams/georgia,http://collegefootball.ap.org/teams/tcu,http://collegefootball.ap.org/teams/wisconsin,http://collegefootball.ap.org/teams/michigan,http://collegefootball.ap.org/teams/ohio-state,http://collegefootball.ap.org/teams/virginia-tech,http://collegefootball.ap.org/teams/washington-state,http://collegefootball.ap.org/teams/oklahoma-state,http://collegefootball.ap.org/teams/miami-fl,http://collegefootball.ap.org/teams/louisville,http://collegefootball.ap.org/teams/auburn,http://collegefootball.ap.org/teams/san-diego-state,http://collegefootball.ap.org/teams/south-florida,http://collegefootball.ap.org/teams/florida,http://collegefootball.ap.org/teams/texas-tech,http://collegefootball.ap.org/teams/west-virginia,http://collegefootball.ap.org/teams/utah,http://collegefootball.ap.org/teams/california,http://collegefootball.ap.org/teams/florida-state
kirk-bohls,http://collegefootball.ap.org/teams/alabama,http://collegefootball.ap.org/teams/clemson,http://collegefootball.ap.org/teams/tcu,http://collegefootball.ap.org/teams/penn-state,http://collegefootball.ap.org/teams/georgia,http://collegefootball.ap.org/teams/oklahoma,http://collegefootball.ap.org/teams/washington,http://collegefootball.ap.org/teams/wisconsin,http://collegefootball.ap.org/teams/usc,http://collegefootball.ap.org/teams/ohio-state,http://collegefootball.ap.org/teams/michigan,http://collegefootball.ap.org/teams/virginia-tech,http://collegefootball.ap.org/teams/oklahoma-state,http://collegefootball.ap.org/teams/san-diego-state,http://collegefootball.ap.org/teams/florida,http://collegefootball.ap.org/teams/auburn,http://collegefootball.ap.org/teams/miami-fl,http://collegefootball.ap.org/teams/washington-state,http://collegefootball.ap.org/teams/north-carolina-state,http://collegefootball.ap.org/teams/south-florida,http://collegefootball.ap.org/teams/louisville,http://collegefootball.ap.org/teams/utah,http://collegefootball.ap.org/teams/memphis,http://collegefootball.ap.org/teams/duke,http://collegefootball.ap.org/teams/texas-tech
lauren-brownlow,http://collegefootball.ap.org/teams/alabama,http://collegefootball.ap.org/teams/clemson,http://collegefootball.ap.org/teams/oklahoma,http://collegefootball.ap.org/teams/usc,http://collegefootball.ap.org/teams/georgia,http://collegefootball.ap.org/teams/washington,http://collegefootball.ap.org/teams/penn-state,http://collegefootball.ap.org/teams/tcu,http://collegefootball.ap.org/teams/wisconsin,http://collegefootball.ap.org/teams/michigan,http://collegefootball.ap.org/teams/ohio-state,http://collegefootball.ap.org/teams/virginia-tech,http://collegefootball.ap.org/teams/auburn,http://collegefootball.ap.org/teams/oklahoma-state,http://collegefootball.ap.org/teams/washington-state,http://collegefootball.ap.org/teams/miami-fl,http://collegefootball.ap.org/teams/florida,http://collegefootball.ap.org/teams/louisville,http://collegefootball.ap.org/teams/florida-state,http://collegefootball.ap.org/teams/south-florida,http://collegefootball.ap.org/teams/utah,http://collegefootball.ap.org/teams/notre-dame,http://collegefootball.ap.org/teams/memphis,http://collegefootball.ap.org/teams/san-diego-state,http://collegefootball.ap.org/teams/mississippi-state
lauren-shute,http://collegefootball.ap.org/teams/alabama,http://collegefootball.ap.org/teams/clemson,http://collegefootball.ap.org/teams/oklahoma,http://collegefootball.ap.org/teams/washington,http://collegefootball.ap.org/teams/penn-state,http://collegefootball.ap.org/teams/wisconsin,http://collegefootball.ap.org/teams/georgia,http://collegefootball.ap.org/teams/ohio-state,http://collegefootball.ap.org/teams/michigan,http://collegefootball.ap.org/teams/virginia-tech,http://collegefootball.ap.org/teams/usc,http://collegefootball.ap.org/teams/tcu,http://collegefootball.ap.org/teams/auburn,http://collegefootball.ap.org/teams/oklahoma-state,http://collegefootball.ap.org/teams/washington-state,http://collegefootball.ap.org/teams/louisville,http://collegefootball.ap.org/teams/miami-fl,http://collegefootball.ap.org/teams/south-florida,http://collegefootball.ap.org/teams/west-virginia,http://collegefootball.ap.org/teams/notre-dame,http://collegefootball.ap.org/teams/utah,http://collegefootball.ap.org/teams/san-diego-state,http://collegefootball.ap.org/teams/california,http://collegefootball.ap.org/teams/stanford,http://collegefootball.ap.org/teams/florida
marc-weiszer,http://collegefootball.ap.org/teams/alabama,http://collegefootball.ap.org/teams/clemson,http://collegefootball.ap.org/teams/oklahoma,http://collegefootball.ap.org/teams/usc,http://collegefootball.ap.org/teams/penn-state,http://collegefootball.ap.org/teams/georgia,http://collegefootball.ap.org/teams/michigan,http://collegefootball.ap.org/teams/washington,http://collegefootball.ap.org/teams/tcu,http://collegefootball.ap.org/teams/ohio-state,http://collegefootball.ap.org/teams/virginia-tech,http://collegefootball.ap.org/teams/wisconsin,http://collegefootball.ap.org/teams/washington-state,http://collegefootball.ap.org/teams/oklahoma-state,http://collegefootball.ap.org/teams/louisville,http://collegefootball.ap.org/teams/miami-fl,http://collegefootball.ap.org/teams/auburn,http://collegefootball.ap.org/teams/utah,http://collegefootball.ap.org/teams/south-florida,http://collegefootball.ap.org/teams/florida,http://collegefootball.ap.org/teams/san-diego-state,http://collegefootball.ap.org/teams/notre-dame,http://collegefootball.ap.org/teams/mississippi-state,http://collegefootball.ap.org/teams/lsu,http://collegefootball.ap.org/teams/west-virginia
matt-baker,http://collegefootball.ap.org/teams/clemson,http://collegefootball.ap.org/teams/alabama,http://collegefootball.ap.org/teams/oklahoma,http://collegefootball.ap.org/teams/washington,http://collegefootball.ap.org/teams/penn-state,http://collegefootball.ap.org/teams/usc,http://collegefootball.ap.org/teams/georgia,http://collegefootball.ap.org/teams/tcu,http://collegefootball.ap.org/teams/michigan,http://collegefootball.ap.org/teams/ohio-state,http://collegefootball.ap.org/teams/wisconsin,http://collegefootball.ap.org/teams/oklahoma-state,http://collegefootball.ap.org/teams/virginia-tech,http://collegefootball.ap.org/teams/miami-fl,http://collegefootball.ap.org/teams/auburn,http://collegefootball.ap.org/teams/washington-state,http://collegefootball.ap.org/teams/utah,http://collegefootball.ap.org/teams/louisville,http://collegefootball.ap.org/teams/san-diego-state,http://collegefootball.ap.org/teams/notre-dame,http://collegefootball.ap.org/teams/west-virginia,http://collegefootball.ap.org/teams/south-florida,http://collegefootball.ap.org/teams/florida,http://collegefootball.ap.org/teams/duke,http://collegefootball.ap.org/teams/mississippi-state
matt-brown,http://collegefootball.ap.org/teams/clemson,http://collegefootball.ap.org/teams/alabama,http://collegefootball.ap.org/teams/oklahoma,http://collegefootball.ap.org/teams/usc,http://collegefootball.ap.org/teams/penn-state,http://collegefootball.ap.org/teams/georgia,http://collegefootball.ap.org/teams/washington,http://collegefootball.ap.org/teams/tcu,http://collegefootball.ap.org/teams/ohio-state,http://collegefootball.ap.org/teams/michigan,http://collegefootball.ap.org/teams/wisconsin,http://collegefootball.ap.org/teams/miami-fl,http://collegefootball.ap.org/teams/virginia-tech,http://collegefootball.ap.org/teams/oklahoma-state,http://collegefootball.ap.org/teams/louisville,http://collegefootball.ap.org/teams/auburn,http://collegefootball.ap.org/teams/san-diego-state,http://collegefootball.ap.org/teams/washington-state,http://collegefootball.ap.org/teams/duke,http://collegefootball.ap.org/teams/notre-dame,http://collegefootball.ap.org/teams/utah,http://collegefootball.ap.org/teams/florida,http://collegefootball.ap.org/teams/south-florida,http://collegefootball.ap.org/teams/memphis,http://collegefootball.ap.org/teams/mississippi-state
matt-charboneau,http://collegefootball.ap.org/teams/alabama,http://collegefootball.ap.org/teams/clemson,http://collegefootball.ap.org/teams/oklahoma,http://collegefootball.ap.org/teams/penn-state,http://collegefootball.ap.org/teams/usc,http://collegefootball.ap.org/teams/washington,http://collegefootball.ap.org/teams/wisconsin,http://collegefootball.ap.org/teams/ohio-state,http://collegefootball.ap.org/teams/michigan,http://collegefootball.ap.org/teams/georgia,http://collegefootball.ap.org/teams/tcu,http://collegefootball.ap.org/teams/oklahoma-state,http://collegefootball.ap.org/teams/miami-fl,http://collegefootball.ap.org/teams/virginia-tech,http://collegefootball.ap.org/teams/auburn,http://collegefootball.ap.org/teams/louisville,http://collegefootball.ap.org/teams/south-florida,http://collegefootball.ap.org/teams/washington-state,http://collegefootball.ap.org/teams/utah,http://collegefootball.ap.org/teams/san-diego-state,http://collegefootball.ap.org/teams/west-virginia,http://collegefootball.ap.org/teams/north-carolina-state,http://collegefootball.ap.org/teams/mississippi-state,http://collegefootball.ap.org/teams/lsu,http://collegefootball.ap.org/teams/notre-dame
matt-mccoy,http://collegefootball.ap.org/teams/alabama,http://collegefootball.ap.org/teams/clemson,http://collegefootball.ap.org/teams/oklahoma,http://collegefootball.ap.org/teams/usc,http://collegefootball.ap.org/teams/penn-state,http://collegefootball.ap.org/teams/washington,http://collegefootball.ap.org/teams/michigan,http://collegefootball.ap.org/teams/wisconsin,http://collegefootball.ap.org/teams/ohio-state,http://collegefootball.ap.org/teams/tcu,http://collegefootball.ap.org/teams/georgia,http://collegefootball.ap.org/teams/virginia-tech,http://collegefootball.ap.org/teams/oklahoma-state,http://collegefootball.ap.org/teams/auburn,http://collegefootball.ap.org/teams/miami-fl,http://collegefootball.ap.org/teams/florida,http://collegefootball.ap.org/teams/louisville,http://collegefootball.ap.org/teams/washington-state,http://collegefootball.ap.org/teams/south-florida,http://collegefootball.ap.org/teams/utah,http://collegefootball.ap.org/teams/west-virginia,http://collegefootball.ap.org/teams/san-diego-state,http://collegefootball.ap.org/teams/notre-dame,http://collegefootball.ap.org/teams/iowa,http://collegefootball.ap.org/teams/tennessee
michael-lev,http://collegefootball.ap.org/teams/alabama,http://collegefootball.ap.org/teams/clemson,http://collegefootball.ap.org/teams/penn-state,http://collegefootball.ap.org/teams/oklahoma,http://collegefootball.ap.org/teams/washington,http://collegefootball.ap.org/teams/usc,http://collegefootball.ap.org/teams/ohio-state,http://collegefootball.ap.org/teams/tcu,http://collegefootball.ap.org/teams/michigan,http://collegefootball.ap.org/teams/georgia,http://collegefootball.ap.org/teams/wisconsin,http://collegefootball.ap.org/teams/virginia-tech,http://collegefootball.ap.org/teams/miami-fl,http://collegefootball.ap.org/teams/auburn,http://collegefootball.ap.org/teams/oklahoma-state,http://collegefootball.ap.org/teams/san-diego-state,http://collegefootball.ap.org/teams/washington-state,http://collegefootball.ap.org/teams/notre-dame,http://collegefootball.ap.org/teams/louisville,http://collegefootball.ap.org/teams/north-carolina-state,http://collegefootball.ap.org/teams/duke,http://collegefootball.ap.org/teams/south-florida,http://collegefootball.ap.org/teams/oregon,http://collegefootball.ap.org/teams/utah,http://collegefootball.ap.org/teams/west-virginia
mitch-vingle,http://collegefootball.ap.org/teams/alabama,http://collegefootball.ap.org/teams/clemson,http://collegefootball.ap.org/teams/oklahoma,http://collegefootball.ap.org/teams/penn-state,http://collegefootball.ap.org/teams/usc,http://collegefootball.ap.org/teams/washington,http://collegefootball.ap.org/teams/michigan,http://collegefootball.ap.org/teams/tcu,http://collegefootball.ap.org/teams/wisconsin,http://collegefootball.ap.org/teams/ohio-state,http://collegefootball.ap.org/teams/georgia,http://collegefootball.ap.org/teams/virginia-tech,http://collegefootball.ap.org/teams/auburn,http://collegefootball.ap.org/teams/miami-fl,http://collegefootball.ap.org/teams/louisville,http://collegefootball.ap.org/teams/washington-state,http://collegefootball.ap.org/teams/oklahoma-state,http://collegefootball.ap.org/teams/florida,http://collegefootball.ap.org/teams/duke,http://collegefootball.ap.org/teams/notre-dame,http://collegefootball.ap.org/teams/san-diego-state,http://collegefootball.ap.org/teams/north-carolina-state,http://collegefootball.ap.org/teams/utah,http://collegefootball.ap.org/teams/south-florida,http://collegefootball.ap.org/teams/west-virginia
parrish-alford,http://collegefootball.ap.org/teams/alabama,http://collegefootball.ap.org/teams/clemson,http://collegefootball.ap.org/teams/penn-state,http://collegefootball.ap.org/teams/oklahoma,http://collegefootball.ap.org/teams/ohio-state,http://collegefootball.ap.org/teams/wisconsin,http://collegefootball.ap.org/teams/usc,http://collegefootball.ap.org/teams/michigan,http://collegefootball.ap.org/teams/georgia,http://collegefootball.ap.org/teams/washington,http://collegefootball.ap.org/teams/tcu,http://collegefootball.ap.org/teams/virginia-tech,http://collegefootball.ap.org/teams/miami-fl,http://collegefootball.ap.org/teams/oklahoma-state,http://collegefootball.ap.org/teams/utah,http://collegefootball.ap.org/teams/louisville,http://collegefootball.ap.org/teams/san-diego-state,http://collegefootball.ap.org/teams/washington-state,http://collegefootball.ap.org/teams/auburn,http://collegefootball.ap.org/teams/florida,http://collegefootball.ap.org/teams/mississippi-state,http://collegefootball.ap.org/teams/west-virginia,http://collegefootball.ap.org/teams/notre-dame,http://collegefootball.ap.org/teams/iowa,http://collegefootball.ap.org/teams/lsu
pat-caputo,http://collegefootball.ap.org/teams/alabama,http://collegefootball.ap.org/teams/clemson,http://collegefootball.ap.org/teams/usc,http://collegefootball.ap.org/teams/oklahoma,http://collegefootball.ap.org/teams/penn-state,http://collegefootball.ap.org/teams/washington,http://collegefootball.ap.org/teams/georgia,http://collegefootball.ap.org/teams/wisconsin,http://collegefootball.ap.org/teams/michigan,http://collegefootball.ap.org/teams/ohio-state,http://collegefootball.ap.org/teams/washington-state,http://collegefootball.ap.org/teams/tcu,http://collegefootball.ap.org/teams/louisville,http://collegefootball.ap.org/teams/virginia-tech,http://collegefootball.ap.org/teams/south-florida,http://collegefootball.ap.org/teams/miami-fl,http://collegefootball.ap.org/teams/auburn,http://collegefootball.ap.org/teams/florida,http://collegefootball.ap.org/teams/san-diego-state,http://collegefootball.ap.org/teams/notre-dame,http://collegefootball.ap.org/teams/oklahoma-state,http://collegefootball.ap.org/teams/utah,http://collegefootball.ap.org/teams/north-carolina-state,http://collegefootball.ap.org/teams/lsu,http://collegefootball.ap.org/teams/memphis
pat-dooley,http://collegefootball.ap.org/teams/alabama,http://collegefootball.ap.org/teams/clemson,http://collegefootball.ap.org/teams/oklahoma,http://collegefootball.ap.org/teams/penn-state,http://collegefootball.ap.org/teams/washington,http://collegefootball.ap.org/teams/usc,http://collegefootball.ap.org/teams/michigan,http://collegefootball.ap.org/teams/georgia,http://collegefootball.ap.org/teams/tcu,http://collegefootball.ap.org/teams/wisconsin,http://collegefootball.ap.org/teams/ohio-state,http://collegefootball.ap.org/teams/virginia-tech,http://collegefootball.ap.org/teams/oklahoma-state,http://collegefootball.ap.org/teams/utah,http://collegefootball.ap.org/teams/miami-fl,http://collegefootball.ap.org/teams/auburn,http://collegefootball.ap.org/teams/washington-state,http://collegefootball.ap.org/teams/louisville,http://collegefootball.ap.org/teams/south-florida,http://collegefootball.ap.org/teams/florida,http://collegefootball.ap.org/teams/san-diego-state,http://collegefootball.ap.org/teams/mississippi-state,http://collegefootball.ap.org/teams/lsu,http://collegefootball.ap.org/teams/west-virginia,http://collegefootball.ap.org/teams/north-carolina-state
rece-davis,http://collegefootball.ap.org/teams/clemson,http://collegefootball.ap.org/teams/alabama,http://collegefootball.ap.org/teams/oklahoma,http://collegefootball.ap.org/teams/penn-state,http://collegefootball.ap.org/teams/usc,http://collegefootball.ap.org/teams/michigan,http://collegefootball.ap.org/teams/georgia,http://collegefootball.ap.org/teams/tcu,http://collegefootball.ap.org/teams/washington,http://collegefootball.ap.org/teams/ohio-state,http://collegefootball.ap.org/teams/wisconsin,http://collegefootball.ap.org/teams/oklahoma-state,http://collegefootball.ap.org/teams/notre-dame,http://collegefootball.ap.org/teams/virginia-tech,http://collegefootball.ap.org/teams/san-diego-state,http://collegefootball.ap.org/teams/miami-fl,http://collegefootball.ap.org/teams/auburn,http://collegefootball.ap.org/teams/louisville,http://collegefootball.ap.org/teams/mississippi-state,http://collegefootball.ap.org/teams/north-carolina-state,http://collegefootball.ap.org/teams/stanford,http://collegefootball.ap.org/teams/washington-state,http://collegefootball.ap.org/teams/lsu,http://collegefootball.ap.org/teams/duke,http://collegefootball.ap.org/teams/ucf
rick-wright,http://collegefootball.ap.org/teams/alabama,http://collegefootball.ap.org/teams/clemson,http://collegefootball.ap.org/teams/penn-state,http://collegefootball.ap.org/teams/oklahoma,http://collegefootball.ap.org/teams/michigan,http://collegefootball.ap.org/teams/wisconsin,http://collegefootball.ap.org/teams/washington,http://collegefootball.ap.org/teams/usc,http://collegefootball.ap.org/teams/ohio-state,http://collegefootball.ap.org/teams/miami-fl,http://collegefootball.ap.org/teams/georgia,http://collegefootball.ap.org/teams/virginia-tech,http://collegefootball.ap.org/teams/tcu,http://collegefootball.ap.org/teams/washington-state,http://collegefootball.ap.org/teams/oklahoma-state,http://collegefootball.ap.org/teams/auburn,http://collegefootball.ap.org/teams/west-virginia,http://collegefootball.ap.org/teams/south-florida,http://collegefootball.ap.org/teams/louisville,http://collegefootball.ap.org/teams/utah,http://collegefootball.ap.org/teams/san-diego-state,http://collegefootball.ap.org/teams/notre-dame,http://collegefootball.ap.org/teams/mississippi-state,http://collegefootball.ap.org/teams/memphis,http://collegefootball.ap.org/teams/lsu
rob-long,http://collegefootball.ap.org/teams/alabama,http://collegefootball.ap.org/teams/clemson,http://collegefootball.ap.org/teams/oklahoma,http://collegefootball.ap.org/teams/penn-state,http://collegefootball.ap.org/teams/washington,http://collegefootball.ap.org/teams/wisconsin,http://collegefootball.ap.org/teams/tcu,http://collegefootball.ap.org/teams/usc,http://collegefootball.ap.org/teams/michigan,http://collegefootball.ap.org/teams/georgia,http://collegefootball.ap.org/teams/ohio-state,http://collegefootball.ap.org/teams/virginia-tech,http://collegefootball.ap.org/teams/washington-state,http://collegefootball.ap.org/teams/auburn,http://collegefootball.ap.org/teams/miami-fl,http://collegefootball.ap.org/teams/south-florida,http://collegefootball.ap.org/teams/florida,http://collegefootball.ap.org/teams/utah,http://collegefootball.ap.org/teams/louisville,http://collegefootball.ap.org/teams/oklahoma-state,http://collegefootball.ap.org/teams/notre-dame,http://collegefootball.ap.org/teams/lsu,http://collegefootball.ap.org/teams/west-virginia,http://collegefootball.ap.org/teams/san-diego-state,http://collegefootball.ap.org/teams/north-carolina-state
robert-cessna,http://collegefootball.ap.org/teams/alabama,http://collegefootball.ap.org/teams/clemson,http://collegefootball.ap.org/teams/oklahoma,http://collegefootball.ap.org/teams/penn-state,http://collegefootball.ap.org/teams/usc,http://collegefootball.ap.org/teams/michigan,http://collegefootball.ap.org/teams/washington,http://collegefootball.ap.org/teams/georgia,http://collegefootball.ap.org/teams/tcu,http://collegefootball.ap.org/teams/wisconsin,http://collegefootball.ap.org/teams/ohio-state,http://collegefootball.ap.org/teams/miami-fl,http://collegefootball.ap.org/teams/oklahoma-state,http://collegefootball.ap.org/teams/auburn,http://collegefootball.ap.org/teams/virginia-tech,http://collegefootball.ap.org/teams/florida,http://collegefootball.ap.org/teams/louisville,http://collegefootball.ap.org/teams/washington-state,http://collegefootball.ap.org/teams/utah,http://collegefootball.ap.org/teams/san-diego-state,http://collegefootball.ap.org/teams/south-florida,http://collegefootball.ap.org/teams/mississippi-state,http://collegefootball.ap.org/teams/west-virginia,http://collegefootball.ap.org/teams/notre-dame,http://collegefootball.ap.org/teams/lsu
robert-gagliardi,http://collegefootball.ap.org/teams/alabama,http://collegefootball.ap.org/teams/oklahoma,http://collegefootball.ap.org/teams/clemson,http://collegefootball.ap.org/teams/usc,http://collegefootball.ap.org/teams/penn-state,http://collegefootball.ap.org/teams/washington,http://collegefootball.ap.org/teams/michigan,http://collegefootball.ap.org/teams/tcu,http://collegefootball.ap.org/teams/wisconsin,http://collegefootball.ap.org/teams/ohio-state,http://collegefootball.ap.org/teams/georgia,http://collegefootball.ap.org/teams/virginia-tech,http://collegefootball.ap.org/teams/oklahoma-state,http://collegefootball.ap.org/teams/auburn,http://collegefootball.ap.org/teams/miami-fl,http://collegefootball.ap.org/teams/washington-state,http://collegefootball.ap.org/teams/florida,http://collegefootball.ap.org/teams/san-diego-state,http://collegefootball.ap.org/teams/south-florida,http://collegefootball.ap.org/teams/utah,http://collegefootball.ap.org/teams/louisville,http://collegefootball.ap.org/teams/lsu,http://collegefootball.ap.org/teams/west-virginia,http://collegefootball.ap.org/teams/north-carolina-state,http://collegefootball.ap.org/teams/stanford
ross-dellenger,http://collegefootball.ap.org/teams/alabama,http://collegefootball.ap.org/teams/oklahoma,http://collegefootball.ap.org/teams/clemson,http://collegefootball.ap.org/teams/usc,http://collegefootball.ap.org/teams/washington,http://collegefootball.ap.org/teams/georgia,http://collegefootball.ap.org/teams/wisconsin,http://collegefootball.ap.org/teams/ohio-state,http://collegefootball.ap.org/teams/penn-state,http://collegefootball.ap.org/teams/tcu,http://collegefootball.ap.org/teams/michigan,http://collegefootball.ap.org/teams/auburn,http://collegefootball.ap.org/teams/miami-fl,http://collegefootball.ap.org/teams/washington-state,http://collegefootball.ap.org/teams/utah,http://collegefootball.ap.org/teams/south-florida,http://collegefootball.ap.org/teams/florida-state,http://collegefootball.ap.org/teams/virginia-tech,http://collegefootball.ap.org/teams/florida,http://collegefootball.ap.org/teams/oklahoma-state,http://collegefootball.ap.org/teams/louisville,http://collegefootball.ap.org/teams/san-diego-state,http://collegefootball.ap.org/teams/north-carolina-state,http://collegefootball.ap.org/teams/west-virginia,http://collegefootball.ap.org/teams/mississippi-state
ryan-aber,http://collegefootball.ap.org/teams/alabama,http://collegefootball.ap.org/teams/clemson,http://collegefootball.ap.org/teams/oklahoma,http://collegefootball.ap.org/teams/penn-state,http://collegefootball.ap.org/teams/usc,http://collegefootball.ap.org/teams/georgia,http://collegefootball.ap.org/teams/michigan,http://collegefootball.ap.org/teams/washington,http://collegefootball.ap.org/teams/ohio-state,http://collegefootball.ap.org/teams/wisconsin,http://collegefootball.ap.org/teams/tcu,http://collegefootball.ap.org/teams/virginia-tech,http://collegefootball.ap.org/teams/miami-fl,http://collegefootball.ap.org/teams/auburn,http://collegefootball.ap.org/teams/west-virginia,http://collegefootball.ap.org/teams/oklahoma-state,http://collegefootball.ap.org/teams/san-diego-state,http://collegefootball.ap.org/teams/south-florida,http://collegefootball.ap.org/teams/utah,http://collegefootball.ap.org/teams/washington-state,http://collegefootball.ap.org/teams/louisville,http://collegefootball.ap.org/teams/mississippi-state,http://collegefootball.ap.org/teams/florida,http://collegefootball.ap.org/teams/notre-dame,http://collegefootball.ap.org/teams/memphis
safid-deen,http://collegefootball.ap.org/teams/alabama,http://collegefootball.ap.org/teams/clemson,http://collegefootball.ap.org/teams/oklahoma,http://collegefootball.ap.org/teams/penn-state,http://collegefootball.ap.org/teams/usc,http://collegefootball.ap.org/teams/washington,http://collegefootball.ap.org/teams/georgia,http://collegefootball.ap.org/teams/tcu,http://collegefootball.ap.org/teams/michigan,http://collegefootball.ap.org/teams/ohio-state,http://collegefootball.ap.org/teams/wisconsin,http://collegefootball.ap.org/teams/virginia-tech,http://collegefootball.ap.org/teams/miami-fl,http://collegefootball.ap.org/teams/auburn,http://collegefootball.ap.org/teams/oklahoma-state,http://collegefootball.ap.org/teams/washington-state,http://collegefootball.ap.org/teams/louisville,http://collegefootball.ap.org/teams/florida,http://collegefootball.ap.org/teams/san-diego-state,http://collegefootball.ap.org/teams/utah,http://collegefootball.ap.org/teams/south-florida,http://collegefootball.ap.org/teams/west-virginia,http://collegefootball.ap.org/teams/notre-dame,http://collegefootball.ap.org/teams/duke,http://collegefootball.ap.org/teams/mississippi-state
sam-mckewon,http://collegefootball.ap.org/teams/alabama,http://collegefootball.ap.org/teams/clemson,http://collegefootball.ap.org/teams/oklahoma,http://collegefootball.ap.org/teams/penn-state,http://collegefootball.ap.org/teams/usc,http://collegefootball.ap.org/teams/michigan,http://collegefootball.ap.org/teams/georgia,http://collegefootball.ap.org/teams/wisconsin,http://collegefootball.ap.org/teams/tcu,http://collegefootball.ap.org/teams/washington,http://collegefootball.ap.org/teams/ohio-state,http://collegefootball.ap.org/teams/auburn,http://collegefootball.ap.org/teams/virginia-tech,http://collegefootball.ap.org/teams/oklahoma-state,http://collegefootball.ap.org/teams/west-virginia,http://collegefootball.ap.org/teams/notre-dame,http://collegefootball.ap.org/teams/louisville,http://collegefootball.ap.org/teams/florida,http://collegefootball.ap.org/teams/texas-tech,http://collegefootball.ap.org/teams/san-diego-state,http://collegefootball.ap.org/teams/miami-fl,http://collegefootball.ap.org/teams/utah,http://collegefootball.ap.org/teams/south-florida,http://collegefootball.ap.org/teams/washington-state,http://collegefootball.ap.org/teams/mississippi-state
sammy-batten,http://collegefootball.ap.org/teams/alabama,http://collegefootball.ap.org/teams/oklahoma,http://collegefootball.ap.org/teams/clemson,http://collegefootball.ap.org/teams/usc,http://collegefootball.ap.org/teams/ohio-state,http://collegefootball.ap.org/teams/penn-state,http://collegefootball.ap.org/teams/georgia,http://collegefootball.ap.org/teams/washington,http://collegefootball.ap.org/teams/michigan,http://collegefootball.ap.org/teams/wisconsin,http://collegefootball.ap.org/teams/auburn,http://collegefootball.ap.org/teams/virginia-tech,http://collegefootball.ap.org/teams/south-florida,http://collegefootball.ap.org/teams/tcu,http://collegefootball.ap.org/teams/miami-fl,http://collegefootball.ap.org/teams/louisville,http://collegefootball.ap.org/teams/west-virginia,http://collegefootball.ap.org/teams/oklahoma-state,http://collegefootball.ap.org/teams/north-carolina-state,http://collegefootball.ap.org/teams/san-diego-state,http://collegefootball.ap.org/teams/florida-state,http://collegefootball.ap.org/teams/lsu,http://collegefootball.ap.org/teams/memphis,http://collegefootball.ap.org/teams/washington-state,http://collegefootball.ap.org/teams/duke
scott-hamilton,http://collegefootball.ap.org/teams/alabama,http://collegefootball.ap.org/teams/clemson,http://collegefootball.ap.org/teams/oklahoma,http://collegefootball.ap.org/teams/washington,http://collegefootball.ap.org/teams/usc,http://collegefootball.ap.org/teams/penn-state,http://collegefootball.ap.org/teams/tcu,http://collegefootball.ap.org/teams/georgia,http://collegefootball.ap.org/teams/michigan,http://collegefootball.ap.org/teams/ohio-state,http://collegefootball.ap.org/teams/wisconsin,http://collegefootball.ap.org/teams/virginia-tech,http://collegefootball.ap.org/teams/auburn,http://collegefootball.ap.org/teams/washington-state,http://collegefootball.ap.org/teams/oklahoma-state,http://collegefootball.ap.org/teams/miami-fl,http://collegefootball.ap.org/teams/south-florida,http://collegefootball.ap.org/teams/louisville,http://collegefootball.ap.org/teams/florida,http://collegefootball.ap.org/teams/san-diego-state,http://collegefootball.ap.org/teams/utah,http://collegefootball.ap.org/teams/notre-dame,http://collegefootball.ap.org/teams/mississippi-state,http://collegefootball.ap.org/teams/lsu,http://collegefootball.ap.org/teams/west-virginia
scott-wolf,http://collegefootball.ap.org/teams/alabama,http://collegefootball.ap.org/teams/oklahoma,http://collegefootball.ap.org/teams/georgia,http://collegefootball.ap.org/teams/clemson,http://collegefootball.ap.org/teams/penn-state,http://collegefootball.ap.org/teams/wisconsin,http://collegefootball.ap.org/teams/tcu,http://collegefootball.ap.org/teams/michigan,http://collegefootball.ap.org/teams/usc,http://collegefootball.ap.org/teams/washington,http://collegefootball.ap.org/teams/ohio-state,http://collegefootball.ap.org/teams/auburn,http://collegefootball.ap.org/teams/virginia-tech,http://collegefootball.ap.org/teams/west-virginia,http://collegefootball.ap.org/teams/florida,http://collegefootball.ap.org/teams/miami-fl,http://collegefootball.ap.org/teams/oklahoma-state,http://collegefootball.ap.org/teams/washington-state,http://collegefootball.ap.org/teams/louisville,http://collegefootball.ap.org/teams/south-florida,http://collegefootball.ap.org/teams/mississippi-state,http://collegefootball.ap.org/teams/san-diego-state,http://collegefootball.ap.org/teams/utah,http://collegefootball.ap.org/teams/colorado,http://collegefootball.ap.org/teams/florida-state
soren-petro,http://collegefootball.ap.org/teams/alabama,http://collegefootball.ap.org/teams/clemson,http://collegefootball.ap.org/teams/oklahoma,http://collegefootball.ap.org/teams/penn-state,http://collegefootball.ap.org/teams/washington,http://collegefootball.ap.org/teams/usc,http://collegefootball.ap.org/teams/ohio-state,http://collegefootball.ap.org/teams/wisconsin,http://collegefootball.ap.org/teams/michigan,http://collegefootball.ap.org/teams/georgia,http://collegefootball.ap.org/teams/tcu,http://collegefootball.ap.org/teams/miami-fl,http://collegefootball.ap.org/teams/auburn,http://collegefootball.ap.org/teams/oklahoma-state,http://collegefootball.ap.org/teams/florida,http://collegefootball.ap.org/teams/washington-state,http://collegefootball.ap.org/teams/virginia-tech,http://collegefootball.ap.org/teams/louisville,http://collegefootball.ap.org/teams/notre-dame,http://collegefootball.ap.org/teams/florida-state,http://collegefootball.ap.org/teams/south-florida,http://collegefootball.ap.org/teams/utah,http://collegefootball.ap.org/teams/kansas-state,http://collegefootball.ap.org/teams/san-diego-state,http://collegefootball.ap.org/teams/iowa
steve-batterson,http://collegefootball.ap.org/teams/alabama,http://collegefootball.ap.org/teams/oklahoma,http://collegefootball.ap.org/teams/penn-state,http://collegefootball.ap.org/teams/clemson,http://collegefootball.ap.org/teams/usc,http://collegefootball.ap.org/teams/washington,http://collegefootball.ap.org/teams/wisconsin,http://collegefootball.ap.org/teams/georgia,http://collegefootball.ap.org/teams/ohio-state,http://collegefootball.ap.org/teams/tcu,http://collegefootball.ap.org/teams/michigan,http://collegefootball.ap.org/teams/virginia-tech,http://collegefootball.ap.org/teams/auburn,http://collegefootball.ap.org/teams/miami-fl,http://collegefootball.ap.org/teams/oklahoma-state,http://collegefootball.ap.org/teams/florida,http://collegefootball.ap.org/teams/south-florida,http://collegefootball.ap.org/teams/louisville,http://collegefootball.ap.org/teams/lsu,http://collegefootball.ap.org/teams/utah,http://collegefootball.ap.org/teams/san-diego-state,http://collegefootball.ap.org/teams/washington-state,http://collegefootball.ap.org/teams/notre-dame,http://collegefootball.ap.org/teams/west-virginia,http://collegefootball.ap.org/teams/north-carolina-state
terry-hutchens,http://collegefootball.ap.org/teams/alabama,http://collegefootball.ap.org/teams/clemson,http://collegefootball.ap.org/teams/oklahoma,http://collegefootball.ap.org/teams/penn-state,http://collegefootball.ap.org/teams/usc,http://collegefootball.ap.org/teams/washington,http://collegefootball.ap.org/teams/michigan,http://collegefootball.ap.org/teams/georgia,http://collegefootball.ap.org/teams/ohio-state,http://collegefootball.ap.org/teams/wisconsin,http://collegefootball.ap.org/teams/tcu,http://collegefootball.ap.org/teams/virginia-tech,http://collegefootball.ap.org/teams/oklahoma-state,http://collegefootball.ap.org/teams/miami-fl,http://collegefootball.ap.org/teams/auburn,http://collegefootball.ap.org/teams/washington-state,http://collegefootball.ap.org/teams/louisville,http://collegefootball.ap.org/teams/south-florida,http://collegefootball.ap.org/teams/san-diego-state,http://collegefootball.ap.org/teams/mississippi-state,http://collegefootball.ap.org/teams/florida,http://collegefootball.ap.org/teams/utah,http://collegefootball.ap.org/teams/notre-dame,http://collegefootball.ap.org/teams/west-virginia,http://collegefootball.ap.org/teams/lsu
tom-murphy,http://collegefootball.ap.org/teams/alabama,http://collegefootball.ap.org/teams/clemson,http://collegefootball.ap.org/teams/oklahoma,http://collegefootball.ap.org/teams/usc,http://collegefootball.ap.org/teams/penn-state,http://collegefootball.ap.org/teams/washington,http://collegefootball.ap.org/teams/michigan,http://collegefootball.ap.org/teams/ohio-state,http://collegefootball.ap.org/teams/georgia,http://collegefootball.ap.org/teams/wisconsin,http://collegefootball.ap.org/teams/tcu,http://collegefootball.ap.org/teams/virginia-tech,http://collegefootball.ap.org/teams/miami-fl,http://collegefootball.ap.org/teams/auburn,http://collegefootball.ap.org/teams/oklahoma-state,http://collegefootball.ap.org/teams/washington-state,http://collegefootball.ap.org/teams/louisville,http://collegefootball.ap.org/teams/mississippi-state,http://collegefootball.ap.org/teams/south-florida,http://collegefootball.ap.org/teams/san-diego-state,http://collegefootball.ap.org/teams/utah,http://collegefootball.ap.org/teams/florida,http://collegefootball.ap.org/teams/west-virginia,http://collegefootball.ap.org/teams/ucf,http://collegefootball.ap.org/teams/duke
tony-parks,http://collegefootball.ap.org/teams/clemson,http://collegefootball.ap.org/teams/alabama,http://collegefootball.ap.org/teams/oklahoma,http://collegefootball.ap.org/teams/penn-state,http://collegefootball.ap.org/teams/usc,http://collegefootball.ap.org/teams/georgia,http://collegefootball.ap.org/teams/tcu,http://collegefootball.ap.org/teams/washington,http://collegefootball.ap.org/teams/wisconsin,http://collegefootball.ap.org/teams/ohio-state,http://collegefootball.ap.org/teams/michigan,http://collegefootball.ap.org/teams/virginia-tech,http://collegefootball.ap.org/teams/auburn,http://collegefootball.ap.org/teams/oklahoma-state,http://collegefootball.ap.org/teams/miami-fl,http://collegefootball.ap.org/teams/washington-state,http://collegefootball.ap.org/teams/louisville,http://collegefootball.ap.org/teams/san-diego-state,http://collegefootball.ap.org/teams/notre-dame,http://collegefootball.ap.org/teams/utah,http://collegefootball.ap.org/teams/duke,http://collegefootball.ap.org/teams/west-virginia,http://collegefootball.ap.org/teams/south-florida,http://collegefootball.ap.org/teams/memphis,http://collegefootball.ap.org/teams/north-carolina-state
